Date,Open,High,Low,Close,Adj Close,Volume
2010-01-04,22.900000,23.020000,22.860001,22.900000,17.961119,720900
2010-01-05,23.010000,23.040001,22.770000,22.790001,17.874846,4531000
2010-01-06,22.850000,22.969999,22.780001,22.930000,17.984648,486500
2010-01-07,22.799999,22.809999,22.620001,22.770000,17.859161,504800
2010-01-08,22.770000,23.000000,22.709999,22.799999,17.882689,523700
2010-01-11,23.170000,23.230000,23.059999,23.160000,18.165049,575000
2010-01-12,22.760000,22.850000,22.620001,22.760000,17.851318,1167800
2010-01-13,22.930000,22.990000,22.719999,22.940001,17.992495,749100
2010-01-14,22.870001,23.010000,22.799999,22.969999,18.016024,447500
2010-01-15,22.600000,22.660000,22.250000,22.440001,17.600334,1869900
2010-01-19,22.309999,22.670000,22.309999,22.590000,17.717979,1653800
2010-01-20,22.200001,22.200001,21.730000,21.920000,17.192482,1060100
2010-01-21,21.910000,21.959999,21.139999,21.250000,16.666979,1329100
2010-01-22,21.190001,21.340000,20.780001,20.860001,16.361092,1213500
2010-01-25,21.200001,21.270000,20.990000,21.080000,16.533646,1080400
2010-01-26,21.000000,21.190001,20.860001,21.010000,16.478739,3545500
2010-01-27,20.969999,21.020000,20.750000,20.969999,16.447369,1330500
2010-01-28,20.940001,20.940001,20.379999,20.580000,16.141478,805900
2010-01-29,20.580000,20.760000,20.250000,20.340000,15.953240,1155000
2010-02-01,20.590000,20.799999,20.590000,20.700001,16.235600,851400
2010-02-02,20.910000,21.090000,20.830000,21.000000,16.470896,5764800
2010-02-03,20.950001,21.049999,20.730000,20.850000,16.353249,926300
2010-02-04,20.420000,20.490000,19.940001,20.000000,15.686570,1572300
2010-02-05,19.799999,19.860001,19.270000,19.700001,15.451272,3807300
2010-02-08,19.650000,19.870001,19.510000,19.530001,15.317936,739400
2010-02-09,19.930000,20.309999,19.730000,20.120001,15.780692,1163400
2010-02-10,20.080000,20.129999,19.840000,20.049999,15.725784,2057900
2010-02-11,19.750000,20.090000,19.559999,20.030001,15.710100,2934500
2010-02-12,19.660000,19.840000,19.500000,19.770000,15.506175,1386300
2010-02-16,19.910000,20.340000,19.850000,20.330000,15.945397,1244300
2010-02-17,20.379999,20.450001,20.200001,20.290001,15.914024,1805200
2010-02-18,20.270000,20.459999,20.219999,20.330000,15.945397,526800
2010-02-19,20.240000,20.469999,20.160000,20.379999,15.984613,557400
2010-02-22,20.530001,20.530001,20.320000,20.389999,15.992459,615100
2010-02-23,20.200001,20.219999,19.879999,19.980000,15.670883,895700
2010-02-24,20.000000,20.190001,19.889999,20.010000,15.694415,1826600
2010-02-25,19.639999,19.930000,19.570000,19.930000,15.631668,691200
2010-02-26,19.900000,20.170000,19.740000,20.049999,15.725784,2686300
2010-03-01,20.209999,20.410000,20.129999,20.320000,15.937554,1936500
2010-03-02,20.600000,20.719999,20.469999,20.629999,16.180696,783800
2010-03-03,20.799999,21.059999,20.780001,20.840000,16.345404,2130400
2010-03-04,20.920000,20.959999,20.670000,20.790001,16.306189,1611300
2010-03-05,20.930000,21.160000,20.870001,21.110001,16.557177,1493700
2010-03-08,21.160000,21.219999,21.040001,21.059999,16.517956,1399600
2010-03-09,20.900000,21.150000,20.860001,21.030001,16.494429,1756200
2010-03-10,21.129999,21.400000,21.120001,21.280001,16.690510,524900
2010-03-11,21.320000,21.430000,21.219999,21.420000,16.800318,1005200
2010-03-12,21.590000,21.600000,21.440001,21.549999,16.902279,347300
2010-03-15,21.459999,21.469999,21.200001,21.370001,16.761099,410000
2010-03-16,21.510000,21.690001,21.430000,21.670000,16.996397,477500
2010-03-17,21.799999,21.870001,21.730000,21.780001,17.082674,1140800
2010-03-18,21.700001,21.760000,21.440001,21.600000,16.941496,437800
2010-03-19,21.350000,21.520000,21.190001,21.350000,16.745417,447200
2010-03-22,21.000000,21.410000,20.980000,21.389999,16.776783,419800
2010-03-23,21.389999,21.510000,21.270000,21.480000,16.847376,646400
2010-03-24,21.160000,21.260000,21.049999,21.190001,16.619921,2120000
2010-03-25,21.469999,21.620001,21.340000,21.340000,16.737572,1235500
2010-03-26,21.530001,21.680000,21.459999,21.590000,16.933651,1515400
2010-03-29,21.750000,21.860001,21.700001,21.840000,17.129736,492400
2010-03-30,21.889999,21.889999,21.650000,21.780001,17.082674,612800
2010-03-31,21.799999,21.959999,21.740000,21.870001,17.153267,1708000
2010-04-01,22.100000,22.309999,22.080000,22.230000,17.435623,1047000
2010-04-05,22.260000,22.340000,22.160000,22.260000,17.459150,1723400
2010-04-06,21.900000,22.129999,21.889999,22.129999,17.357191,2170700
2010-04-07,21.940001,21.990000,21.799999,21.910000,17.184639,1324400
2010-04-08,21.580000,21.870001,21.540001,21.870001,17.153267,1506800
2010-04-09,21.920000,22.230000,21.910000,22.170000,17.388559,1063200
2010-04-12,22.340000,22.430000,22.280001,22.360001,17.537582,716000
2010-04-13,22.350000,22.389999,22.129999,22.370001,17.545425,682700
2010-04-14,22.530001,22.660000,22.430000,22.629999,17.749353,1416800
2010-04-15,22.440001,22.590000,22.389999,22.580000,17.710136,3449800
2010-04-16,22.370001,22.459999,21.930000,22.110001,17.341503,1138200
2010-04-19,21.850000,22.030001,21.780001,22.000000,17.255228,1133400
2010-04-20,22.260000,22.280001,22.170000,22.260000,17.459150,663500
2010-04-21,22.120001,22.190001,21.950001,22.110001,17.341503,971800
2010-04-22,21.730000,21.910000,21.540001,21.910000,17.184639,1115900
2010-04-23,21.910000,22.209999,21.879999,22.150000,17.372877,842000
2010-04-26,22.209999,22.330000,22.170000,22.260000,17.459150,480400
2010-04-27,21.930000,22.160000,21.219999,21.299999,16.706196,1354600
2010-04-28,21.360001,21.389999,20.920000,21.200001,16.627764,2938400
2010-04-29,21.370001,21.510000,21.299999,21.469999,16.839531,2249000
2010-04-30,21.570000,21.680000,21.320000,21.389999,16.776783,2910500
2010-05-03,21.410000,21.570000,21.350000,21.500000,16.863062,2118700
2010-05-04,20.870001,20.900000,20.520000,20.590000,16.149324,1296200
2010-05-05,20.080000,20.389999,20.000000,20.049999,15.725784,3995900
2010-05-06,19.950001,21.600000,18.580000,19.320000,15.153229,4486200
2010-05-07,19.450001,19.660000,18.770000,19.180000,15.043420,5636500
2010-05-10,20.330000,20.469999,20.049999,20.190001,15.835595,3900000
2010-05-11,19.770000,20.430000,19.770000,20.139999,15.796375,2284700
2010-05-12,20.549999,20.760000,20.500000,20.620001,16.172853,2454100
2010-05-13,20.620001,20.799999,20.450001,20.450001,16.039515,1955100
2010-05-14,20.270000,20.320000,19.580000,19.809999,15.537547,2300800
2010-05-17,19.910000,20.080000,19.389999,19.920000,15.623821,8642400
2010-05-18,20.170000,20.209999,19.500000,19.620001,15.388523,9374700
2010-05-19,19.450001,19.709999,19.270000,19.660000,15.419895,5600200
2010-05-20,19.020000,19.459999,18.680000,19.090000,14.972830,4447600
2010-05-21,18.760000,19.299999,18.709999,19.240000,15.090479,3851300
2010-05-24,18.889999,19.020000,18.690001,18.760000,14.714005,2236100
2010-05-25,18.100000,18.590000,17.969999,18.580000,14.572821,3775600
2010-05-26,18.590000,18.780001,18.219999,18.290001,14.345367,3469200
2010-05-27,18.930000,19.400000,18.850000,19.379999,15.200285,2605400
2010-05-28,19.350000,19.430000,19.030001,19.150000,15.019893,1989700
2010-06-01,18.809999,19.490000,18.790001,19.000000,14.902241,2874100
2010-06-02,19.090000,19.420000,18.959999,19.400000,15.215969,3568000
2010-06-03,19.559999,19.610001,19.240000,19.389999,15.208128,12235200
2010-06-04,18.770000,18.930000,18.430000,18.510000,14.517919,5453900
2010-06-07,18.559999,18.670000,18.309999,18.330000,14.376743,5196300
2010-06-08,18.320000,18.570000,18.139999,18.480000,14.494389,2553000
2010-06-09,18.770000,18.990000,18.530001,18.620001,14.604197,3632800
2010-06-10,19.190001,19.389999,19.100000,19.370001,15.192444,2021500
2010-06-11,19.070000,19.379999,19.049999,19.340000,15.168912,1488400
2010-06-14,19.680000,19.809999,19.490000,19.500000,15.294405,1701200
2010-06-15,19.870001,20.170000,19.809999,20.139999,15.796375,1697400
2010-06-16,19.879999,20.100000,19.850000,20.049999,15.725784,3352800
2010-06-17,20.230000,20.270000,20.020000,20.230000,15.866961,2430700
2010-06-18,20.240000,20.330000,20.100000,20.219999,15.859122,2141200
2010-06-21,20.469999,20.510000,20.129999,20.240000,15.874807,2097700
2010-06-22,20.230000,20.299999,19.980000,20.070000,15.741471,1586000
2010-06-23,19.820000,19.959999,19.549999,19.820000,15.769318,2211300
2010-06-24,19.700001,19.719999,19.410000,19.600000,15.594280,1057000
2010-06-25,19.370001,19.570000,19.190001,19.570000,15.570413,2048900
2010-06-28,19.610001,19.940001,19.370001,19.500000,15.514718,1503300
2010-06-29,19.020000,19.020000,18.670000,18.809999,14.965737,1894700
2010-06-30,18.820000,19.000000,18.660000,18.709999,14.886170,5453300
2010-07-01,19.020000,19.100000,18.740000,19.030001,15.140776,2857700
2010-07-02,19.080000,19.219999,18.790001,18.879999,15.021427,1951200
2010-07-06,19.450001,19.590000,19.190001,19.280001,15.339686,2739700
2010-07-07,19.320000,19.770000,19.290001,19.740000,15.705670,3217700
2010-07-08,19.820000,19.900000,19.670000,19.850000,15.793185,6034500
2010-07-09,19.750000,19.910000,19.709999,19.870001,15.809097,1771100
2010-07-12,19.760000,19.870001,19.670000,19.799999,15.753407,1497100
2010-07-13,20.150000,20.370001,20.150000,20.340000,16.183043,4706600
2010-07-14,20.240000,20.510000,20.219999,20.389999,16.222828,3529800
2010-07-15,20.670000,20.690001,20.360001,20.620001,16.405821,2743900
2010-07-16,20.570000,20.570000,20.070000,20.120001,16.008009,2156900
2010-07-19,20.280001,20.389999,20.080000,20.209999,16.079615,2171500
2010-07-20,19.700001,20.090000,19.690001,20.040001,15.944356,5351800
2010-07-21,20.040001,20.040001,19.580000,19.670000,15.649973,2865600
2010-07-22,20.240000,20.549999,20.240000,20.450001,16.270559,3387700
2010-07-23,20.440001,20.719999,20.330000,20.650000,16.429688,1107700
2010-07-26,20.629999,20.850000,20.559999,20.840000,16.580856,3180000
2010-07-27,21.000000,21.010000,20.740000,20.910000,16.636551,1899300
2010-07-28,20.709999,20.840000,20.670000,20.690001,16.461515,2425400
2010-07-29,21.030001,21.110001,20.570000,20.700001,16.469471,1448500
2010-07-30,20.459999,20.830000,20.389999,20.740000,16.501297,922300
2010-08-02,21.240000,21.469999,21.190001,21.430000,17.050278,2189600
2010-08-03,21.500000,21.610001,21.360001,21.500000,17.105972,3202000
2010-08-04,21.590000,21.700001,21.450001,21.600000,17.185535,2461900
2010-08-05,21.590000,21.680000,21.469999,21.670000,17.241228,1589100
2010-08-06,21.540001,21.770000,21.480000,21.709999,17.273056,2096400
2010-08-09,21.780001,21.780001,21.650000,21.750000,17.304876,1404400
2010-08-10,21.260000,21.580000,21.139999,21.500000,17.105972,2165900
2010-08-11,20.660000,20.670000,20.420000,20.459999,16.278521,2766500
2010-08-12,20.190001,20.379999,20.190001,20.299999,16.151218,2510200
2010-08-13,20.180000,20.290001,20.090000,20.129999,16.015961,1506900
2010-08-16,20.120001,20.309999,20.049999,20.219999,16.087570,1101200
2010-08-17,20.549999,20.680000,20.430000,20.559999,16.358086,2134800
2010-08-18,20.650000,20.670000,20.430000,20.559999,16.358086,1301900
2010-08-19,20.549999,20.549999,20.020000,20.129999,16.015961,1336300
2010-08-20,19.790001,19.790001,19.600000,19.719999,15.689756,2090600
2010-08-23,19.740000,19.860001,19.580000,19.629999,15.618150,1525900
2010-08-24,19.340000,19.450001,19.129999,19.360001,15.403336,1290300
2010-08-25,19.170000,19.389999,19.090000,19.330000,15.379462,1218900
2010-08-26,19.440001,19.570000,19.230000,19.280001,15.339686,2097400
2010-08-27,19.520000,19.650000,19.160000,19.620001,15.610192,1715500
2010-08-30,19.410000,19.440001,19.209999,19.209999,15.283985,913300
2010-08-31,19.260000,19.480000,19.219999,19.309999,15.363550,1062700
2010-09-01,19.870001,20.180000,19.850000,20.080000,15.976179,1787600
2010-09-02,20.160000,20.240000,20.100000,20.230000,16.095522,888100
2010-09-03,20.450001,20.549999,20.320000,20.480000,16.294434,755900
2010-09-07,20.190001,20.200001,20.020000,20.059999,15.960269,801200
2010-09-08,20.190001,20.370001,20.150000,20.170000,16.047791,1310100
2010-09-09,20.510000,20.549999,20.260000,20.330000,16.175087,950500
2010-09-10,20.430000,20.500000,20.370001,20.430000,16.254652,747100
2010-09-13,20.860001,20.910000,20.780001,20.840000,16.580856,1617700
2010-09-14,20.840000,21.180000,20.730000,21.080000,16.771809,1139600
2010-09-15,21.020000,21.170000,20.930000,21.129999,16.811590,1131800
2010-09-16,21.180000,21.240000,21.100000,21.209999,16.875238,1019100
2010-09-17,21.200001,21.209999,20.920000,21.010000,16.716112,423200
2010-09-20,21.090000,21.389999,21.040001,21.350000,16.986631,1082300
2010-09-21,21.500000,21.740000,21.320000,21.549999,17.145754,1425700
2010-09-22,21.660000,21.780001,21.490000,21.610001,17.193489,754800
2010-09-23,21.290001,21.420000,21.150000,21.260000,16.915022,1767600
2010-09-24,21.760000,22.059999,21.740000,22.030001,17.527655,1238000
2010-09-27,22.000000,22.000000,21.860001,21.910000,17.432180,957700
2010-09-28,21.940001,22.110001,21.620001,22.090000,17.575396,992600
2010-09-29,22.049999,22.129999,21.900000,22.049999,17.543566,1447600
2010-09-30,22.209999,22.350000,21.850000,22.000000,17.503786,914800
2010-10-01,22.290001,22.350000,22.020000,22.209999,17.670866,846400
2010-10-04,21.889999,21.969999,21.650000,21.760000,17.312834,1982600
2010-10-05,22.100000,22.450001,22.059999,22.350000,17.782251,1262000
2010-10-06,22.520000,22.620001,22.440001,22.600000,17.981163,1176100
2010-10-07,22.820000,22.830000,22.379999,22.559999,17.949335,947900
2010-10-08,22.629999,22.740000,22.540001,22.690001,18.052767,953800
2010-10-11,22.750000,22.799999,22.590000,22.650000,18.020941,1619500
2010-10-12,22.629999,22.830000,22.370001,22.760000,18.108463,1425600
2010-10-13,23.139999,23.360001,23.080000,23.209999,18.466492,1406400
2010-10-14,23.469999,23.580000,23.410000,23.540001,18.729052,927600
2010-10-15,23.670000,23.700001,23.350000,23.500000,18.697224,1718400
2010-10-18,23.459999,23.750000,23.400000,23.750000,18.896128,901900
2010-10-19,23.200001,23.270000,22.900000,23.010000,18.307371,1659200
2010-10-20,23.240000,23.670000,23.219999,23.590000,18.768833,2321900
2010-10-21,23.820000,24.020000,23.620001,23.770000,18.912043,2973300
2010-10-22,23.870001,23.900000,23.770000,23.840000,18.967737,1653500
2010-10-25,24.110001,24.230000,23.980000,24.030001,19.118904,4592800
2010-10-26,23.700001,23.820000,23.610001,23.809999,18.943871,2304200
2010-10-27,23.620001,23.680000,23.360001,23.540001,18.729052,762100
2010-10-28,23.830000,23.860001,23.660000,23.820000,18.951822,873200
2010-10-29,23.770000,23.889999,23.680000,23.830000,18.959782,1428800
2010-11-01,23.850000,23.940001,23.559999,23.700001,18.856348,1337600
2010-11-02,24.150000,24.219999,24.059999,24.170000,19.230293,2111400
2010-11-03,24.170000,24.370001,23.910000,24.299999,19.333731,1353500
2010-11-04,24.730000,24.920000,24.700001,24.780001,19.715628,1678800
2010-11-05,24.620001,24.730000,24.469999,24.570000,19.548548,1873600
2010-11-08,24.330000,24.410000,24.209999,24.400000,19.413290,2552400
2010-11-09,24.549999,24.580000,24.020000,24.129999,19.198465,1162600
2010-11-10,24.080000,24.129999,23.660000,24.080000,19.158689,2415500
2010-11-11,23.850000,23.870001,23.719999,23.820000,18.951822,5687100
2010-11-12,23.889999,24.049999,23.670000,23.770000,18.912043,3889800
2010-11-15,23.980000,24.030001,23.780001,23.799999,18.935911,1455900
2010-11-16,23.670000,23.700001,23.150000,23.270000,18.514231,1627300
2010-11-17,23.370001,23.520000,23.330000,23.410000,18.625620,1251200
2010-11-18,23.930000,24.110001,23.900000,24.110001,19.182558,1793700
2010-11-19,24.090000,24.299999,23.969999,24.270000,19.309855,3422500
2010-11-22,24.070000,24.200001,23.860001,24.139999,19.206427,1957400
2010-11-23,23.530001,23.580000,23.200001,23.240000,18.490362,3426100
2010-11-24,23.570000,23.709999,23.530001,23.610001,18.784746,971500
2010-11-26,23.400000,23.549999,23.360001,23.450001,18.657444,691800
2010-11-29,22.850000,23.010000,22.670000,22.940001,18.251675,21242100
2010-11-30,22.440001,22.709999,22.389999,22.530001,17.925467,3940700
2010-12-01,23.209999,23.490000,23.139999,23.400000,18.617664,2857300
2010-12-02,23.389999,23.920000,23.350000,23.870001,18.991610,1608400
2010-12-03,24.020000,24.270000,23.990000,24.240000,19.285986,1620100
2010-12-06,24.010000,24.110001,23.920000,24.070000,19.150730,1549400
2010-12-07,24.459999,24.480000,24.080000,24.080000,19.158689,1468100
2010-12-08,24.020000,24.150000,23.870001,24.030001,19.118904,6830800
2010-12-09,23.980000,23.990000,23.730000,23.950001,19.055258,1875300
2010-12-10,24.020000,24.090000,23.910000,24.059999,19.142773,5651100
2010-12-13,24.280001,24.520000,24.250000,24.410000,19.421244,2383500
2010-12-14,24.430000,24.530001,24.340000,24.400000,19.413290,986600
2010-12-15,24.209999,24.350000,23.950001,23.980000,19.079126,9271700
2010-12-16,24.059999,24.129999,23.940001,24.100000,19.174603,2438000
2010-12-17,24.030001,24.049999,23.799999,23.969999,19.071167,4057600
2010-12-20,24.120001,24.120001,23.860001,23.959999,19.063210,857000
2010-12-21,24.180000,24.200001,24.020000,24.070000,19.150730,1390800
2010-12-22,24.080000,24.100000,24.010000,24.040001,19.126862,3130000
2010-12-23,23.950001,24.059999,23.930000,24.040001,19.126862,1262500
2010-12-27,23.790001,23.850000,23.690001,23.850000,18.975695,906200
2010-12-28,23.910000,23.910000,23.700001,23.770000,18.912043,2155900
2010-12-29,23.860001,24.040001,23.820000,23.969999,19.071167,1440600
2010-12-30,23.900000,23.959999,23.600000,23.770000,18.912043,2139300
2010-12-31,23.889999,24.010000,23.799999,23.940001,19.047300,1474400
2011-01-03,24.219999,24.320000,24.190001,24.190001,19.246208,2785600
2011-01-04,24.420000,24.430000,24.030001,24.139999,19.206427,2460600
2011-01-05,23.540001,23.820000,23.520000,23.780001,18.920000,2671800
2011-01-06,23.930000,23.930000,23.520000,23.559999,18.744965,1586400
2011-01-07,23.590000,23.629999,23.200001,23.340000,18.569923,1709600
2011-01-10,23.049999,23.139999,22.900000,23.100000,18.378973,2022500
2011-01-11,23.260000,23.440001,23.190001,23.410000,18.625620,1481200
2011-01-12,23.860001,24.160000,23.799999,24.160000,19.222342,1468700
2011-01-13,24.430000,24.549999,24.320000,24.400000,19.413290,3521600
2011-01-14,24.379999,24.660000,24.370001,24.629999,19.596283,1588900
2011-01-18,24.830000,24.940001,24.719999,24.799999,19.731537,1570200
2011-01-19,24.969999,24.980000,24.639999,24.760000,19.699717,1481300
2011-01-20,24.510000,24.660000,24.360001,24.620001,19.588326,1382700
2011-01-21,24.920000,24.980000,24.760000,24.910000,19.819057,2026000
2011-01-24,24.660000,25.030001,24.660000,25.030001,19.914536,1606100
2011-01-25,24.950001,25.059999,24.799999,25.059999,19.938402,3471800
2011-01-26,25.240000,25.360001,25.160000,25.330000,20.153221,3079500
2011-01-27,25.480000,25.549999,25.350000,25.490000,20.280523,1558800
2011-01-28,25.410000,25.490000,24.910000,25.000000,19.890665,2033800
2011-01-31,25.160000,25.240000,25.070000,25.170000,20.025917,2545100
2011-02-01,25.500000,25.760000,25.450001,25.700001,20.447607,11127800
2011-02-02,25.570000,25.660000,25.520000,25.639999,20.399866,1178100
2011-02-03,25.430000,25.459999,25.219999,25.440001,20.240742,1619700
2011-02-04,25.309999,25.400000,25.170000,25.389999,20.200960,2089400
2011-02-07,25.410000,25.600000,25.389999,25.590000,20.360085,1588800
2011-02-08,25.770000,25.950001,25.670000,25.889999,20.598776,4656900
2011-02-09,25.940001,26.150000,25.889999,26.150000,20.805634,15604000
2011-02-10,25.700001,25.920000,25.600000,25.879999,20.590818,8992900
2011-02-11,25.660000,25.959999,25.650000,25.940001,20.638552,4710200
2011-02-14,25.770000,25.920000,25.719999,25.910000,20.614687,2757100
2011-02-15,25.910000,25.940001,25.770000,25.790001,20.519209,1627000
2011-02-16,25.850000,26.080000,25.840000,26.070000,20.741985,2351100
2011-02-17,25.900000,26.090000,25.900000,26.059999,20.734030,1618000
2011-02-18,26.129999,26.299999,26.070000,26.260000,20.893158,979900
2011-02-22,25.879999,26.030001,25.620001,25.680000,20.431694,2108900
2011-02-23,25.629999,25.730000,25.360001,25.459999,20.256653,3533700
2011-02-24,25.400000,25.520000,25.219999,25.379999,20.192999,1536000
2011-02-25,25.480000,25.620001,25.450001,25.549999,20.328257,2077600
2011-02-28,26.040001,26.129999,25.889999,26.000000,20.686291,1873600
2011-03-01,26.139999,26.160000,25.530001,25.549999,20.328257,2356800
2011-03-02,25.650000,25.860001,25.650000,25.770000,20.503294,1476900
2011-03-03,26.200001,26.270000,25.959999,26.260000,20.893158,1958100
2011-03-04,26.230000,26.230000,25.770000,25.950001,20.646511,5147600
2011-03-07,26.200001,26.299999,25.719999,25.840000,20.558990,5075800
2011-03-08,25.530001,25.840000,25.400000,25.799999,20.527163,2246600
2011-03-09,25.790001,25.840000,25.600000,25.670000,20.423735,1807800
2011-03-10,25.240000,25.260000,25.020000,25.080000,19.954317,2892900
2011-03-11,24.940001,25.200001,24.889999,25.170000,20.025917,2034500
2011-03-14,24.840000,24.930000,24.709999,24.879999,19.795189,6795900
2011-03-15,23.469999,24.160000,23.379999,24.059999,19.142773,10626500
2011-03-16,24.010000,24.110001,23.020000,23.200001,18.458538,6989000
2011-03-17,24.150000,24.270000,24.020000,24.080000,19.158689,5136600
2011-03-18,24.690001,24.740000,24.290001,24.379999,19.397373,3649900
2011-03-21,24.980000,25.150000,24.889999,25.090000,19.962273,2030500
2011-03-22,25.049999,25.090000,24.840000,24.920000,19.827015,2838800
2011-03-23,24.680000,24.950001,24.600000,24.850000,19.771322,10365600
2011-03-24,25.250000,25.530001,25.180000,25.500000,20.288481,4062400
2011-03-25,25.340000,25.540001,25.280001,25.330000,20.153221,5732500
2011-03-28,25.309999,25.459999,25.260000,25.270000,20.105482,2273100
2011-03-29,25.129999,25.410000,25.000000,25.379999,20.192999,3902100
2011-03-30,25.680000,25.879999,25.650000,25.799999,20.527163,3410600
2011-03-31,25.870001,25.990000,25.830000,25.950001,20.646511,2131000
2011-04-01,26.129999,26.440001,25.990000,26.379999,20.988632,2115500
2011-04-04,26.510000,26.540001,26.309999,26.420000,21.020456,4505000
2011-04-05,26.139999,26.480000,26.120001,26.350000,20.964760,3942800
2011-04-06,26.650000,26.820000,26.620001,26.750000,21.283014,1752300
2011-04-07,26.600000,26.750000,26.480000,26.680000,21.227316,11435900
2011-04-08,26.950001,26.959999,26.750000,26.870001,21.378487,12277200
2011-04-11,26.850000,26.930000,26.740000,26.799999,21.322794,10717700
2011-04-12,26.670000,26.700001,26.430000,26.590000,21.155712,11353700
2011-04-13,26.870001,26.940001,26.610001,26.730000,21.267096,10417900
2011-04-14,26.500000,26.850000,26.400000,26.830000,21.346659,17180200
2011-04-15,26.680000,26.770000,26.590000,26.719999,21.259138,5597700
2011-04-18,25.950001,26.010000,25.549999,25.889999,20.598776,5367700
2011-04-19,26.030001,26.139999,25.930000,26.110001,20.773811,1877700
2011-04-20,27.059999,27.209999,27.020000,27.170000,21.617174,2830000
2011-04-21,27.340000,27.420000,27.250000,27.389999,21.792210,1390100
2011-04-25,27.469999,27.490000,27.260000,27.430000,21.824038,3343900
2011-04-26,27.610001,27.840000,27.549999,27.830000,22.142288,4000000
2011-04-27,28.070000,28.490000,27.879999,28.430000,22.619659,7235700
2011-04-28,28.440001,28.680000,28.400000,28.650000,22.794703,4341500
2011-04-29,28.719999,28.860001,28.700001,28.780001,22.898132,3910600
2011-05-02,29.010000,29.049999,28.700001,28.730000,22.858351,3285700
2011-05-03,28.580000,28.799999,28.480000,28.600000,22.754921,2914200
2011-05-04,28.680000,28.700001,28.129999,28.219999,22.452579,5025500
2011-05-05,27.780001,27.870001,27.389999,27.530001,21.903603,2658100
2011-05-06,27.940001,28.040001,27.290001,27.469999,21.855860,6863200
2011-05-09,27.360001,27.540001,27.139999,27.500000,21.879732,2796400
2011-05-10,27.719999,27.930000,27.639999,27.889999,22.190023,3017400
2011-05-11,27.660000,27.700001,27.139999,27.290001,21.712650,4406400
2011-05-12,27.080000,27.510000,26.860001,27.379999,21.784256,2548300
2011-05-13,27.230000,27.270000,26.620001,26.790001,21.314837,2914200
2011-05-16,26.680000,27.120001,26.610001,26.740000,21.275055,3554800
2011-05-17,26.510000,26.690001,26.309999,26.660000,21.211403,13220400
2011-05-18,26.650000,26.950001,26.559999,26.879999,21.386440,2038100
2011-05-19,27.110001,27.240000,26.879999,27.150000,21.601261,3376300
2011-05-20,26.809999,26.830000,26.320000,26.400000,21.004539,3096000
2011-05-23,25.660000,25.850000,25.580000,25.730000,20.471470,4993300
2011-05-24,26.040001,26.139999,25.799999,25.889999,20.598776,4048500
2011-05-25,25.740000,26.110001,25.719999,26.020000,20.702206,1872100
2011-05-26,26.020000,26.129999,25.690001,26.090000,20.757898,3813200
2011-05-27,26.170000,26.389999,26.110001,26.299999,20.924978,2015400
2011-05-31,27.100000,27.180000,26.889999,27.150000,21.601261,2649700
2011-06-01,27.040001,27.059999,26.350000,26.389999,20.996586,5192800
2011-06-02,26.580000,26.650000,26.240000,26.540001,21.115932,7913000
2011-06-03,26.400000,26.969999,26.370001,26.820000,21.338705,1931700
2011-06-06,26.760000,26.809999,26.420000,26.430000,21.028412,1216100
2011-06-07,26.900000,27.020000,26.730000,26.740000,21.275055,1503900
2011-06-08,26.510000,26.629999,26.370001,26.440001,21.036371,2256400
2011-06-09,26.500000,26.889999,26.410000,26.840000,21.354618,2682100
2011-06-10,26.610001,26.639999,26.000000,26.090000,20.757898,3333000
2011-06-13,26.190001,26.400000,26.020000,26.219999,20.861328,3153000
2011-06-14,26.740000,26.930000,26.730000,26.790001,21.314837,2160600
2011-06-15,26.150000,26.280001,25.809999,25.900000,20.606730,3624600
2011-06-16,25.690001,25.950001,25.629999,25.860001,20.574903,1924900
2011-06-17,26.480000,26.500000,26.200001,26.290001,20.917023,3399600
2011-06-20,26.100000,26.410000,26.070000,26.370001,20.980677,3651700
2011-06-21,26.639999,27.129999,26.620001,27.070000,21.537609,3710900
2011-06-22,26.250000,26.480000,26.110001,26.139999,21.328728,3165400
2011-06-23,25.490000,25.830000,25.270000,25.830000,21.075788,6010500
2011-06-24,25.700001,25.730000,25.299999,25.360001,20.692295,3013700
2011-06-27,25.299999,25.670000,25.250000,25.629999,20.912598,2320000
2011-06-28,25.610001,26.000000,25.570000,25.990000,21.206339,2506600
2011-06-29,26.260000,26.510000,26.090000,26.420000,21.557196,4891400
2011-06-30,26.570000,26.950001,26.530001,26.889999,21.940685,5115100
2011-07-01,26.860001,27.200001,26.750000,27.139999,22.144670,3746900
2011-07-05,27.129999,27.190001,26.910000,26.950001,21.989645,2291900
2011-07-06,26.730000,26.850000,26.570000,26.799999,21.867254,2129500
2011-07-07,26.900000,27.129999,26.850000,27.070000,22.087557,3540700
2011-07-08,26.760000,26.850000,26.430000,26.639999,21.736702,5011300
2011-07-11,25.660000,25.750000,25.320000,25.410000,20.733091,5438100
2011-07-12,25.180000,25.480000,25.110001,25.160000,20.529104,6910100
2011-07-13,25.490000,25.959999,25.469999,25.680000,20.953398,7159700
2011-07-14,25.860001,25.990000,25.420000,25.490000,20.798368,3005700
2011-07-15,25.730000,25.850000,25.440001,25.690001,20.961554,2850200
2011-07-18,25.330000,25.389999,24.990000,25.299999,20.643339,4218400
2011-07-19,25.570000,25.799999,25.530001,25.670000,20.945238,5371200
2011-07-20,25.760000,25.850000,25.559999,25.809999,21.059471,2823400
2011-07-21,26.129999,26.500000,26.059999,26.379999,21.524559,5659100
2011-07-22,26.420000,26.480000,26.160000,26.469999,21.597990,2164800
2011-07-25,26.370001,26.629999,26.299999,26.559999,21.671427,8836400
2011-07-26,26.690001,26.860001,26.549999,26.770000,21.842773,3837100
2011-07-27,26.530001,26.530001,25.930000,25.969999,21.190022,4547400
2011-07-28,25.580000,25.860001,25.540001,25.610001,20.896282,3034100
2011-07-29,25.570000,25.980000,25.459999,25.719999,20.986031,2505900
2011-08-01,25.830000,25.870001,24.530001,24.980000,20.382236,8708800
2011-08-02,24.459999,24.740000,23.889999,23.910000,19.509178,6665900
2011-08-03,24.139999,24.160000,23.420000,24.110001,19.672369,7832200
2011-08-04,23.280001,23.370001,22.110001,22.170000,18.089439,14019900
2011-08-05,22.850000,22.900000,21.680000,22.639999,18.472931,9476900
2011-08-08,21.400000,21.700001,20.309999,20.330000,16.588104,16353100
2011-08-09,21.209999,21.549999,20.340000,21.540001,17.575397,13295000
2011-08-10,20.959999,20.969999,19.740000,20.010000,16.327005,11211600
2011-08-11,20.070000,21.320000,20.020000,20.990000,17.126627,7734400
2011-08-12,21.480000,21.740000,21.170000,21.530001,17.567238,5370600
2011-08-15,21.930000,22.160000,21.840000,22.090000,18.024166,2968700
2011-08-16,21.480000,21.959999,21.260000,21.559999,17.591717,9164800
2011-08-17,21.670000,21.930000,21.320000,21.459999,17.510120,4297600
2011-08-18,20.469999,20.480000,19.900000,20.170000,16.457556,6244800
2011-08-19,19.600000,20.320000,19.530001,19.620001,16.008785,7354300
2011-08-22,20.260000,20.270000,19.610001,19.620001,16.008785,3566600
2011-08-23,19.900000,20.410000,19.740000,20.400000,16.645224,5383600
2011-08-24,20.580000,20.889999,20.410000,20.700001,16.890005,3120900
2011-08-25,20.559999,20.709999,19.700001,20.010000,16.327005,10095700
2011-08-26,19.790001,20.379999,19.610001,20.320000,16.579948,4977300
2011-08-29,20.700001,20.940001,20.700001,20.879999,17.036879,2703700
2011-08-30,20.530001,20.770000,20.260000,20.680000,16.873690,5525800
2011-08-31,20.990000,21.330000,20.790001,20.920000,17.069511,4294400
2011-09-01,20.590000,20.870001,20.400000,20.400000,16.645224,4296000
2011-09-02,19.809999,19.959999,19.700001,19.750000,16.114859,3137700
2011-09-06,18.420000,18.719999,18.260000,18.709999,15.266276,12008600
2011-09-07,19.090000,19.459999,19.010000,19.459999,15.878235,5906000
2011-09-08,18.950001,19.309999,18.760000,18.809999,15.347876,3794000
2011-09-09,18.170000,18.309999,17.760000,17.820000,14.540091,8894500
2011-09-12,17.320000,17.799999,17.230000,17.780001,14.507454,9179100
2011-09-13,17.790001,18.100000,17.680000,18.000000,14.686956,7371000
2011-09-14,18.350000,18.930000,17.910000,18.770000,15.315235,13002900
2011-09-15,19.379999,19.520000,19.139999,19.480000,15.894553,5848000
2011-09-16,19.510000,19.660000,19.180000,19.469999,15.886393,4687700
2011-09-19,18.520000,18.920000,18.370001,18.780001,15.323394,4726800
2011-09-20,19.030001,19.260000,18.809999,18.980000,15.486582,3762100
2011-09-21,18.940001,19.010000,18.270000,18.270000,14.907265,4201800
2011-09-22,17.610001,17.750000,17.299999,17.520000,14.295308,6991000
2011-09-23,17.209999,17.799999,17.150000,17.750000,14.482974,17688000
2011-09-26,18.020000,18.400000,17.660000,18.389999,15.005177,5266400
2011-09-27,19.150000,19.459999,18.980000,19.059999,15.551859,6062000
2011-09-28,19.260000,19.389999,18.660000,18.680000,15.241802,3383100
2011-09-29,19.420000,19.530001,18.900000,19.280001,15.731373,3775600
2011-09-30,18.420000,18.700001,18.260000,18.270000,14.907265,8093600
2011-10-03,17.879999,18.240000,17.450001,17.450001,14.238194,7043200
2011-10-04,17.209999,17.799999,16.959999,17.799999,14.523771,13800000
2011-10-05,18.059999,18.420000,17.889999,18.400000,15.013338,6030000
2011-10-06,18.379999,19.139999,18.270000,19.120001,15.600816,4581200
2011-10-07,19.280001,19.389999,18.850000,18.950001,15.462107,4958800
2011-10-10,19.559999,20.100000,19.530001,20.070000,16.375961,3963200
2011-10-11,19.790001,20.150000,19.740000,20.120001,16.416759,5480700
2011-10-12,20.559999,20.910000,20.490000,20.670000,16.865530,4991000
2011-10-13,20.459999,20.639999,20.200001,20.580000,16.792088,2842700
2011-10-14,20.930000,21.040001,20.650000,20.870001,17.028715,3754000
2011-10-17,20.510000,20.520000,20.040001,20.100000,16.400440,3773200
2011-10-18,20.200001,20.780001,19.930000,20.600000,16.808413,5120200
2011-10-19,20.459999,20.559999,20.100000,20.139999,16.433077,3013500
2011-10-20,20.129999,20.160000,19.700001,20.030001,16.343327,4273500
2011-10-21,20.620001,20.879999,20.600000,20.870001,17.028715,3264800
2011-10-24,20.750000,21.260000,20.730000,21.200001,17.297976,2412200
2011-10-25,21.250000,21.280001,20.760000,20.950001,17.093992,7751300
2011-10-26,21.459999,21.530001,20.629999,21.190001,17.289820,5372000
2011-10-27,22.510000,23.030001,22.290001,22.920000,18.701395,26541500
2011-10-28,22.459999,22.650000,22.389999,22.620001,18.456615,6755000
2011-10-31,21.910000,21.930000,21.190001,21.200001,17.297976,5193900
2011-11-01,19.889999,20.389999,19.780001,20.080000,16.384119,9792500
2011-11-02,20.459999,20.790001,20.350000,20.540001,16.759453,5705500
2011-11-03,21.129999,21.500000,20.670000,21.400000,17.461163,3647900
2011-11-04,20.840000,20.930000,20.480000,20.780001,16.955278,3573500
2011-11-07,20.700001,20.940001,20.420000,20.750000,16.930801,2549100
2011-11-08,21.049999,21.219999,20.629999,21.139999,17.249018,3530000
2011-11-09,19.990000,20.090000,19.530001,19.580000,15.976149,4930100
2011-11-10,20.240000,20.299999,19.799999,20.110001,16.408598,5113500
2011-11-11,20.719999,20.969999,20.700001,20.930000,17.077671,2886900
2011-11-14,20.559999,20.629999,20.230000,20.360001,16.612585,2061700
2011-11-15,20.250000,20.500000,20.080000,20.219999,16.498354,4324900
2011-11-16,19.959999,20.230000,19.730000,19.750000,16.114859,8175200
2011-11-17,19.959999,20.129999,19.440001,19.580000,15.976149,5821300
2011-11-18,19.860001,19.860001,19.559999,19.650000,16.033264,11488100
2011-11-21,19.129999,19.180000,18.900000,19.090000,15.576336,3555300
2011-11-22,18.950001,19.070000,18.730000,18.860001,15.388674,3757800
2011-11-23,18.690001,18.719999,18.270000,18.280001,14.915423,3040200
2011-11-25,18.180000,18.469999,18.129999,18.139999,14.801191,2831600
2011-11-28,19.260000,19.340000,19.059999,19.180000,15.649773,3620700
2011-11-29,19.270000,19.480000,19.180000,19.330000,15.772164,4363300
2011-11-30,20.440001,20.700001,20.400000,20.629999,16.832890,6040400
2011-12-01,20.490000,20.719999,20.330000,20.440001,16.677860,3248000
2011-12-02,20.730000,20.740000,20.309999,20.330000,16.588104,2898700
2011-12-05,20.850000,20.860001,20.330000,20.459999,16.694180,3767500
2011-12-06,20.320000,20.510000,20.219999,20.379999,16.628901,2384400
2011-12-07,20.040001,20.469999,19.870001,20.400000,16.645224,5163100
2011-12-08,19.840000,19.900000,19.480000,19.520000,15.927194,5171800
2011-12-09,19.820000,20.200001,19.799999,20.160000,16.449390,4215200
2011-12-12,19.469999,19.510000,19.070000,19.200001,15.666091,3779800
2011-12-13,19.290001,19.430000,18.650000,18.750000,15.298917,2931800
2011-12-14,18.570000,18.709999,18.459999,18.549999,15.135729,2849500
2011-12-15,18.910000,18.940001,18.580000,18.709999,15.266276,3042700
2011-12-16,18.760000,18.820000,18.450001,18.580000,15.160206,4020500
2011-12-19,18.780001,18.840000,18.309999,18.350000,14.972540,6646600
2011-12-20,19.020000,19.320000,19.010000,19.260000,15.715050,3960900
2011-12-21,19.170000,19.180000,18.900000,19.100000,15.584498,1984000
2011-12-22,19.120001,19.280001,19.059999,19.230000,15.690568,2773900
2011-12-23,19.180000,19.320000,19.139999,19.299999,15.747685,1411500
2011-12-27,19.309999,19.379999,19.280001,19.309999,15.755846,1674000
2011-12-28,19.170000,19.190001,18.700001,18.799999,15.339714,2113200
2011-12-29,18.830000,19.129999,18.760000,19.120001,15.600816,1718400
2011-12-30,19.170000,19.340000,19.120001,19.219999,15.682410,2072100
2012-01-03,20.100000,20.230000,20.049999,20.070000,16.375961,3892700
2012-01-04,19.879999,19.959999,19.719999,19.879999,16.220930,2147900
2012-01-05,19.610001,19.719999,19.490000,19.650000,16.033264,6159100
2012-01-06,19.530001,19.530001,19.200001,19.290001,15.739529,2778600
2012-01-09,19.410000,19.420000,19.170000,19.370001,15.804803,2494800
2012-01-10,19.790001,19.860001,19.690001,19.719999,16.090382,4753400
2012-01-11,19.620001,19.760000,19.510000,19.760000,16.123016,4499500
2012-01-12,20.020000,20.120001,19.820000,20.100000,16.400440,4764200
2012-01-13,19.629999,19.650000,19.290001,19.610001,16.000628,3018600
2012-01-17,20.150000,20.330000,20.129999,20.200001,16.482033,4090200
2012-01-18,20.430000,20.700001,20.370001,20.680000,16.873690,3538100
2012-01-19,20.790001,20.959999,20.670000,20.940001,17.085831,4732400
2012-01-20,20.860001,20.940001,20.780001,20.930000,17.077671,1827000
2012-01-23,21.080000,21.219999,20.980000,21.110001,17.224543,3140300
2012-01-24,20.799999,21.059999,20.709999,21.059999,17.183743,4186300
2012-01-25,20.850000,21.389999,20.740000,21.330000,17.404049,4126100
2012-01-26,21.670000,21.730000,21.430000,21.490000,17.534595,5373300
2012-01-27,21.440001,21.709999,21.440001,21.670000,17.681467,11321300
2012-01-30,21.160000,21.379999,21.110001,21.320000,17.395889,3944900
2012-01-31,21.610001,21.620001,21.160000,21.330000,17.404049,8546400
2012-02-01,21.830000,21.990000,21.780001,21.850000,17.828341,4800000
2012-02-02,21.930000,22.090000,21.870001,22.030001,17.975208,10418000
2012-02-03,22.190001,22.450001,22.150000,22.430000,18.301584,5851100
2012-02-06,22.170000,22.360001,22.139999,22.340000,18.228151,2726100
2012-02-07,22.260000,22.530001,22.129999,22.510000,18.366859,4837500
2012-02-08,22.570000,22.670000,22.379999,22.629999,18.464773,3628300
2012-02-09,22.780001,22.799999,22.510000,22.740000,18.554525,3982000
2012-02-10,22.120001,22.250000,22.049999,22.139999,18.064959,4137700
2012-02-13,22.440001,22.469999,22.299999,22.379999,18.260784,3427600
2012-02-14,22.240000,22.299999,22.000000,22.190001,18.105759,4014800
2012-02-15,22.330000,22.330000,22.030001,22.080000,18.016005,5167700
2012-02-16,21.990000,22.480000,21.920000,22.430000,18.301584,6056500
2012-02-17,22.770000,22.770000,22.570000,22.700001,18.521891,8925100
2012-02-21,22.950001,23.070000,22.820000,22.879999,18.668756,5277400
2012-02-22,22.809999,22.889999,22.690001,22.740000,18.554525,3869900
2012-02-23,22.650000,22.940001,22.450001,22.930000,18.709555,3251300
2012-02-24,23.070000,23.280001,23.020000,23.190001,18.921701,2969600
2012-02-27,22.709999,23.129999,22.650000,23.030001,18.791149,4686600
2012-02-28,23.030001,23.309999,22.959999,23.299999,19.011454,5287000
2012-02-29,23.379999,23.480000,22.900000,22.950001,18.725876,6914800
2012-03-01,23.129999,23.280001,23.080000,23.219999,18.946182,5437900
2012-03-02,23.070000,23.070000,22.840000,22.959999,18.734035,2573700
2012-03-05,22.900000,22.910000,22.660000,22.850000,18.644281,5150100
2012-03-06,22.059999,22.100000,21.719999,21.770000,17.763067,5978400
2012-03-07,21.879999,22.080000,21.799999,22.059999,17.999685,3797900
2012-03-08,22.540001,22.950001,22.379999,22.870001,18.660601,4541400
2012-03-09,22.639999,22.790001,22.570000,22.740000,18.554525,10902200
2012-03-12,22.740000,22.900000,22.639999,22.860001,18.652439,4827600
2012-03-13,22.870001,23.139999,22.820000,23.139999,18.880907,11560600
2012-03-14,23.230000,23.270000,23.090000,23.150000,18.889063,3293700
2012-03-15,23.270000,23.530001,23.200001,23.510000,19.182802,5980700
2012-03-16,23.629999,23.700001,23.590000,23.660000,19.305193,8053700
2012-03-19,23.500000,23.830000,23.459999,23.740000,19.370468,4596800
2012-03-20,23.350000,23.500000,23.219999,23.420000,19.109365,3832300
2012-03-21,23.350000,23.430000,23.190001,23.370001,19.068571,5692300
2012-03-22,22.940001,23.150000,22.910000,23.040001,18.799309,22159200
2012-03-23,23.080000,23.309999,22.900000,23.290001,19.003294,6388900
2012-03-26,23.629999,23.830000,23.590000,23.799999,19.419424,2092700
2012-03-27,23.770000,23.790001,23.590000,23.590000,19.248079,3033400
2012-03-28,23.559999,23.590000,23.170000,23.309999,19.019615,4141200
2012-03-29,22.870001,23.040001,22.740000,23.010000,18.774834,7000600
2012-03-30,23.230000,23.309999,23.049999,23.280001,18.995134,5292600
2012-04-02,23.160000,23.719999,23.100000,23.629999,19.280716,4825100
2012-04-03,23.559999,23.610001,22.990000,23.139999,18.880907,6795500
2012-04-04,22.510000,22.580000,22.290001,22.420000,18.293425,5289700
2012-04-05,22.059999,22.299999,22.040001,22.139999,18.064959,5082700
2012-04-09,21.860001,22.059999,21.799999,21.959999,17.918089,2421300
2012-04-10,22.000000,22.110001,21.520000,21.520000,17.559076,7662000
2012-04-11,22.110001,22.180000,21.889999,21.930000,17.893614,4205700
2012-04-12,22.080000,22.410000,22.049999,22.370001,18.252626,3677000
2012-04-13,22.049999,22.070000,21.570000,21.620001,17.640671,4209100
2012-04-16,21.860001,22.020000,21.620001,21.930000,17.893614,3386800
2012-04-17,22.200001,22.490000,22.080000,22.410000,18.285263,4349400
2012-04-18,22.150000,22.389999,22.110001,22.209999,18.122078,3379300
2012-04-19,22.139999,22.350000,21.870001,22.000000,17.950731,3809700
2012-04-20,22.280001,22.459999,22.260000,22.299999,18.195509,2949600
2012-04-23,21.620001,21.690001,21.400000,21.660000,17.673311,3422400
2012-04-24,21.680000,21.930000,21.650000,21.770000,17.763067,3640900
2012-04-25,22.260000,22.379999,22.129999,22.270000,18.171036,5652500
2012-04-26,22.170000,22.590000,22.160000,22.520000,18.375021,3471300
2012-04-27,22.690001,22.760000,22.520000,22.670000,18.497412,2596300
2012-04-30,22.610001,22.639999,22.459999,22.540001,18.391338,4496300
2012-05-01,22.520000,22.879999,22.520000,22.650000,18.481089,2459300
2012-05-02,22.230000,22.350000,22.040001,22.340000,18.228151,3491000
2012-05-03,22.270000,22.320000,22.010000,22.090000,18.024166,3412800
2012-05-04,21.860001,21.930000,21.510000,21.540001,17.575397,7539800
2012-05-07,21.500000,21.660000,21.400000,21.639999,17.656992,3703300
2012-05-08,21.330000,21.360001,20.950001,21.299999,17.379568,6589900
2012-05-09,20.870001,21.230000,20.719999,21.090000,17.208221,6607800
2012-05-10,21.309999,21.340000,21.150000,21.180000,17.281658,5083700
2012-05-11,20.990000,21.420000,20.980000,21.209999,17.306133,3387000
2012-05-14,20.740000,20.879999,20.629999,20.730000,16.914484,4121800
2012-05-15,20.480000,20.680000,20.350000,20.379999,16.628901,7712900
2012-05-16,20.469999,20.629999,20.280001,20.299999,16.563627,5137000
2012-05-17,20.280001,20.309999,19.969999,19.969999,16.294367,11078200
2012-05-18,20.150000,20.190001,19.879999,19.959999,16.286205,2646900
2012-05-21,20.160000,20.480000,20.129999,20.450001,16.686016,2770200
2012-05-22,20.520000,20.660000,20.230000,20.330000,16.588104,3863300
2012-05-23,20.160000,20.190001,19.750000,20.160000,16.449390,5447100
2012-05-24,20.010000,20.070000,19.670000,19.809999,16.163815,4554200
2012-05-25,19.750000,19.969999,19.740000,19.820000,16.171974,3644900
2012-05-29,20.160000,20.299999,19.930000,20.139999,16.433077,4487800
2012-05-30,19.709999,19.730000,19.480000,19.510000,15.919031,3954200
2012-05-31,19.559999,19.600000,19.250000,19.490000,15.902715,3403500
2012-06-01,18.950001,19.090000,18.709999,18.820000,15.356031,7926600
2012-06-04,18.820000,18.879999,18.690001,18.840000,15.372353,6792500
2012-06-05,18.580000,18.809999,18.549999,18.770000,15.315235,5012700
2012-06-06,18.879999,19.420000,18.860001,19.400000,15.829276,9123200
2012-06-07,19.740000,19.790001,19.330000,19.360001,15.796647,4081800
2012-06-08,19.090000,19.420000,19.030001,19.379999,15.812960,4533500
2012-06-11,19.690001,19.700001,19.139999,19.150000,15.625297,4991000
2012-06-12,19.360001,19.480000,19.040001,19.480000,15.894553,5135800
2012-06-13,19.240000,19.540001,19.160000,19.340000,15.780324,4347500
2012-06-14,19.280001,19.530001,19.219999,19.450001,15.870076,2816800
2012-06-15,19.629999,19.900000,19.570000,19.879999,16.220930,6090300
2012-06-18,19.719999,19.840000,19.620001,19.709999,16.082220,3300900
2012-06-19,20.010000,20.370001,19.969999,20.240000,16.514671,2851000
2012-06-20,20.309999,20.520000,20.129999,20.330000,16.588104,7332000
2012-06-21,19.799999,19.820000,19.180000,19.190001,16.118576,4724500
2012-06-22,19.340000,19.360001,19.080000,19.240000,16.160574,7680900
2012-06-25,18.740000,18.740000,18.600000,18.700001,15.707002,4412500
2012-06-26,18.670000,18.809999,18.520000,18.740000,15.740602,3893300
2012-06-27,18.740000,18.940001,18.680000,18.900000,15.874992,3127200
2012-06-28,18.570000,18.760000,18.440001,18.730000,15.732200,5150200
2012-06-29,19.639999,19.809999,19.600000,19.799999,16.630943,4981500
2012-07-02,19.920000,20.000000,19.790001,19.969999,16.773733,6760700
2012-07-03,20.010000,20.230000,20.000000,20.180000,16.950125,2589300
2012-07-05,19.680000,19.809999,19.530001,19.709999,16.555349,4470600
2012-07-06,19.410000,19.440001,19.150000,19.260000,16.177370,5178300
2012-07-09,19.209999,19.240000,19.120001,19.240000,16.160574,3316000
2012-07-10,19.420000,19.459999,19.090000,19.150000,16.084978,2173200
2012-07-11,19.209999,19.370001,19.139999,19.280001,16.194170,3277300
2012-07-12,19.070000,19.230000,18.930000,19.170000,16.101776,2872600
2012-07-13,19.250000,19.620001,19.240000,19.590000,16.454556,2829500
2012-07-16,19.530001,19.690001,19.379999,19.610001,16.471352,2190800
2012-07-17,19.750000,19.840000,19.430000,19.799999,16.630943,3702500
2012-07-18,19.660000,20.030001,19.660000,20.010000,16.807333,4044500
2012-07-19,20.120001,20.270000,20.070000,20.250000,17.008919,2339900
2012-07-20,19.809999,19.850000,19.629999,19.660000,16.513350,7527900
2012-07-23,18.860001,19.070000,18.750000,19.020000,15.975787,10653200
2012-07-24,19.040001,19.040001,18.570000,18.750000,15.749000,3961700
2012-07-25,19.100000,19.129999,18.860001,19.010000,15.967385,3533400
2012-07-26,19.549999,19.790001,19.549999,19.680000,16.530151,6607800
2012-07-27,19.940001,20.440001,19.900000,20.340000,17.084517,4544300
2012-07-30,20.080000,20.270000,20.080000,20.200001,16.966923,2849300
2012-07-31,20.230000,20.389999,20.190001,20.209999,16.975323,3733700
2012-08-01,20.270000,20.299999,20.070000,20.090000,16.874525,3371900
2012-08-02,19.709999,19.900000,19.370001,19.570000,16.437759,8422700
2012-08-03,20.270000,20.750000,20.260000,20.690001,17.378496,4362700
2012-08-06,20.809999,20.969999,20.780001,20.860001,17.521286,3018300
2012-08-07,21.030001,21.139999,20.980000,20.980000,17.622078,6501700
2012-08-08,20.790001,20.959999,20.780001,20.889999,17.546486,4276200
2012-08-09,20.670000,20.889999,20.660000,20.790001,17.462494,3036100
2012-08-10,20.610001,20.840000,20.520000,20.840000,17.504488,4434100
2012-08-13,20.820000,20.900000,20.650000,20.780001,17.454090,4159500
2012-08-14,20.920000,20.940001,20.770000,20.850000,17.512888,5422200
2012-08-15,20.709999,20.820000,20.700001,20.740000,17.420494,2704100
2012-08-16,20.860001,21.080000,20.809999,21.030001,17.664080,3932400
2012-08-17,21.120001,21.180000,20.980000,21.150000,17.764870,6875400
2012-08-20,21.100000,21.170000,21.020000,21.150000,17.764870,1531700
2012-08-21,21.420000,21.559999,21.340000,21.389999,17.966457,6307200
2012-08-22,21.219999,21.490000,21.200001,21.440001,18.008455,4438200
2012-08-23,21.240000,21.320000,21.100000,21.209999,17.815269,3480000
2012-08-24,21.030001,21.320000,20.969999,21.150000,17.764870,4018700
2012-08-27,21.360001,21.430000,21.280001,21.309999,17.899261,2372800
2012-08-28,21.330000,21.420000,21.270000,21.379999,17.958057,1386800
2012-08-29,21.340000,21.420000,21.260000,21.330000,17.916059,1034300
2012-08-30,21.200001,21.209999,20.850000,20.940001,17.588482,1194300
2012-08-31,21.370001,21.400000,21.090000,21.219999,17.823668,3579800
2012-09-04,21.309999,21.320000,21.090000,21.190001,17.798468,4044500
2012-09-05,21.309999,21.379999,21.209999,21.330000,17.916059,22135400
2012-09-06,21.559999,22.040001,21.559999,21.990000,18.470427,11425900
2012-09-07,22.360001,22.480000,22.309999,22.480000,18.882002,17108100
2012-09-10,22.389999,22.459999,22.250000,22.270000,18.705612,4388800
2012-09-11,22.450001,22.820000,22.440001,22.740000,19.100384,4655900
2012-09-12,23.010000,23.030001,22.860001,22.940001,19.268375,4870800
2012-09-13,22.870001,23.320000,22.740000,23.250000,19.528759,13855800
2012-09-14,23.510000,23.760000,23.450001,23.530001,19.763947,5971000
2012-09-17,23.540001,23.639999,23.420000,23.469999,19.713549,2405800
2012-09-18,23.240000,23.330000,23.170000,23.260000,19.537159,2529900
2012-09-19,23.240000,23.440001,23.200001,23.370001,19.629551,2448700
2012-09-20,23.059999,23.270000,22.959999,23.270000,19.545557,2600100
2012-09-21,23.580000,23.620001,23.420000,23.430000,19.679951,2940600
2012-09-24,23.170000,23.320000,23.150000,23.280001,19.553957,4904000
2012-09-25,23.290001,23.410000,23.000000,23.020000,19.335571,3323600
2012-09-26,22.770000,22.790001,22.610001,22.730000,19.091988,3033200
2012-09-27,22.790001,23.040001,22.660000,22.969999,19.293573,7880800
2012-09-28,22.760000,22.820000,22.500000,22.570000,18.957594,3525800
2012-10-01,22.879999,23.030001,22.700001,22.730000,19.091988,12624700
2012-10-02,23.070000,23.100000,22.830000,22.910000,19.243179,9527400
2012-10-03,22.950001,23.000000,22.809999,22.910000,19.243179,20653600
2012-10-04,23.049999,23.170000,22.980000,23.170000,19.461563,2617500
2012-10-05,23.400000,23.510000,23.240000,23.320000,19.587553,3760700
2012-10-08,23.010000,23.049999,22.950001,23.020000,19.335571,1867200
2012-10-09,22.809999,22.860001,22.559999,22.580000,18.965994,4319500
2012-10-10,22.629999,22.690001,22.500000,22.549999,18.940792,1767700
2012-10-11,22.930000,22.990000,22.770000,22.770000,19.125586,2858800
2012-10-12,22.870001,22.969999,22.719999,22.780001,19.133986,1757400
2012-10-15,22.910000,22.980000,22.740000,22.959999,19.285173,2371200
2012-10-16,23.299999,23.430000,23.250000,23.400000,19.654751,2356600
2012-10-17,23.520000,23.610001,23.459999,23.580000,19.805943,7916500
2012-10-18,23.559999,23.719999,23.480000,23.549999,19.780745,3535200
2012-10-19,23.459999,23.459999,23.150000,23.219999,19.503561,19069800
2012-10-22,23.309999,23.340000,23.120001,23.299999,19.570757,3313700
2012-10-23,22.680000,22.740000,22.510000,22.700001,19.066793,3056600
2012-10-24,22.730000,22.760000,22.580000,22.600000,18.982796,2597500
2012-10-25,22.870001,22.910000,22.650000,22.730000,19.091988,10636100
2012-10-26,22.760000,22.850000,22.680000,22.799999,19.150785,2396600
2012-10-31,23.129999,23.150000,22.889999,22.940001,19.268375,2629000
2012-11-01,23.100000,23.230000,23.059999,23.129999,19.427965,2001000
2012-11-02,23.120001,23.120001,22.879999,22.879999,19.217979,1585400
2012-11-05,22.799999,22.910000,22.750000,22.870001,19.209579,1704800
2012-11-06,22.959999,23.150000,22.940001,23.080000,19.385967,2757700
2012-11-07,22.639999,22.639999,22.450001,22.570000,18.957594,4644100
2012-11-08,22.450001,22.549999,22.250000,22.320000,18.747606,6213200
2012-11-09,21.990000,22.250000,21.990000,22.139999,18.596416,6010000
2012-11-12,22.250000,22.290001,22.160000,22.230000,18.672016,1075300
2012-11-13,21.900000,22.250000,21.889999,22.020000,18.495626,1628200
2012-11-14,22.170000,22.180000,21.790001,21.840000,18.344437,2111500
2012-11-15,21.910000,22.020000,21.780001,21.850000,18.352835,1855000
2012-11-16,21.770000,21.780001,21.490000,21.700001,18.226843,2513900
2012-11-19,22.030001,22.250000,22.020000,22.209999,18.655214,1926500
2012-11-20,22.260000,22.420000,22.200001,22.379999,18.798006,1528700
2012-11-21,22.400000,22.500000,22.389999,22.469999,18.873598,17190300
2012-11-23,22.959999,23.139999,22.959999,23.139999,19.436365,1614100
2012-11-26,23.020000,23.139999,23.000000,23.139999,19.436365,2266700
2012-11-27,23.070000,23.209999,23.020000,23.080000,19.385967,1524600
2012-11-28,22.900000,23.290001,22.830000,23.260000,19.537159,3338100
2012-11-29,23.440001,23.520000,23.260000,23.389999,19.646351,3853000
2012-11-30,23.510000,23.610001,23.469999,23.520000,19.755545,1566400
2012-12-03,23.780001,23.799999,23.590000,23.610001,19.831142,2746800
2012-12-04,23.700001,23.790001,23.650000,23.760000,19.957132,2728600
2012-12-05,23.700001,23.870001,23.639999,23.770000,19.965532,2505800
2012-12-06,23.879999,23.900000,23.750000,23.850000,20.032724,3777600
2012-12-07,23.670000,23.719999,23.549999,23.719999,19.923534,3774700
2012-12-10,23.639999,23.760000,23.639999,23.760000,19.957132,1874900
2012-12-11,23.940001,24.059999,23.930000,24.030001,20.183916,2304700
2012-12-12,24.170000,24.330000,24.120001,24.180000,20.309912,3137300
2012-12-13,24.129999,24.250000,24.040001,24.090000,20.234316,3067200
2012-12-14,24.170000,24.360001,24.110001,24.280001,20.393904,2678600
2012-12-17,24.240000,24.379999,24.240000,24.379999,20.477896,2228500
2012-12-18,24.469999,24.670000,24.440001,24.629999,20.687885,3647000
2012-12-19,24.770000,24.820000,24.610001,24.610001,20.671087,3453000
2012-12-20,24.709999,24.760000,24.620001,24.730000,20.771879,1706500
2012-12-21,24.389999,24.570000,24.379999,24.570000,20.637489,4147600
2012-12-24,24.570000,24.590000,24.430000,24.480000,20.561892,734100
2012-12-26,24.540001,24.680000,24.389999,24.520000,20.595491,1598200
2012-12-27,24.709999,24.760000,24.510000,24.610001,20.671087,1356900
2012-12-28,24.389999,24.490000,24.240000,24.260000,20.377108,3645000
2012-12-31,24.400000,24.750000,24.379999,24.700001,20.746681,2494400
2013-01-02,25.040001,25.059999,24.850000,24.990000,20.990269,5739200
2013-01-03,24.730000,24.780001,24.570000,24.600000,20.662687,3131200
2013-01-04,24.600000,24.809999,24.570000,24.740000,20.780281,2115500
2013-01-07,24.580000,24.690001,24.480000,24.670000,20.721481,2411900
2013-01-08,24.570000,24.610001,24.400000,24.490000,20.570293,2390500
2013-01-09,24.459999,24.559999,24.459999,24.500000,20.578693,2809300
2013-01-10,24.920000,24.950001,24.719999,24.900000,20.914669,7392100
2013-01-11,25.049999,25.120001,24.940001,25.080000,21.065863,2089500
2013-01-14,25.170000,25.209999,25.000000,25.209999,21.175053,1686600
2013-01-15,24.850000,24.980000,24.780001,24.920000,20.931467,1981600
2013-01-16,24.790001,24.920000,24.750000,24.820000,20.847479,2216500
2013-01-17,25.180000,25.230000,25.080000,25.170000,21.141457,1790200
2013-01-18,25.080000,25.110001,24.930000,25.059999,21.049063,1994000
2013-01-22,24.980000,25.040001,24.860001,25.040001,21.032263,2558800
2013-01-23,25.000000,25.129999,24.910000,25.030001,21.023867,1808900
2013-01-24,25.120001,25.299999,25.110001,25.219999,21.183455,3950300
2013-01-25,25.730000,25.799999,25.660000,25.799999,21.670622,12559300
2013-01-28,25.780001,25.790001,25.650000,25.680000,21.569830,2642000
2013-01-29,25.690001,25.840000,25.660000,25.809999,21.679022,2490900
2013-01-30,25.799999,25.879999,25.690001,25.780001,21.653822,2905300
2013-01-31,25.709999,25.830000,25.660000,25.709999,21.595030,4462200
2013-02-01,26.000000,26.190001,25.910000,26.090000,21.914206,3497800
2013-02-04,25.510000,25.570000,25.080000,25.139999,21.116259,5087800
2013-02-05,25.290001,25.450001,25.230000,25.340000,21.284246,8788200
2013-02-06,24.920000,25.110001,24.900000,25.049999,21.040663,5410600
2013-02-07,25.090000,25.139999,24.690001,24.870001,20.889473,3864000
2013-02-08,24.940001,25.020000,24.920000,24.969999,20.973469,5760900
2013-02-11,24.990000,25.049999,24.799999,24.950001,20.956671,7784800
2013-02-12,25.040001,25.209999,25.010000,25.150000,21.124660,1434300
2013-02-13,25.420000,25.500000,25.290001,25.340000,21.284246,2638100
2013-02-14,24.870001,25.040001,24.840000,24.959999,20.965065,2525400
2013-02-15,24.959999,24.990000,24.719999,24.840000,20.864275,2909700
2013-02-19,25.230000,25.379999,25.219999,25.360001,21.301050,5763300
2013-02-20,25.400000,25.420000,24.990000,25.010000,21.007065,1825200
2013-02-21,24.549999,24.590000,24.410000,24.530001,20.603889,2176500
2013-02-22,24.600000,24.790001,24.500000,24.770000,20.805479,2868300
2013-02-25,25.420000,25.450001,24.290001,24.309999,20.419102,4889600
2013-02-26,24.440001,24.570000,24.190001,24.360001,20.461102,12857400
2013-02-27,24.299999,24.770000,24.280001,24.740000,20.780281,3160600
2013-02-28,24.700001,24.840000,24.610001,24.670000,20.721481,1825500
2013-03-01,24.340000,24.570000,24.170000,24.490000,20.570293,10381300
2013-03-04,24.350000,24.559999,24.320000,24.549999,20.620689,2182900
2013-03-05,24.910000,25.020000,24.879999,24.930000,20.939871,2433900
2013-03-06,25.260000,25.260000,25.059999,25.150000,21.124660,2093700
2013-03-07,25.299999,25.410000,25.270000,25.379999,21.317844,1607600
2013-03-08,25.360001,25.379999,25.139999,25.330000,21.275845,3079100
2013-03-11,25.250000,25.389999,25.209999,25.379999,21.317844,3561400
2013-03-12,25.430000,25.459999,25.180000,25.309999,21.259048,3537200
2013-03-13,25.209999,25.260000,25.049999,25.209999,21.175053,1864100
2013-03-14,25.340000,25.530001,25.299999,25.510000,21.427038,1632300
2013-03-15,25.580000,25.600000,25.440001,25.549999,21.460634,1382400
2013-03-18,25.040001,25.389999,25.010000,25.150000,21.124660,2181400
2013-03-19,25.219999,25.250000,24.820000,24.969999,20.973469,3152500
2013-03-20,25.250000,25.299999,25.150000,25.209999,21.175053,3130800
2013-03-21,24.830000,25.049999,24.790001,24.860001,20.881073,3194200
2013-03-22,25.030001,25.170000,24.969999,25.070000,21.057465,3036500
2013-03-25,25.100000,25.150000,24.559999,24.639999,20.696285,6265000
2013-03-26,24.750000,24.850000,24.600000,24.709999,20.755081,10582600
2013-03-27,24.230000,24.330000,24.110001,24.299999,20.410704,2951800
2013-03-28,24.430000,24.530001,24.370001,24.469999,20.553495,3104000
2013-04-01,24.389999,24.500000,24.270000,24.350000,20.452700,2482000
2013-04-02,24.650000,24.910000,24.639999,24.740000,20.780281,4536100
2013-04-03,24.850000,24.920000,24.629999,24.670000,20.721481,3964000
2013-04-04,24.540001,24.760000,24.469999,24.700001,20.746681,1985100
2013-04-05,24.290001,24.379999,24.209999,24.360001,20.461102,2339800
2013-04-08,24.410000,24.430000,24.299999,24.410000,20.503098,1339400
2013-04-09,24.440001,24.549999,24.250000,24.459999,20.545094,2414500
2013-04-10,24.680000,24.969999,24.680000,24.930000,20.939871,1072300
2013-04-11,25.040001,25.250000,24.990000,25.070000,21.057465,1721800
2013-04-12,24.780001,24.910000,24.700001,24.900000,20.914669,1704100
2013-04-15,24.650000,24.660000,24.340000,24.350000,20.452700,2278300
2013-04-16,24.780001,24.809999,24.610001,24.799999,20.830675,1815000
2013-04-17,24.270000,24.270000,23.780001,23.940001,20.108322,6963100
2013-04-18,23.959999,23.990000,23.660000,23.780001,19.973930,3805300
2013-04-19,23.870001,23.969999,23.700001,23.809999,19.999128,1275100
2013-04-22,23.870001,23.969999,23.670000,23.930000,20.099922,4523100
2013-04-23,24.200001,24.379999,24.200001,24.360001,20.461102,2629900
2013-04-24,24.510000,24.730000,24.480000,24.660000,20.713081,7074700
2013-04-25,24.730000,24.950001,24.709999,24.780001,20.813877,2120600
2013-04-26,24.750000,24.910000,24.730000,24.889999,20.906275,1663000
2013-04-29,25.010000,25.320000,24.990000,25.260000,21.217054,5888600
2013-04-30,25.309999,25.480000,25.280001,25.469999,21.393438,6124200
2013-05-01,25.440001,25.510000,25.180000,25.250000,21.208652,2281700
2013-05-02,25.250000,25.379999,25.200001,25.340000,21.284246,3893200
2013-05-03,25.750000,25.950001,25.740000,25.910000,21.763016,1944200
2013-05-06,25.920000,25.940001,25.750000,25.850000,21.712622,1982100
2013-05-07,26.120001,26.170000,25.959999,26.030001,21.863813,1626400
2013-05-08,26.290001,26.420000,26.260000,26.389999,22.166195,4663900
2013-05-09,26.290001,26.340000,26.040001,26.129999,21.947809,4172500
2013-05-10,26.139999,26.190001,25.990000,26.180000,21.989803,13341400
2013-05-13,26.070000,26.150000,26.010000,26.080000,21.905807,3578900
2013-05-14,26.139999,26.280001,26.139999,26.219999,22.023401,3730400
2013-05-15,25.959999,26.170000,25.950001,26.150000,21.964603,3396300
2013-05-16,26.110001,26.250000,26.030001,26.080000,21.905807,4026200
2013-05-17,26.059999,26.370001,26.010000,26.290001,22.082197,2274200
2013-05-20,26.270000,26.430000,26.230000,26.389999,22.166195,2328600
2013-05-21,26.370001,26.559999,26.260000,26.480000,22.241785,2104400
2013-05-22,26.549999,26.920000,26.250000,26.340000,22.124193,15039000
2013-05-23,25.990000,26.309999,25.950001,26.280001,22.073797,4584900
2013-05-24,26.000000,26.150000,25.930000,26.150000,21.964603,2811500
2013-05-28,26.590000,26.650000,26.340000,26.389999,22.166195,17567100
2013-05-29,26.200001,26.290001,26.120001,26.230000,22.031799,3300300
2013-05-30,26.469999,26.639999,26.420000,26.520000,22.275385,3275200
2013-05-31,26.309999,26.389999,26.129999,26.150000,21.964603,2577300
2013-06-03,26.280001,26.410000,26.100000,26.410000,22.182989,10107200
2013-06-04,26.330000,26.379999,26.090000,26.209999,22.015001,3235700
2013-06-05,26.100000,26.160000,25.889999,25.889999,21.746218,2648600
2013-06-06,26.040001,26.200001,25.900000,26.190001,21.998203,4862000
2013-06-07,26.150000,26.549999,26.080000,26.480000,22.241785,6046100
2013-06-10,26.690001,26.709999,26.490000,26.629999,22.367775,8196500
2013-06-11,26.270000,26.490000,26.200001,26.379999,22.157793,3262100
2013-06-12,26.510000,26.530001,26.230000,26.230000,22.031799,2165100
2013-06-13,26.090000,26.530001,26.040001,26.520000,22.275385,9658700
2013-06-14,26.330000,26.500000,26.170000,26.240000,22.040201,3261100
2013-06-17,26.709999,26.780001,26.459999,26.610001,22.350979,3232400
2013-06-18,26.660000,26.860001,26.660000,26.840000,22.544168,2420100
2013-06-19,26.740000,26.840000,26.219999,26.240000,22.040201,5096600
2013-06-20,25.650000,25.680000,25.320000,25.379999,21.317844,4323500
2013-06-21,25.350000,25.370001,24.799999,25.010000,21.007065,4509200
2013-06-24,24.480000,24.850000,24.459999,24.670000,20.721481,3348000
2013-06-25,24.959999,24.990000,24.670000,24.959999,20.965065,1873200
2013-06-26,25.129999,25.200001,25.020000,25.139999,21.116259,2077100
2013-06-27,24.830000,24.969999,24.790001,24.860001,21.248741,2224000
2013-06-28,24.690001,24.850000,24.620001,24.700001,21.111986,10774600
2013-07-01,24.920000,24.990000,24.809999,24.850000,21.240194,3764600
2013-07-02,24.540001,24.690001,24.350000,24.459999,20.906849,3089400
2013-07-03,24.180000,24.450001,24.129999,24.389999,20.847015,1569300
2013-07-05,24.230000,24.250000,23.959999,24.139999,20.633335,2546300
2013-07-08,24.540001,24.660000,24.430000,24.530001,20.966679,1176900
2013-07-09,24.809999,24.840000,24.580000,24.680000,21.094893,4048700
2013-07-10,24.660000,25.059999,24.660000,24.900000,21.282932,2275000
2013-07-11,25.440001,25.709999,25.309999,25.660000,21.932531,2149700
2013-07-12,25.570000,25.690001,25.459999,25.610001,21.889795,1968700
2013-07-15,25.700001,25.750000,25.610001,25.709999,21.975267,1804400
2013-07-16,25.719999,25.840000,25.680000,25.809999,22.060741,2153600
2013-07-17,25.950001,25.959999,25.780001,25.879999,22.120573,2031900
2013-07-18,25.889999,26.110001,25.889999,26.100000,22.308615,1188500
2013-07-19,26.020000,26.190001,26.000000,26.170000,22.368446,1448100
2013-07-22,26.230000,26.290001,26.170000,26.200001,22.394091,1008300
2013-07-23,26.299999,26.350000,26.200001,26.290001,22.471016,1352400
2013-07-24,26.490000,26.520000,26.270000,26.360001,22.530849,3389400
2013-07-25,26.170000,26.520000,26.160000,26.520000,22.667604,8684600
2013-07-26,26.170000,26.320000,26.070000,26.309999,22.488108,1939900
2013-07-29,26.180000,26.290001,26.129999,26.240000,22.428280,1874500
2013-07-30,26.360001,26.370001,26.129999,26.200001,22.394091,5584300
2013-07-31,26.110001,26.510000,26.110001,26.320000,22.496656,2557200
2013-08-01,26.639999,26.760000,26.540001,26.700001,22.821461,3323500
2013-08-02,26.639999,26.799999,26.629999,26.770000,22.881290,1444700
2013-08-05,26.629999,26.709999,26.540001,26.690001,22.812910,1142200
2013-08-06,26.709999,26.719999,26.379999,26.420000,22.582130,2298900
2013-08-07,26.340000,26.459999,26.280001,26.420000,22.582130,1141100
2013-08-08,26.680000,26.830000,26.590000,26.709999,22.830006,4288700
2013-08-09,26.709999,26.809999,26.610001,26.719999,22.838549,2820800
2013-08-12,26.530001,26.680000,26.510000,26.650000,22.778723,1746800
2013-08-13,26.740000,26.860001,26.600000,26.860001,22.958214,1523600
2013-08-14,26.809999,26.879999,26.750000,26.840000,22.941120,11605000
2013-08-15,26.520000,26.799999,26.320000,26.790001,22.898384,4832900
2013-08-16,26.750000,26.840000,26.700001,26.770000,22.881290,2207500
2013-08-19,26.790001,26.830000,26.639999,26.639999,22.770174,2682500
2013-08-20,26.660000,26.780001,26.620001,26.700001,22.821461,2352000
2013-08-21,26.590000,26.790001,26.430000,26.530001,22.676153,1965200
2013-08-22,26.820000,26.980000,26.799999,26.959999,23.043686,2776900
2013-08-23,26.969999,27.090000,26.889999,27.020000,23.094973,1975700
2013-08-26,27.030001,27.059999,26.910000,26.959999,23.043686,1588400
2013-08-27,26.450001,26.580000,26.290001,26.340000,22.513754,3461500
2013-08-28,25.930000,26.129999,25.889999,26.010000,22.231691,11613500
2013-08-29,25.830000,25.969999,25.809999,25.889999,22.129120,2708300
2013-08-30,25.799999,25.799999,25.610001,25.660000,21.932531,3444200
2013-09-03,25.920000,25.950001,25.670000,25.799999,22.052193,3901600
2013-09-04,25.610001,25.980000,25.580000,25.959999,22.188950,1569600
2013-09-05,25.850000,25.950001,25.780001,25.879999,22.120573,1728200
2013-09-06,26.049999,26.080000,25.799999,26.010000,22.231691,2966000
2013-09-09,26.180000,26.430000,26.180000,26.410000,22.573586,2910100
2013-09-10,26.790001,26.930000,26.750000,26.889999,22.983858,3598900
2013-09-11,26.930000,27.100000,26.920000,27.090000,23.154802,2595800
2013-09-12,26.980000,27.120001,26.959999,26.959999,23.043686,2394900
2013-09-13,27.040001,27.120001,26.910000,27.100000,23.163351,2090600
2013-09-16,27.610001,27.610001,27.459999,27.469999,23.479601,2778100
2013-09-17,27.490000,27.570000,27.459999,27.540001,23.539436,1794700
2013-09-18,27.520000,28.299999,27.430000,28.250000,24.146296,2910700
2013-09-19,28.250000,28.250000,28.030001,28.090000,24.009537,3438000
2013-09-20,28.090000,28.090000,27.969999,28.000000,23.932613,1193500
2013-09-23,27.920000,27.959999,27.750000,27.879999,23.830046,1521200
2013-09-24,27.930000,28.000000,27.830000,27.879999,23.830046,2129000
2013-09-25,27.889999,28.040001,27.850000,27.980000,23.915518,1478100
2013-09-26,27.910000,28.030001,27.850000,27.950001,23.889877,1240300
2013-09-27,27.969999,28.070000,27.950001,28.030001,23.958256,1309400
2013-09-30,27.719999,27.860001,27.660000,27.809999,23.770214,1903900
2013-10-01,27.920000,28.150000,27.870001,28.129999,24.043732,6060000
2013-10-02,28.080000,28.120001,27.889999,28.100000,24.018089,2380800
2013-10-03,28.059999,28.059999,27.920000,27.959999,23.898424,1648000
2013-10-04,27.930000,28.049999,27.889999,28.000000,23.932613,1219600
2013-10-07,27.709999,27.930000,27.700001,27.850000,23.804403,1314800
2013-10-08,27.879999,27.900000,27.650000,27.670000,23.650551,1399700
2013-10-09,27.639999,27.660000,27.420000,27.600000,23.590717,2264300
2013-10-10,27.990000,28.280001,27.969999,28.209999,24.112106,2228400
2013-10-11,28.219999,28.320000,28.190001,28.309999,24.197584,2766900
2013-10-14,28.270000,28.400000,28.240000,28.379999,24.257412,1443600
2013-10-15,28.340000,28.430000,28.340000,28.350000,24.231775,1786200
2013-10-16,28.469999,28.629999,28.450001,28.620001,24.462549,6028300
2013-10-17,28.690001,28.889999,28.670000,28.860001,24.667686,1930200
2013-10-18,28.910000,29.020000,28.850000,28.980000,24.770258,2606400
2013-10-21,28.930000,29.030001,28.930000,29.000000,24.787350,1350600
2013-10-22,29.330000,29.580000,29.330000,29.490000,25.206169,2199300
2013-10-23,29.400000,29.459999,29.330000,29.410000,25.137791,2259700
2013-10-24,29.660000,29.660000,29.570000,29.629999,25.325836,1570400
2013-10-25,29.680000,29.730000,29.610001,29.680000,25.368572,1328600
2013-10-28,29.580000,29.680000,29.500000,29.620001,25.317289,2033700
2013-10-29,29.629999,29.690001,29.549999,29.660000,25.351475,3145800
2013-10-30,29.680000,29.730000,29.420000,29.540001,25.248909,3115300
2013-10-31,29.459999,29.469999,29.299999,29.340000,25.077963,1942300
2013-11-01,29.200001,29.230000,29.040001,29.200001,24.958298,2226200
2013-11-04,29.260000,29.370001,29.219999,29.360001,25.095055,1258000
2013-11-05,28.969999,29.120001,28.879999,29.059999,24.838634,1515000
2013-11-06,29.280001,29.410000,29.240000,29.280001,25.026680,1535600
2013-11-07,29.260000,29.320000,28.930000,28.959999,24.753160,3856300
2013-11-08,28.889999,29.100000,28.850000,29.080000,24.855728,1265700
2013-11-11,29.190001,29.280001,29.170000,29.280001,25.026680,843000
2013-11-12,29.209999,29.299999,29.110001,29.190001,24.949751,2841400
2013-11-13,28.900000,29.360001,28.840000,29.330000,25.069416,1565700
2013-11-14,29.340000,29.530001,29.299999,29.450001,25.171984,1473500
2013-11-15,29.590000,29.660000,29.530001,29.660000,25.351475,7873000
2013-11-18,29.940001,29.969999,29.719999,29.740000,25.419855,2915600
2013-11-19,29.760000,29.870001,29.709999,29.799999,25.471138,1771100
2013-11-20,29.809999,29.860001,29.410000,29.500000,25.214720,3906800
2013-11-21,29.639999,29.740000,29.580000,29.719999,25.402758,1499700
2013-11-22,29.830000,29.959999,29.799999,29.930000,25.582254,4452300
2013-11-25,30.080000,30.120001,30.020000,30.070000,25.701920,2335600
2013-11-26,30.100000,30.280001,30.080000,30.240000,25.847221,1943600
2013-11-27,30.350000,30.440001,30.330000,30.379999,25.966885,2748700
2013-11-29,30.580000,30.690001,30.549999,30.570000,26.129286,1511000
2013-12-02,30.520000,30.559999,30.410000,30.440001,26.018173,2750000
2013-12-03,30.139999,30.200001,29.959999,30.020000,25.659184,2716700
2013-12-04,29.540001,29.809999,29.540001,29.750000,25.428404,4412200
2013-12-05,29.809999,29.910000,29.690001,29.740000,25.419855,2315900
2013-12-06,30.030001,30.200001,29.980000,30.160000,25.778845,1974600
2013-12-09,30.230000,30.270000,30.170000,30.209999,25.821583,1183400
2013-12-10,30.080000,30.190001,29.990000,30.049999,25.684824,955700
2013-12-11,30.170000,30.170000,29.850000,29.850000,25.513878,2191500
2013-12-12,29.719999,29.790001,29.620001,29.670000,25.360025,1617200
2013-12-13,29.690001,29.740000,29.570000,29.730000,25.411308,1241300
2013-12-16,30.170000,30.250000,30.080000,30.170000,25.787390,2246300
2013-12-17,30.100000,30.110001,29.920000,30.040001,25.676275,2356200
2013-12-18,30.240000,30.590000,30.020000,30.440001,26.018173,7280800
2013-12-19,30.400000,30.580000,30.340000,30.549999,26.112194,2131500
2013-12-20,30.660000,30.820000,30.660000,30.740000,26.274593,1882500
2013-12-23,31.020000,31.139999,30.980000,31.100000,26.582296,1742000
2013-12-24,31.129999,31.270000,31.030001,31.240000,26.701958,955400
2013-12-26,31.430000,31.490000,31.370001,31.430000,26.864359,2548700
2013-12-27,31.549999,31.610001,31.480000,31.510000,26.932734,2642100
2013-12-30,31.580000,31.730000,31.580000,31.680000,27.078043,1208900
2013-12-31,31.730000,31.930000,31.690001,31.760000,27.146425,1892600
2014-01-02,31.000000,31.010000,30.670000,30.750000,26.283138,4637500
2014-01-03,30.750000,30.799999,30.639999,30.650000,26.197666,2598000
2014-01-06,30.850000,30.850000,30.740000,30.799999,26.325874,5987400
2014-01-07,30.910000,30.969999,30.840000,30.910000,26.419895,2541800
2014-01-08,30.879999,30.940001,30.760000,30.820000,26.342968,3006600
2014-01-09,30.879999,30.900000,30.570000,30.750000,26.283138,2088100
2014-01-10,30.920000,31.090000,30.879999,31.049999,26.539557,2010300
2014-01-13,30.980000,31.049999,30.790001,30.850000,26.368614,2230700
2014-01-14,31.010000,31.309999,30.920000,31.299999,26.753246,5009100
2014-01-15,31.450001,31.740000,31.440001,31.719999,27.112232,2612500
2014-01-16,31.680000,31.690001,31.520000,31.670000,27.069496,6000700
2014-01-17,31.520000,31.590000,31.330000,31.389999,26.830168,2821900
2014-01-21,31.639999,31.639999,31.400000,31.570000,26.984022,2378700
2014-01-22,31.540001,31.559999,31.420000,31.480000,26.907095,2031400
2014-01-23,31.500000,31.559999,31.360001,31.540001,26.958382,1941500
2014-01-24,31.059999,31.090000,30.490000,30.520000,26.086548,3128900
2014-01-27,30.600000,30.629999,30.290001,30.420000,26.001078,3207100
2014-01-28,30.620001,30.840000,30.610001,30.799999,26.325874,3510700
2014-01-29,30.200001,30.450001,30.139999,30.250000,25.855770,3600500
2014-01-30,30.430000,30.450001,30.200001,30.389999,25.975433,1976500
2014-01-31,29.629999,29.980000,29.610001,29.830000,25.496782,5772300
2014-02-03,29.809999,29.870001,29.309999,29.340000,25.077963,4023900
2014-02-04,29.440001,29.549999,29.379999,29.520000,25.231813,2782500
2014-02-05,29.459999,29.570000,29.420000,29.540001,25.248909,2136400
2014-02-06,29.820000,30.139999,29.820000,30.100000,25.727562,3263800
2014-02-07,30.219999,30.469999,30.129999,30.450001,26.026718,3440100
2014-02-10,30.350000,30.350000,30.270000,30.330000,25.924150,995300
2014-02-11,30.610001,31.020000,30.590000,30.969999,26.471180,4878600
2014-02-12,30.980000,31.100000,30.940001,31.000000,26.496822,4745100
2014-02-13,31.000000,31.469999,30.990000,31.469999,26.898548,1932800
2014-02-14,31.500000,31.639999,31.469999,31.570000,26.984022,1312300
2014-02-18,31.740000,31.760000,31.580000,31.709999,27.103685,3292500
2014-02-19,31.680000,31.830000,31.420000,31.430000,26.864359,1746300
2014-02-20,31.320000,31.520000,31.240000,31.490000,26.915644,1765400
2014-02-21,31.540001,31.709999,31.490000,31.580000,26.992567,2296400
2014-02-24,31.559999,31.860001,31.559999,31.740000,27.129328,2888500
2014-02-25,31.750000,31.850000,31.570000,31.670000,27.069496,1505300
2014-02-26,31.510000,31.559999,31.360001,31.450001,26.881453,1798600
2014-02-27,31.180000,31.430000,31.110001,31.430000,26.864359,2392900
2014-02-28,31.639999,31.910000,31.570000,31.709999,27.103685,5627200
2014-03-03,30.889999,31.000000,30.540001,30.620001,26.172026,7668200
2014-03-04,31.370001,31.430000,31.219999,31.309999,26.761791,5713200
2014-03-05,31.280001,31.340000,31.170000,31.240000,26.701958,3921100
2014-03-06,31.490000,31.570000,31.430000,31.480000,26.907095,3150700
2014-03-07,31.320000,31.340000,30.920000,31.120001,26.599394,3026900
2014-03-10,30.850000,30.889999,30.510000,30.770000,26.300236,3316600
2014-03-11,30.830000,31.000000,30.660000,30.709999,26.248951,4192500
2014-03-12,30.370001,30.610001,30.280001,30.510000,26.078001,4171400
2014-03-13,30.660000,30.690001,29.530001,29.629999,25.325836,5968200
2014-03-14,29.740000,30.180000,29.730000,29.950001,25.599348,6998500
2014-03-17,30.280001,30.559999,30.270000,30.480000,26.052359,2958800
2014-03-18,30.580000,30.889999,30.580000,30.760000,26.291687,6104500
2014-03-19,30.790001,30.879999,30.190001,30.420000,26.001078,3596800
2014-03-20,30.170000,30.540001,30.129999,30.459999,26.035263,2697800
2014-03-21,30.629999,30.780001,30.430000,30.490000,26.060907,4215600
2014-03-24,30.610001,30.629999,30.129999,30.379999,25.966885,3006100
2014-03-25,30.700001,30.889999,30.510000,30.820000,26.342968,2804300
2014-03-26,31.080000,31.139999,30.879999,30.900000,26.411352,8127400
2014-03-27,30.860001,31.010000,30.809999,30.879999,26.394255,1760700
2014-03-28,31.230000,31.360001,31.219999,31.299999,26.753246,1641000
2014-03-31,31.540001,31.580000,31.299999,31.350000,26.795979,2094700
2014-04-01,31.600000,31.639999,31.469999,31.580000,26.992567,2199500
2014-04-02,31.530001,31.580000,31.490000,31.549999,26.966928,3629200
2014-04-03,31.559999,31.629999,31.350000,31.430000,26.864359,4614000
2014-04-04,31.590000,31.660000,31.320000,31.340000,26.787436,5390800
2014-04-07,31.180000,31.219999,30.889999,31.020000,26.513916,2268500
2014-04-08,30.910000,31.150000,30.879999,31.059999,26.548107,1169000
2014-04-09,31.299999,31.469999,31.139999,31.440001,26.872910,2045900
2014-04-10,31.440001,31.459999,30.820000,30.850000,26.368614,2528200
2014-04-11,30.600000,30.889999,30.559999,30.590000,26.146381,2613400
2014-04-14,30.660000,30.690001,30.480000,30.650000,26.197666,3108900
2014-04-15,30.500000,30.570000,29.850000,30.240000,25.847221,5016900
2014-04-16,30.580000,30.740000,30.459999,30.709999,26.248951,2301000
2014-04-17,30.969999,31.120001,30.820000,31.020000,26.513916,2183400
2014-04-21,31.000000,31.120001,30.959999,31.090000,26.573750,808000
2014-04-22,31.430000,31.540001,31.379999,31.490000,26.915644,2238200
2014-04-23,31.510000,31.530001,31.340000,31.379999,26.821623,4296500
2014-04-24,31.209999,31.420000,30.920000,31.270000,26.727600,7580600
2014-04-25,31.070000,31.129999,30.830000,30.930000,26.436993,10145700
2014-04-28,31.100000,31.260000,30.860001,31.150000,26.625032,4625300
2014-04-29,31.379999,31.530001,31.309999,31.430000,26.864359,2096900
2014-04-30,31.549999,31.690001,31.500000,31.680000,27.078043,3736400
2014-05-01,31.620001,31.790001,31.610001,31.719999,27.112232,1631300
2014-05-02,31.389999,31.559999,31.350000,31.459999,26.890001,2133500
2014-05-05,31.150000,31.450001,31.010000,31.420000,26.855812,1201800
2014-05-06,31.280001,31.360001,31.180000,31.219999,26.684866,2358200
2014-05-07,31.410000,31.559999,31.240000,31.510000,26.932734,2348300
2014-05-08,31.480000,31.660000,31.370001,31.410000,26.847267,4076900
2014-05-09,31.360001,31.410000,31.219999,31.330000,26.778887,1574300
2014-05-12,31.600000,31.740000,31.600000,31.730000,27.120783,2281700
2014-05-13,31.790001,31.790001,31.650000,31.700001,27.095137,2851600
2014-05-14,31.690001,31.740000,31.590000,31.629999,27.035307,1809600
2014-05-15,31.549999,31.549999,31.250000,31.450001,26.881453,10195000
2014-05-16,31.280001,31.330000,31.180000,31.320000,26.770338,5997800
2014-05-19,31.320000,31.459999,31.280001,31.389999,26.830168,1026500
2014-05-20,31.340000,31.370001,31.139999,31.250000,26.710508,1550700
2014-05-21,31.340000,31.480000,31.330000,31.469999,26.898548,4508200
2014-05-22,31.440001,31.510000,31.400000,31.480000,26.907095,1078400
2014-05-23,31.469999,31.600000,31.469999,31.559999,26.975473,1502300
2014-05-27,32.119999,32.160000,32.009998,32.150002,27.479771,2323800
2014-05-28,32.000000,32.040001,31.879999,31.940001,27.300274,1567400
2014-05-29,32.029999,32.099998,31.980000,32.090000,27.428486,1714800
2014-05-30,32.099998,32.169998,32.040001,32.139999,27.471222,3243100
2014-06-02,32.169998,32.169998,31.959999,32.090000,27.428486,1016500
2014-06-03,32.000000,32.060001,31.959999,31.959999,27.317368,3793000
2014-06-04,31.889999,32.020000,31.870001,31.959999,27.317368,2609800
2014-06-05,32.020000,32.250000,31.910000,32.250000,27.565243,3400800
2014-06-06,32.320000,32.360001,32.230000,32.349998,27.650715,2041700
2014-06-09,32.209999,32.279999,32.160000,32.230000,27.548145,1243600
2014-06-10,32.200001,32.200001,32.090000,32.189999,27.513958,4899300
2014-06-11,31.950001,31.990000,31.889999,31.910000,27.274632,1521100
2014-06-12,31.940001,32.000000,31.840000,31.900000,27.266087,3010700
2014-06-13,31.799999,31.910000,31.709999,31.780001,27.163521,5368800
2014-06-16,31.830000,31.930000,31.799999,31.840000,27.214804,2795200
2014-06-17,31.750000,31.910000,31.750000,31.889999,27.257538,3962700
2014-06-18,31.969999,32.200001,31.900000,32.169998,27.496861,5628800
2014-06-19,32.330002,32.380001,32.230000,32.250000,27.565243,2813000
2014-06-20,32.279999,32.279999,32.110001,32.189999,27.513958,2477900
2014-06-23,32.029999,32.080002,31.900000,32.009998,27.360106,3369800
2014-06-24,32.029999,32.049999,31.889999,31.930000,27.291727,4550700
2014-06-25,31.170000,31.330000,31.160000,31.290001,27.283880,3334000
2014-06-26,31.139999,31.170000,30.770000,31.090000,27.109488,3377200
2014-06-27,31.049999,31.219999,31.010000,31.219999,27.222843,1276200
2014-06-30,31.219999,31.340000,31.180000,31.280001,27.275160,5100200
2014-07-01,31.309999,31.549999,31.299999,31.440001,27.414679,5230800
2014-07-02,31.379999,31.459999,31.350000,31.410000,27.388517,3340300
2014-07-03,31.570000,31.719999,31.549999,31.700001,27.641386,2246000
2014-07-07,31.420000,31.450001,31.230000,31.290001,27.283880,2983200
2014-07-08,31.040001,31.059999,30.790001,30.900000,26.943817,4088800
2014-07-09,30.900000,31.090000,30.889999,31.049999,27.074604,3347000
2014-07-10,30.450001,30.620001,30.410000,30.600000,26.682222,4820900
2014-07-11,30.459999,30.570000,30.400000,30.549999,26.638626,3019900
2014-07-14,30.920000,30.980000,30.850000,30.879999,26.926374,3835500
2014-07-15,30.870001,30.889999,30.530001,30.660000,26.734541,6901300
2014-07-16,31.000000,31.000000,30.879999,30.950001,26.987411,3441600
2014-07-17,30.730000,30.910000,30.420000,30.469999,26.568865,5458700
2014-07-18,30.410000,30.639999,30.389999,30.590000,26.673502,2202700
2014-07-21,30.270000,30.309999,30.160000,30.260000,26.385754,2357300
2014-07-22,30.400000,30.459999,30.360001,30.389999,26.499109,3859500
2014-07-23,30.610001,30.610001,30.459999,30.469999,26.568865,3681900
2014-07-24,30.620001,30.660000,30.520000,30.570000,26.656061,3857000
2014-07-25,30.389999,30.410000,30.030001,30.139999,26.281116,2250100
2014-07-28,30.059999,30.070000,29.760000,30.020000,26.176483,3028400
2014-07-29,30.129999,30.180000,29.959999,29.969999,26.132883,1513200
2014-07-30,29.990000,30.040001,29.730000,29.860001,26.036968,2920900
2014-07-31,29.440001,29.469999,29.100000,29.150000,25.417868,5496800
2014-08-01,28.799999,29.000000,28.580000,28.670000,24.999323,5779400
2014-08-04,28.750000,28.809999,28.500000,28.760000,25.077803,5711700
2014-08-05,28.600000,28.620001,28.240000,28.299999,24.676695,4349200
2014-08-06,28.080000,28.450001,28.080000,28.350000,24.720297,6265400
2014-08-07,28.410000,28.450001,27.910000,28.000000,24.415104,7171800
2014-08-08,28.100000,28.410000,28.020000,28.379999,24.746450,6220600
2014-08-11,28.540001,28.650000,28.500000,28.549999,24.894686,9333400
2014-08-12,28.299999,28.340000,28.139999,28.260000,24.641817,3994100
2014-08-13,28.570000,28.680000,28.480000,28.600000,24.938286,4638200
2014-08-14,28.780001,28.820000,28.700001,28.750000,25.069082,5478300
2014-08-15,29.000000,29.030001,28.230000,28.520000,24.868530,18408200
2014-08-18,28.730000,28.820000,28.680000,28.820000,25.130117,3776400
2014-08-19,28.959999,28.969999,28.889999,28.950001,25.243475,7796000
2014-08-20,28.670000,28.850000,28.620001,28.790001,25.103960,13086400
2014-08-21,28.889999,29.040001,28.870001,28.980000,25.269636,6110900
2014-08-22,28.920000,28.940001,28.610001,28.799999,25.112680,2882200
2014-08-25,28.959999,29.190001,28.940001,29.110001,25.382990,4866100
2014-08-26,29.260000,29.410000,29.240000,29.299999,25.548662,6742900
2014-08-27,29.389999,29.400000,29.240000,29.299999,25.548662,2488700
2014-08-28,28.889999,29.020000,28.820000,29.010000,25.295795,4813600
2014-08-29,28.940001,28.950001,28.709999,28.920000,25.217316,2451500
2014-09-02,29.020000,29.030001,28.850000,28.959999,25.252193,2618500
2014-09-03,29.420000,29.440001,29.280001,29.360001,25.600981,5157300
2014-09-04,29.180000,29.320000,29.080000,29.190001,25.452749,4264200
2014-09-05,29.340000,29.420000,29.230000,29.389999,25.627140,2767200
2014-09-08,29.250000,29.309999,29.049999,29.120001,25.391712,3498100
2014-09-09,29.049999,29.150000,29.000000,29.110001,25.382990,5383600
2014-09-10,28.990000,29.150000,28.950001,29.129999,25.400427,2768800
2014-09-11,28.950001,29.090000,28.930000,29.059999,25.339390,3112000
2014-09-12,28.950001,29.059999,28.830000,28.959999,25.252193,6412600
2014-09-15,28.990000,29.049999,28.940001,28.990000,25.278355,1495300
2014-09-16,28.799999,29.139999,28.799999,29.080000,25.356827,2186200
2014-09-17,29.090000,29.209999,28.860001,28.920000,25.217316,2920500
2014-09-18,29.190001,29.309999,29.170000,29.280001,25.531227,3686800
2014-09-19,29.280001,29.290001,29.100000,29.110001,25.382990,1425900
2014-09-22,29.150000,29.180000,28.910000,29.000000,25.287073,5329600
2014-09-23,28.709999,28.850000,28.520000,28.570000,24.912127,4154800
2014-09-24,28.469999,28.680000,28.379999,28.660000,24.990606,3439200
2014-09-25,28.440001,28.440001,27.980000,28.020000,24.432545,3039200
2014-09-26,28.010000,28.080000,27.889999,28.059999,24.467424,2914900
2014-09-29,27.650000,27.780001,27.620001,27.760000,24.205835,3040400
2014-09-30,27.559999,27.799999,27.510000,27.700001,24.153515,7717400
2014-10-01,27.559999,27.570000,27.270000,27.360001,23.857046,3050400
2014-10-02,27.379999,27.410000,26.920000,27.120001,23.647774,3453500
2014-10-03,26.889999,27.070000,26.870001,27.030001,23.569298,6553900
2014-10-06,27.040001,27.059999,26.730000,26.969999,23.516979,4593100
2014-10-07,26.780001,26.820000,26.500000,26.510000,23.115873,3283100
2014-10-08,26.530001,27.000000,26.400000,26.959999,23.508255,6029400
2014-10-09,26.770000,26.830000,26.170000,26.250000,22.889162,4855600
2014-10-10,25.950001,26.059999,25.670000,25.719999,22.427017,7429600
2014-10-13,26.040001,26.129999,25.719999,25.730000,22.435736,3534500
2014-10-14,25.950001,26.040001,25.770000,25.870001,22.557812,3905400
2014-10-15,25.660000,25.750000,25.190001,25.700001,22.409582,6590700
2014-10-16,25.030001,25.730000,25.000000,25.520000,22.252623,4772300
2014-10-17,26.020000,26.270000,25.930000,26.160000,22.810684,4636200
2014-10-20,25.850000,26.100000,25.809999,26.090000,22.749647,2189300
2014-10-21,26.190001,26.469999,26.180000,26.440001,23.054836,4293900
2014-10-22,26.340000,26.400000,26.030001,26.040001,22.706047,3530900
2014-10-23,26.410000,26.670000,26.370001,26.549999,23.150751,6114900
2014-10-24,26.530001,26.580000,26.420000,26.549999,23.150751,5575200
2014-10-27,26.170000,26.480000,26.070000,26.340000,22.967640,3225400
2014-10-28,26.750000,26.969999,26.730000,26.950001,23.499540,5760400
2014-10-29,27.040001,27.120001,26.559999,26.690001,23.272827,6551100
2014-10-30,26.400000,26.900000,26.370001,26.840000,23.403622,2929700
2014-10-31,27.059999,27.250000,27.010000,27.230000,23.743689,5702300
2014-11-03,27.020000,27.059999,26.830000,26.940001,23.490820,3994700
2014-11-04,26.920000,26.959999,26.740000,26.879999,23.438499,2781100
2014-11-05,27.100000,27.100000,26.900000,27.020000,23.560575,1574800
2014-11-06,27.150000,27.290001,26.910000,27.049999,23.586737,4059600
2014-11-07,26.879999,26.950001,26.700001,26.889999,23.447222,3548600
2014-11-10,27.010000,27.040001,26.879999,27.000000,23.543139,1734200
2014-11-11,27.059999,27.200001,26.950001,27.170000,23.691372,3687500
2014-11-12,26.700001,26.830000,26.660000,26.750000,23.325144,3464600
2014-11-13,26.740000,26.969999,26.719999,26.889999,23.447222,3748300
2014-11-14,26.700001,26.990000,26.680000,26.920000,23.473383,6719900
2014-11-17,26.850000,27.040001,26.799999,26.990000,23.534418,2437200
2014-11-18,27.469999,27.680000,27.440001,27.650000,24.109915,3724400
2014-11-19,27.730000,27.809999,27.520000,27.660000,24.118635,1947800
2014-11-20,27.459999,27.709999,27.440001,27.670000,24.127356,2374300
2014-11-21,28.030001,28.110001,27.879999,27.980000,24.397663,4613900
2014-11-24,28.320000,28.379999,28.230000,28.370001,24.737734,3492100
2014-11-25,28.530001,28.680000,28.520000,28.600000,24.938286,5814500
2014-11-26,28.709999,28.910000,28.700001,28.900000,25.199877,4605100
2014-11-28,28.879999,28.889999,28.770000,28.790001,25.103960,3671100
2014-12-01,28.860001,28.940001,28.790001,28.820000,25.130117,2772000
2014-12-02,28.670000,28.700001,28.559999,28.680000,25.008043,1840100
2014-12-03,28.530001,28.610001,28.490000,28.570000,24.912127,1820200
2014-12-04,28.530001,28.629999,28.350000,28.500000,24.851089,2629800
2014-12-05,28.620001,28.830000,28.580000,28.760000,25.077803,2815000
2014-12-08,28.600000,28.680000,28.500000,28.549999,24.894686,2948400
2014-12-09,28.290001,28.459999,28.200001,28.379999,24.746450,4041600
2014-12-10,28.400000,28.410000,28.110001,28.120001,24.519745,11208600
2014-12-11,28.270000,28.490000,28.190001,28.240000,24.624378,3626600
2014-12-12,28.120001,28.230000,27.620001,27.639999,24.101198,3692100
2014-12-15,27.840000,27.879999,27.000000,27.010000,23.551857,5736000
2014-12-16,27.040001,27.790001,27.010000,27.389999,23.883202,5941000
2014-12-17,27.480000,27.920000,27.430000,27.700001,24.153515,5354700
2014-12-18,27.889999,28.129999,27.840000,28.110001,24.511021,3897200
2014-12-19,27.809999,28.040001,27.700001,27.830000,24.266870,4457700
2014-12-22,28.160000,28.190001,28.020000,28.160000,24.554619,2197200
2014-12-23,28.100000,28.120001,27.969999,28.020000,24.432545,6164600
2014-12-24,28.049999,28.240000,28.030001,28.170000,24.563337,1629600
2014-12-26,28.219999,28.290001,28.170000,28.180000,24.572060,652100
2014-12-29,27.950001,28.129999,27.950001,28.010000,24.423824,3376900
2014-12-30,27.840000,27.850000,27.620001,27.660000,24.118635,4646100
2014-12-31,27.690001,27.719999,27.330000,27.410000,23.900644,2454000
2015-01-02,27.400000,27.500000,27.200001,27.280001,23.787287,4061500
2015-01-05,26.690001,26.709999,26.250000,26.330000,22.958918,3959600
2015-01-06,26.490000,26.690001,26.200001,26.219999,22.863001,3618600
2015-01-07,26.299999,26.500000,26.100000,26.440001,23.054836,3783300
2015-01-08,26.600000,27.059999,26.570000,26.940001,23.490820,3574500
2015-01-09,26.969999,26.980000,26.520000,26.750000,23.325144,2442000
2015-01-12,26.900000,27.000000,26.580000,26.910000,23.464663,3137900
2015-01-13,27.260000,27.340000,26.780001,27.030001,23.569298,4854800
2015-01-14,26.990000,27.180000,26.889999,27.100000,23.630333,8220700
2015-01-15,27.190001,27.240000,26.980000,27.049999,23.586737,4357100
2015-01-16,27.049999,27.790001,26.969999,27.690001,24.144796,6939200
2015-01-20,27.709999,27.740000,27.540001,27.670000,24.127356,18778100
2015-01-21,27.580000,27.860001,27.490000,27.850000,24.284309,11315100
2015-01-22,27.660000,27.940001,27.469999,27.799999,24.240713,8936500
2015-01-23,27.809999,28.040001,27.760000,27.760000,24.205835,4798600
2015-01-26,28.150000,28.520000,28.080000,28.440001,24.798771,3726600
2015-01-27,28.190001,28.320000,28.080000,28.209999,24.598217,6780300
2015-01-28,28.250000,28.450001,27.830000,27.840000,24.275591,5686400
2015-01-29,28.260000,28.549999,28.190001,28.540001,24.885967,4529700
2015-01-30,28.190001,28.340000,27.990000,28.049999,24.458704,6264200
2015-02-02,28.309999,28.719999,28.240000,28.670000,24.999323,3625100
2015-02-03,28.969999,29.280001,28.950001,29.219999,25.478907,5943000
2015-02-04,28.889999,29.059999,28.660000,28.740000,25.060362,9317100
2015-02-05,28.920000,29.190001,28.820000,29.180000,25.444027,8647000
2015-02-06,28.629999,28.730000,28.370001,28.440001,24.798771,5276000
2015-02-09,28.000000,28.200001,27.990000,28.110001,24.511021,4204300
2015-02-10,28.330000,28.530001,28.180000,28.450001,24.807493,4394000
2015-02-11,28.370001,28.440001,28.160000,28.350000,24.720297,5292800
2015-02-12,28.920000,29.209999,28.910000,29.200001,25.461468,3579100
2015-02-13,29.180000,29.230000,29.080000,29.190001,25.452749,5914500
2015-02-17,28.980000,29.120001,28.780001,29.049999,25.330671,4110700
2015-02-18,29.040001,29.219999,28.940001,29.129999,25.400427,4587200
2015-02-19,29.090000,29.230000,29.010000,29.100000,25.374271,13766600
2015-02-20,28.910000,29.660000,28.860001,29.500000,25.723059,7021800
2015-02-23,29.389999,29.480000,29.309999,29.420000,25.653299,2199000
2015-02-24,29.389999,29.709999,29.290001,29.660000,25.862570,3242200
2015-02-25,29.620001,29.709999,29.549999,29.670000,25.871292,6369500
2015-02-26,29.540001,29.650000,29.480000,29.580000,25.792814,3733000
2015-02-27,29.570000,29.809999,29.490000,29.700001,25.897451,3890300
2015-03-02,29.799999,29.840000,29.680000,29.820000,26.002087,4455400
2015-03-03,29.690001,29.730000,29.379999,29.490000,25.714336,3679700
2015-03-04,29.299999,29.450001,29.090000,29.420000,25.653299,5131500
2015-03-05,29.510000,29.620001,29.420000,29.510000,25.731779,8105000
2015-03-06,29.209999,29.340000,29.020000,29.040001,25.321953,5953600
2015-03-09,29.209999,29.350000,29.139999,29.299999,25.548662,17522400
2015-03-10,28.730000,28.889999,28.620001,28.660000,24.990606,6871100
2015-03-11,28.799999,29.110001,28.760000,29.010000,25.295795,7789000
2015-03-12,29.090000,29.280001,29.049999,29.270000,25.522507,6006400
2015-03-13,28.980000,29.240000,28.809999,29.190001,25.452749,5346900
2015-03-16,29.740000,30.059999,29.680000,29.930000,26.098003,6375400
2015-03-17,29.660000,29.690001,29.450001,29.600000,25.810251,4287500
2015-03-18,29.400000,30.059999,29.379999,29.950001,26.115440,8854300
2015-03-19,29.440001,29.580000,29.270000,29.469999,25.696899,8532400
2015-03-20,30.260000,30.480000,30.120001,30.260000,26.385754,6941800
2015-03-23,30.240000,30.330000,30.080000,30.209999,26.342155,4283100
2015-03-24,30.360001,30.540001,30.260000,30.379999,26.490387,4217400
2015-03-25,30.570000,30.590000,30.200001,30.209999,26.342155,5319800
2015-03-26,29.900000,30.090000,29.620001,30.010000,26.167761,4149100
2015-03-27,30.020000,30.200001,29.870001,30.100000,26.246239,2962300
2015-03-30,30.340000,30.469999,30.309999,30.360001,26.472950,2865000
2015-03-31,29.879999,30.059999,29.780001,29.840000,26.019526,9533000
2015-04-01,30.209999,30.250000,29.940001,30.100000,26.246239,4452100
2015-04-02,30.250000,30.389999,30.180000,30.330000,26.446793,5661400
2015-04-06,30.540001,30.840000,30.389999,30.620001,26.699663,4038800
2015-04-07,30.540001,30.680000,30.370001,30.379999,26.490387,4386700
2015-04-08,30.490000,30.520000,30.150000,30.270000,26.394472,3365600
2015-04-09,30.260000,30.320000,30.110001,30.250000,26.377031,2601900
2015-04-10,30.500000,30.559999,30.440001,30.549999,26.638626,2724700
2015-04-13,30.430000,30.480000,30.139999,30.230000,26.359594,4514200
2015-04-14,30.389999,30.440001,30.290001,30.370001,26.481670,2679300
2015-04-15,30.420000,30.500000,30.110001,30.360001,26.472950,3604600
2015-04-16,30.120001,30.150000,29.870001,30.030001,26.185200,5812800
2015-04-17,29.530001,29.570000,29.240000,29.389999,25.627140,7136400
2015-04-20,29.660000,29.790001,29.580000,29.629999,25.836414,3272100
2015-04-21,29.910000,29.959999,29.780001,29.889999,26.063122,4160400
2015-04-22,29.750000,29.770000,29.459999,29.730000,25.923611,2620000
2015-04-23,29.400000,29.730000,29.290001,29.629999,25.836414,9728700
2015-04-24,29.700001,29.910000,29.480000,29.790001,25.975931,3191800
2015-04-27,30.260000,30.480000,30.230000,30.290001,26.411913,4031700
2015-04-28,30.120001,30.190001,29.920000,30.120001,26.263680,4030100
2015-04-29,29.860001,29.920000,29.480000,29.629999,25.836414,8521700
2015-04-30,29.770000,29.889999,29.570000,29.620001,25.827696,10081900
2015-05-01,29.830000,30.020000,29.709999,30.000000,26.159040,3028400
2015-05-04,30.020000,30.129999,29.959999,29.980000,26.141603,5637300
2015-05-05,29.760000,29.780001,29.340000,29.410000,25.644579,3793200
2015-05-06,29.760000,29.950001,29.549999,29.770000,25.958490,11252300
2015-05-07,29.709999,29.850000,29.600000,29.719999,25.914888,3476600
2015-05-08,30.110001,30.500000,30.090000,30.379999,26.490387,4433200
2015-05-11,30.070000,30.190001,29.959999,30.010000,26.167761,4428600
2015-05-12,29.910000,30.000000,29.719999,29.840000,26.019526,2657400
2015-05-13,30.020000,30.160000,29.730000,29.770000,25.958490,4246300
2015-05-14,30.320000,30.559999,30.230000,30.540001,26.629904,5225300
2015-05-15,30.320000,30.480000,30.180000,30.459999,26.560144,2026800
2015-05-18,30.389999,30.540001,30.290001,30.459999,26.560144,1669900
2015-05-19,30.430000,30.670000,30.389999,30.540001,26.629904,3208800
2015-05-20,30.450001,30.629999,30.360001,30.500000,26.595026,4168000
2015-05-21,30.450001,30.650000,30.430000,30.580000,26.664782,3203400
2015-05-22,30.270000,30.280001,30.139999,30.180000,26.315994,5490300
2015-05-26,29.639999,29.650000,29.250000,29.350000,25.592264,5557500
2015-05-27,29.260000,29.770000,29.209999,29.730000,25.923611,5387100
2015-05-28,29.590000,29.660000,29.320000,29.639999,25.845131,2876400
2015-05-29,29.410000,29.420000,29.000000,29.110001,25.382990,5038700
2015-06-01,29.120001,29.150000,28.790001,29.020000,25.304512,3574300
2015-06-02,29.219999,29.480000,29.100000,29.280001,25.531227,4121700
2015-06-03,29.629999,29.940001,29.610001,29.740000,25.932331,4326500
2015-06-04,29.520000,29.940001,29.260000,29.360001,25.600981,6531600
2015-06-05,28.809999,29.070000,28.650000,28.820000,25.130117,5064300
2015-06-08,28.770000,28.910000,28.670000,28.790001,25.103960,5884100
2015-06-09,28.590000,28.790001,28.400000,28.639999,24.973166,3986300
2015-06-10,29.219999,29.629999,29.150000,29.559999,25.775377,4819400
2015-06-11,29.690001,29.799999,29.360001,29.549999,25.766655,18243900
2015-06-12,29.030001,29.320000,28.830000,29.200001,25.461468,4336300
2015-06-15,28.540001,28.830000,28.510000,28.799999,25.112680,3148000
2015-06-16,28.600000,28.840000,28.510000,28.799999,25.112680,2655600
2015-06-17,28.760000,28.840000,28.360001,28.690001,25.016766,5321500
2015-06-18,28.840000,29.760000,28.830000,29.270000,25.522507,9981100
2015-06-19,29.059999,29.120001,28.879999,28.980000,25.269636,3915100
2015-06-22,29.870001,30.219999,29.830000,29.969999,26.132883,11568700
2015-06-23,29.900000,30.030001,29.830000,29.900000,26.071846,9751100
2015-06-24,29.650000,29.770000,29.530001,29.559999,25.775377,14108400
2015-06-25,29.230000,29.250000,28.959999,29.170000,25.878286,5439500
2015-06-26,29.270000,29.389999,29.070000,29.290001,25.984743,4971200
2015-06-29,28.430000,28.580000,28.030001,28.110001,24.937901,11704700
2015-06-30,28.350000,28.360001,27.730000,27.879999,24.733856,21530400
2015-07-01,28.330000,28.410000,27.980000,28.120001,24.946777,4002400
2015-07-02,28.170000,28.170000,27.940001,28.030001,24.866930,5942300
2015-07-06,27.320000,27.680000,27.190001,27.340000,24.254795,9115000
2015-07-07,26.990000,27.459999,26.620001,27.430000,24.334641,16279100
2015-07-08,27.110001,27.219999,26.930000,27.010000,23.962032,5998000
2015-07-09,27.620001,27.760000,27.500000,27.540001,24.432226,5060000
2015-07-10,28.770000,28.910000,28.629999,28.889999,25.629883,6892300
2015-07-13,28.799999,28.870001,28.709999,28.790001,25.541168,8777300
2015-07-14,28.760000,28.930000,28.719999,28.879999,25.621012,11098800
2015-07-15,28.809999,28.860001,28.620001,28.770000,25.523426,5302100
2015-07-16,29.080000,29.180000,28.980000,29.000000,25.727470,3854500
2015-07-17,28.930000,28.930000,28.790001,28.860001,25.603268,7178100
2015-07-20,29.049999,29.080000,28.950001,29.000000,25.727470,7975400
2015-07-21,28.889999,28.950001,28.820000,28.889999,25.629883,7407000
2015-07-22,28.570000,28.700001,28.530001,28.690001,25.452454,2091000
2015-07-23,28.760000,28.870001,28.639999,28.660000,25.425838,5575000
2015-07-24,28.600000,28.629999,28.219999,28.250000,25.062101,8472300
2015-07-27,28.120001,28.150000,27.870001,27.930000,24.778214,5674200
2015-07-28,28.129999,28.290001,27.950001,28.240000,25.053232,2554100
2015-07-29,28.200001,28.400000,28.150000,28.219999,25.035488,4818700
2015-07-30,27.980000,28.090000,27.760000,28.059999,24.893545,2613600
2015-07-31,28.379999,28.530001,28.260000,28.330000,25.133076,7146000
2015-08-03,28.620001,28.670000,28.420000,28.530001,25.310507,3682900
2015-08-04,28.610001,28.709999,28.469999,28.520000,25.301638,1785200
2015-08-05,28.820000,28.920000,28.760000,28.840000,25.585526,4138300
2015-08-06,28.930000,28.959999,28.750000,28.850000,25.594395,2014900
2015-08-07,28.620001,28.790001,28.580000,28.760000,25.514555,3123100
2015-08-10,28.809999,29.160000,28.809999,29.139999,25.851669,1800300
2015-08-11,28.620001,28.650000,28.340000,28.480000,25.266148,3926600
2015-08-12,28.049999,28.180000,27.790001,28.180000,25.000002,10962600
2015-08-13,28.010000,28.110001,27.950001,28.010000,24.849188,6823100
2015-08-14,27.980000,28.120001,27.889999,28.070000,24.902416,8624900
2015-08-17,27.600000,27.820000,27.540001,27.809999,24.671755,14334700
2015-08-18,27.610001,27.639999,27.440001,27.500000,24.396738,4347100
2015-08-19,27.150000,27.350000,27.020000,27.209999,24.139462,12362700
2015-08-20,27.040001,27.049999,26.430000,26.459999,23.474096,9605100
2015-08-21,26.540001,26.780001,25.950001,26.010000,23.074881,14369500
2015-08-24,25.559999,26.280001,25.030001,25.629999,22.737759,20636800
2015-08-25,26.590000,26.600000,25.730000,25.809999,22.897446,11952000
2015-08-26,26.410000,26.480000,25.879999,26.480000,23.491842,11421900
2015-08-27,26.540001,26.700001,26.389999,26.639999,23.633787,9829100
2015-08-28,26.389999,26.450001,26.240000,26.360001,23.385386,3505700
2015-08-31,26.290001,26.450001,26.170000,26.340000,23.367641,8330600
2015-09-01,25.840000,25.879999,25.620001,25.700001,22.799864,4773200
2015-09-02,26.030001,26.059999,25.809999,26.049999,23.110363,4540300
2015-09-03,26.219999,26.420000,26.070000,26.129999,23.181339,5573600
2015-09-04,25.590000,25.690001,25.459999,25.580000,22.693401,4704000
2015-09-08,26.420000,26.530001,26.260000,26.500000,23.509583,5013300
2015-09-09,26.670000,26.680000,26.090000,26.120001,23.172468,3048300
2015-09-10,26.219999,26.570000,26.170000,26.480000,23.491842,3643100
2015-09-11,26.230000,26.490000,26.209999,26.480000,23.491842,3815000
2015-09-14,26.309999,26.420000,26.200001,26.350000,23.376513,2586700
2015-09-15,26.330000,26.490000,26.270000,26.469999,23.482969,3515300
2015-09-16,26.440001,26.570000,26.330000,26.570000,23.571686,2063700
2015-09-17,26.570000,26.940001,26.490000,26.740000,23.722502,10535000
2015-09-18,25.940001,26.059999,25.730000,25.760000,22.853088,5446900
2015-09-21,25.629999,25.700001,25.440001,25.570000,22.684530,2988700
2015-09-22,24.700001,24.770000,24.420000,24.600000,21.823992,5743100
2015-09-23,24.740000,24.820000,24.500000,24.610001,21.832863,12731600
2015-09-24,24.350000,24.620001,24.219999,24.559999,21.788506,14326900
2015-09-25,24.809999,24.930000,24.600000,24.700001,21.912708,6935200
2015-09-28,24.480000,24.480000,24.299999,24.330000,21.584461,5285800
2015-09-29,24.290001,24.459999,24.170000,24.420000,21.664303,4664500
2015-09-30,24.860001,24.910000,24.540001,24.740000,21.948191,8084700
2015-10-01,24.620001,24.670000,24.270000,24.530001,21.761889,15412400
2015-10-02,24.459999,24.860001,24.320000,24.860001,22.054653,3200400
2015-10-05,25.230000,25.330000,25.139999,25.290001,22.436127,1910600
2015-10-06,25.389999,25.600000,25.370001,25.500000,22.622429,2583100
2015-10-07,25.809999,25.920000,25.620001,25.809999,22.897446,2302000
2015-10-08,25.709999,26.059999,25.690001,26.040001,23.101492,4236400
2015-10-09,26.230000,26.280001,26.129999,26.260000,23.296667,5412300
2015-10-12,26.219999,26.330000,26.190001,26.240000,23.278925,1650400
2015-10-13,25.889999,26.180000,25.879999,26.000000,23.066008,5382700
2015-10-14,26.080000,26.180000,25.930000,26.049999,23.110363,1550200
2015-10-15,26.160000,26.379999,26.129999,26.360001,23.385386,1540500
2015-10-16,26.170000,26.280001,26.120001,26.240000,23.278925,1106700
2015-10-19,26.280001,26.299999,26.190001,26.270000,23.305538,2983400
2015-10-20,26.260000,26.330000,26.230000,26.260000,23.296667,1366100
2015-10-21,26.530001,26.590000,26.330000,26.330000,23.358767,1681800
2015-10-22,26.520000,26.860001,26.510000,26.750000,23.731371,6187200
2015-10-23,27.150000,27.250000,27.040001,27.200001,24.130594,4356900
2015-10-26,27.240000,27.270000,27.110001,27.200001,24.130594,1076900
2015-10-27,27.020000,27.070000,26.860001,26.930000,23.891060,1813400
2015-10-28,27.150000,27.420000,26.850000,27.129999,24.068491,8465400
2015-10-29,26.940001,27.070000,26.879999,27.049999,23.997519,2539600
2015-10-30,27.110001,27.299999,27.080000,27.110001,24.050749,3890100
2015-11-02,27.530001,27.590000,27.469999,27.520000,24.414482,2564300
2015-11-03,27.250000,27.400000,27.160000,27.330000,24.245920,2563300
2015-11-04,27.059999,27.070000,26.719999,26.850000,23.820089,3718000
2015-11-05,27.010000,27.049999,26.790001,26.910000,23.873318,2773300
2015-11-06,26.870001,26.950001,26.700001,26.920000,23.882191,2597400
2015-11-09,26.719999,26.730000,26.370001,26.480000,23.491842,3830800
2015-11-10,26.290001,26.450001,26.230000,26.410000,23.429743,3563900
2015-11-11,26.620001,26.650000,26.430000,26.490000,23.500711,3520600
2015-11-12,26.309999,26.520000,26.250000,26.309999,23.341024,5284200
2015-11-13,26.120001,26.160000,25.920000,26.049999,23.110363,3430000
2015-11-16,26.080000,26.270000,26.030001,26.260000,23.296667,3599100
2015-11-17,26.450001,26.559999,26.320000,26.379999,23.403122,8315900
2015-11-18,26.559999,26.740000,26.469999,26.700001,23.687017,4218900
2015-11-19,26.969999,27.120001,26.930000,26.980000,23.935417,4687900
2015-11-20,27.070000,27.110001,26.840000,26.860001,23.828959,6499300
2015-11-23,26.799999,26.860001,26.620001,26.719999,23.704756,2895800
2015-11-24,26.400000,26.580000,26.330000,26.540001,23.545069,2705400
2015-11-25,26.780001,26.990000,26.750000,26.889999,23.855574,2557600
2015-11-27,27.120001,27.209999,27.110001,27.170000,24.103977,1955400
2015-11-30,27.330000,27.379999,27.240000,27.250000,24.174950,4826500
2015-12-01,27.360001,27.370001,27.120001,27.270000,24.192694,9705900
2015-12-02,26.990000,27.049999,26.780001,26.830000,23.802343,9061700
2015-12-03,26.920000,26.950001,26.530001,26.670000,23.660400,20359000
2015-12-04,26.580000,26.969999,26.570000,26.930000,23.891060,6132000
2015-12-07,26.969999,27.020000,26.830000,26.990000,23.944290,4886800
2015-12-08,26.500000,26.610001,26.370001,26.520000,23.527327,3171700
2015-12-09,26.510000,26.730000,26.219999,26.400000,23.420866,6569100
2015-12-10,26.469999,26.590000,26.370001,26.410000,23.429743,2572600
2015-12-11,25.969999,26.030001,25.760000,25.780001,22.870834,6003900
2015-12-14,25.850000,25.920000,25.510000,25.750000,22.844215,8441100
2015-12-15,26.080000,26.170000,25.940001,26.040001,23.101492,7228800
2015-12-16,26.280001,26.570000,26.090000,26.480000,23.491842,8976500
2015-12-17,26.680000,26.700001,26.379999,26.400000,23.420866,6214100
2015-12-18,26.209999,26.280001,26.070000,26.090000,23.145851,7442200
2015-12-21,26.549999,26.580000,26.120001,26.270000,23.305538,3632500
2015-12-22,26.290001,26.410000,26.150000,26.379999,23.403122,5846100
2015-12-23,26.510000,26.790001,26.510000,26.790001,23.766859,2387700
2015-12-24,26.780001,26.860001,26.770000,26.790001,23.766859,890500
2015-12-28,26.709999,26.770000,26.580000,26.730000,23.713629,1857200
2015-12-29,26.900000,27.080000,26.870001,27.040001,23.988646,2008900
2015-12-30,26.760000,26.780001,26.600000,26.620001,23.616045,2443700
2015-12-31,26.430000,26.480000,26.170000,26.190001,23.234566,6730100
2016-01-04,25.600000,25.629999,25.230000,25.559999,22.675661,5939400
2016-01-05,25.309999,25.370001,25.090000,25.320000,22.462742,8073700
2016-01-06,24.790001,25.090000,24.740000,25.030001,22.205469,7372800
2016-01-07,24.530001,24.799999,24.469999,24.530001,21.761889,13044500
2016-01-08,24.840000,24.870001,24.240000,24.290001,21.548971,6369000
2016-01-11,24.680000,24.690001,24.290001,24.480000,21.717531,7908400
2016-01-12,24.889999,24.940001,24.620001,24.870001,22.063524,9033200
2016-01-13,24.850000,24.900000,24.170000,24.250000,21.513487,6576800
2016-01-14,24.299999,24.629999,24.120001,24.530001,21.761889,11884900
2016-01-15,23.670000,23.900000,23.520000,23.629999,20.963451,11227200
2016-01-19,24.000000,24.100000,23.740000,23.920000,21.220728,7828200
2016-01-20,23.540001,23.590000,23.059999,23.490000,20.839251,7753100
2016-01-21,23.490000,23.850000,23.280001,23.730000,21.052168,8377100
2016-01-22,24.129999,24.250000,24.040001,24.180000,21.451384,14453600
2016-01-25,24.070000,24.180000,23.940001,23.969999,21.265081,5688200
2016-01-26,24.120001,24.440001,24.120001,24.430000,21.673174,4873300
2016-01-27,24.340000,24.610001,24.190001,24.260000,21.522360,13096600
2016-01-28,24.340000,24.379999,23.950001,24.160000,21.433643,5461900
2016-01-29,24.059999,24.340000,24.020000,24.330000,21.584461,6935000
2016-02-01,24.100000,24.370001,24.020000,24.309999,21.566717,4262600
2016-02-02,24.000000,24.020000,23.650000,23.700001,21.025555,8097000
2016-02-03,23.980000,24.160000,23.629999,24.150000,21.424774,9056500
2016-02-04,23.870001,24.180000,23.790001,24.059999,21.344927,12475000
2016-02-05,23.969999,24.020000,23.520000,23.600000,20.936836,5300400
2016-02-08,22.969999,23.090000,22.820000,23.010000,20.413416,11590400
2016-02-09,22.670000,23.100000,22.670000,22.969999,20.377928,12014000
2016-02-10,23.240000,23.320000,23.010000,23.040001,20.440029,9710900
2016-02-11,22.930000,22.959999,22.690001,22.870001,20.289215,16210600
2016-02-12,22.930000,23.129999,22.790001,23.120001,20.511002,11672300
2016-02-16,23.379999,23.440001,23.150000,23.440001,20.794891,3517700
2016-02-17,23.700001,24.000000,23.700001,23.940001,21.238470,7225300
2016-02-18,24.120001,24.120001,23.910000,23.969999,21.265081,9388100
2016-02-19,23.760000,23.930000,23.680000,23.889999,21.194111,5012200
2016-02-22,24.030001,24.170000,24.030001,24.139999,21.415901,2844900
2016-02-23,23.950001,23.980000,23.660000,23.700001,21.025555,3931300
2016-02-24,23.100000,23.420000,22.990000,23.400000,20.759405,7371000
2016-02-25,23.530001,23.660000,23.400000,23.660000,20.990067,3977000
2016-02-26,23.820000,23.850000,23.610001,23.650000,20.981194,4033900
2016-02-29,23.480000,23.580000,23.340000,23.360001,20.723921,4084400
2016-03-01,23.910000,24.260000,23.860001,24.240000,21.504614,5026900
2016-03-02,24.049999,24.230000,23.980000,24.219999,21.486872,4342300
2016-03-03,24.250000,24.469999,24.200001,24.459999,21.699789,3127300
2016-03-04,24.570000,24.700001,24.520000,24.559999,21.788506,6234400
2016-03-07,24.260000,24.590000,24.240000,24.490000,21.726408,8483600
2016-03-08,24.490000,24.500000,24.240000,24.240000,21.504614,4244700
2016-03-09,24.410000,24.440001,24.280001,24.340000,21.593332,4830700
2016-03-10,24.629999,24.870001,24.020000,24.250000,21.513487,23740800
2016-03-11,24.840000,25.129999,24.809999,25.110001,22.276440,9918400
2016-03-14,25.209999,25.309999,25.139999,25.240000,22.391771,3916100
2016-03-15,25.080000,25.150000,25.010000,25.129999,22.294186,2914800
2016-03-16,25.080000,25.570000,25.080000,25.520000,22.640171,4877200
2016-03-17,25.370001,25.540001,25.270000,25.510000,22.631302,4881900
2016-03-18,25.490000,25.610001,25.450001,25.549999,22.666788,8096000
2016-03-21,25.480000,25.600000,25.420000,25.520000,22.640171,6035000
2016-03-22,25.290001,25.580000,25.270000,25.520000,22.640171,3596000
2016-03-23,25.650000,25.650000,25.389999,25.430000,22.560329,3425800
2016-03-24,25.090000,25.219999,25.049999,25.170000,22.329666,2306800
2016-03-28,25.309999,25.320000,25.180000,25.240000,22.391771,1912000
2016-03-29,25.090000,25.590000,25.080000,25.590000,22.702276,3383200
2016-03-30,25.959999,26.110001,25.879999,25.930000,23.003906,4455400
2016-03-31,25.889999,25.980000,25.730000,25.730000,22.826473,4347700
2016-04-01,25.209999,25.549999,25.170000,25.520000,22.640171,5742300
2016-04-04,25.549999,25.610001,25.379999,25.400000,22.533710,4828500
2016-04-05,24.889999,24.940001,24.780001,24.799999,22.001419,3265400
2016-04-06,24.760000,25.160000,24.760000,25.150000,22.311926,2705600
2016-04-07,24.850000,24.889999,24.530001,24.600000,21.823992,9828900
2016-04-08,25.100000,25.139999,24.940001,25.020000,22.196600,10829900
2016-04-11,25.280001,25.410000,25.110001,25.110001,22.276440,2921800
2016-04-12,25.219999,25.469999,25.049999,25.430000,22.560329,3523100
2016-04-13,25.690001,25.820000,25.639999,25.740000,22.835344,2720700
2016-04-14,25.900000,25.910000,25.820000,25.830000,22.915190,3235600
2016-04-15,25.870001,25.900000,25.760000,25.799999,22.888575,3391600
2016-04-18,25.790001,26.139999,25.780001,26.090000,23.145851,4147600
2016-04-19,26.660000,26.799999,26.639999,26.760000,23.740246,3685400
2016-04-20,26.780001,26.889999,26.680000,26.780001,23.757988,3396100
2016-04-21,26.799999,26.830000,26.600000,26.670000,23.660400,4064700
2016-04-22,26.520000,26.610001,26.420000,26.530001,23.536200,4360400
2016-04-25,26.330000,26.410000,26.250000,26.400000,23.420866,6173000
2016-04-26,26.450001,26.490000,26.299999,26.420000,23.438612,2681800
2016-04-27,26.450001,26.620001,26.410000,26.570000,23.571686,7737800
2016-04-28,26.309999,26.570000,26.290001,26.379999,23.403122,6916000
2016-04-29,26.309999,26.370001,26.139999,26.230000,23.270056,7650900
2016-05-02,26.469999,26.559999,26.389999,26.530001,23.536200,2568100
2016-05-03,26.190001,26.209999,26.000000,26.040001,23.101492,6226200
2016-05-04,25.780001,25.889999,25.650000,25.709999,22.808731,9265700
2016-05-05,25.549999,25.600000,25.469999,25.549999,22.666788,6392700
2016-05-06,25.520000,25.740000,25.520000,25.730000,22.826473,8510000
2016-05-09,25.930000,26.000000,25.799999,25.820000,22.906317,3774000
2016-05-10,25.959999,26.110001,25.920000,26.090000,23.145851,5461100
2016-05-11,25.889999,26.049999,25.820000,25.860001,22.941805,8028600
2016-05-12,25.930000,25.959999,25.500000,25.610001,22.720016,9941200
2016-05-13,25.530001,25.680000,25.379999,25.450001,22.578074,5230600
2016-05-16,25.490000,25.670000,25.400000,25.629999,22.737759,4052700
2016-05-17,25.530001,25.620001,25.299999,25.350000,22.489357,4397100
2016-05-18,25.270000,25.590000,25.209999,25.340000,22.480484,6566700
2016-05-19,25.049999,25.129999,24.969999,25.100000,22.267569,4761700
2016-05-20,25.290001,25.370001,25.240000,25.309999,22.453869,6007000
2016-05-23,25.120001,25.219999,25.100000,25.180000,22.338543,6600900
2016-05-24,25.370001,25.660000,25.370001,25.600000,22.711145,7277400
2016-05-25,25.799999,25.920000,25.799999,25.850000,22.932934,3935500
2016-05-26,26.150000,26.180000,26.030001,26.080000,23.136978,2464400
2016-05-27,26.040001,26.090000,25.930000,26.000000,23.066008,1683900
2016-05-31,26.129999,26.209999,25.860001,25.930000,23.003906,4625700
2016-06-01,25.820000,25.990000,25.790001,25.959999,23.030518,4081400
2016-06-02,25.870001,26.010000,25.809999,26.000000,23.066008,4434700
2016-06-03,26.059999,26.139999,25.889999,26.120001,23.172468,3037600
2016-06-06,26.120001,26.240000,26.080000,26.160000,23.207952,3325900
2016-06-07,26.520000,26.580000,26.459999,26.469999,23.482969,5065600
2016-06-08,26.500000,26.540001,26.410000,26.490000,23.500711,1389900
2016-06-09,25.980000,26.070000,25.920000,26.010000,23.074881,3750200
2016-06-10,25.330000,25.379999,25.049999,25.150000,22.311926,6546700
2016-06-13,24.799999,25.040001,24.680000,24.750000,21.957062,4942800
2016-06-14,24.500000,24.580000,24.280001,24.459999,21.699789,9324400
2016-06-15,24.580000,24.780001,24.510000,24.540001,21.770763,5261800
2016-06-16,24.120001,24.719999,23.920000,24.690001,21.903833,5499700
2016-06-17,24.750000,24.969999,24.600000,24.930000,22.116755,9295000
2016-06-20,25.709999,25.760000,25.530001,25.530001,22.649046,12798800
2016-06-21,25.700001,25.920000,25.540001,25.740000,22.835344,6423800
2016-06-22,25.370001,25.420000,25.160000,25.219999,22.919865,10220700
2016-06-23,25.770000,26.110001,25.580000,26.040001,23.665077,11615400
2016-06-24,23.540001,24.030001,23.420000,23.490000,21.347645,46597900
2016-06-27,23.010000,23.020000,22.510000,22.920000,20.829630,11774000
2016-06-28,23.389999,23.459999,23.139999,23.389999,21.256767,16493500
2016-06-29,23.700001,23.750000,23.570000,23.709999,21.547581,11630600
2016-06-30,23.730000,24.080000,23.639999,24.049999,21.856573,14300300
2016-07-01,24.200001,24.280001,24.120001,24.120001,21.920189,22598400
2016-07-05,23.680000,23.719999,23.309999,23.370001,21.238592,16997000
2016-07-06,23.080000,23.320000,22.889999,23.299999,21.174974,9277100
2016-07-07,23.280001,23.370001,23.020000,23.129999,21.020481,13257100
2016-07-08,23.610001,23.700001,23.549999,23.650000,21.493053,9391900
2016-07-11,24.059999,24.180000,24.010000,24.030001,21.838398,6878100
2016-07-12,24.540001,24.590000,24.400000,24.410000,22.183739,8831800
2016-07-13,24.540001,24.610001,24.420000,24.450001,22.220089,3651800
2016-07-14,24.820000,24.940001,24.790001,24.830000,22.565435,8594400
2016-07-15,24.740000,24.760000,24.650000,24.730000,22.474556,9822600
2016-07-18,24.650000,24.860001,24.580000,24.740000,22.483641,2988000
2016-07-19,24.450001,24.500000,24.370001,24.459999,22.229179,3284000
2016-07-20,24.740000,24.830000,24.690001,24.770000,22.510906,2083100
2016-07-21,24.799999,24.900000,24.750000,24.790001,22.529083,6098300
2016-07-22,24.840000,24.870001,24.709999,24.780001,22.519995,3301500
2016-07-25,24.930000,24.980000,24.799999,24.889999,22.619961,2615700
2016-07-26,25.000000,25.110001,24.940001,25.070000,22.783546,5819000
2016-07-27,25.240000,25.360001,25.070000,25.299999,22.992571,4268300
2016-07-28,25.400000,25.450001,25.290001,25.420000,23.101627,4903900
2016-07-29,25.530001,25.690001,25.510000,25.650000,23.310648,2460400
2016-08-01,25.559999,25.700001,25.490000,25.549999,23.219767,2556500
2016-08-02,25.410000,25.410000,25.240000,25.309999,23.001657,7950900
2016-08-03,25.170000,25.290001,25.160000,25.290001,22.983482,1741100
2016-08-04,25.270000,25.330000,25.200001,25.299999,22.992571,1779700
2016-08-05,25.350000,25.540001,25.320000,25.510000,23.183416,2377600
2016-08-08,25.650000,25.680000,25.600000,25.639999,23.301559,2905900
2016-08-09,25.910000,26.360001,25.910000,26.270000,23.874105,3904400
2016-08-10,26.410000,26.450001,26.370001,26.379999,23.974068,1870400
2016-08-11,26.530001,26.639999,26.480000,26.530001,24.110392,3306800
2016-08-12,26.590000,26.629999,26.490000,26.500000,24.083126,3233500
2016-08-15,26.639999,26.709999,26.620001,26.629999,24.201265,2594200
2016-08-16,26.660000,26.780001,26.620001,26.660000,24.228531,6133300
2016-08-17,26.420000,26.610001,26.299999,26.540001,24.119478,5106400
2016-08-18,26.559999,26.740000,26.540001,26.740000,24.301237,1725400
2016-08-19,26.450001,26.570000,26.360001,26.559999,24.137653,2360800
2016-08-22,26.299999,26.459999,26.260000,26.430000,24.019512,1941900
2016-08-23,26.639999,26.719999,26.549999,26.570000,24.146740,1836900
2016-08-24,26.549999,26.600000,26.450001,26.480000,24.064949,1431500
2016-08-25,26.340000,26.410000,26.290001,26.330000,23.928629,1489400
2016-08-26,26.389999,26.690001,26.040001,26.150000,23.765045,4915000
2016-08-29,26.090000,26.290001,26.090000,26.270000,23.874105,4868700
2016-08-30,26.389999,26.450001,26.290001,26.330000,23.928629,2765200
2016-08-31,26.270000,26.340000,26.150000,26.209999,23.819574,1463400
2016-09-01,26.250000,26.320000,26.090000,26.299999,23.901365,6898400
2016-09-02,26.480000,26.590000,26.350000,26.540001,24.119478,2655500
2016-09-06,26.590000,26.750000,26.549999,26.690001,24.255800,2261600
2016-09-07,26.790001,26.879999,26.709999,26.790001,24.346678,1485300
2016-09-08,26.660000,26.750000,26.580000,26.650000,24.219448,6101100
2016-09-09,26.410000,26.410000,26.049999,26.070000,23.692345,3007100
2016-09-12,25.809999,26.270000,25.799999,26.250000,23.855927,2314100
2016-09-13,26.020000,26.100000,25.790001,25.900000,23.537848,3262900
2016-09-14,25.900000,26.040001,25.840000,25.889999,23.528757,2225900
2016-09-15,25.870001,26.139999,25.780001,26.100000,23.719606,2750400
2016-09-16,25.580000,25.580000,25.450001,25.520000,23.192505,3621300
2016-09-19,25.709999,25.809999,25.629999,25.680000,23.337910,1732700
2016-09-20,25.930000,25.969999,25.770000,25.790001,23.437881,1854900
2016-09-21,25.889999,26.160000,25.799999,26.139999,23.755960,3303500
2016-09-22,26.639999,26.750000,26.520000,26.540001,24.119478,3801900
2016-09-23,26.430000,26.520000,26.430000,26.440001,24.028599,1454600
2016-09-26,26.090000,26.110001,25.980000,26.010000,23.637814,3120100
2016-09-27,25.620001,25.969999,25.610001,25.950001,23.583288,5238700
2016-09-28,26.150000,26.260000,25.940001,26.209999,23.819574,2106200
2016-09-29,26.139999,26.219999,25.570000,25.690001,23.347002,4202900
2016-09-30,25.910000,26.360001,25.889999,26.270000,23.874105,3931000
2016-10-03,26.139999,26.160000,25.990000,26.160000,23.774136,3736900
2016-10-04,26.270000,26.430000,26.180000,26.280001,23.883188,5510100
2016-10-05,26.389999,26.430000,26.309999,26.389999,23.983158,2481900
2016-10-06,26.270000,26.330000,26.230000,26.270000,23.874105,2657900
2016-10-07,26.190001,26.190001,25.879999,26.080000,23.701431,2387300
2016-10-10,26.230000,26.360001,26.230000,26.250000,23.855927,1344200
2016-10-11,26.230000,26.250000,25.879999,25.969999,23.601463,4218700
2016-10-12,25.770000,25.860001,25.680000,25.780001,23.428795,7413700
2016-10-13,25.430000,25.690001,25.360001,25.639999,23.301559,5229100
2016-10-14,25.850000,25.950001,25.760000,25.770000,23.419703,1757000
2016-10-17,25.709999,25.750000,25.600000,25.670000,23.328825,1789600
2016-10-18,25.980000,26.000000,25.840000,25.889999,23.528757,4603700
2016-10-19,25.900000,25.969999,25.870001,25.940001,23.574200,1302900
2016-10-20,25.840000,26.040001,25.820000,25.940001,23.574200,3632200
2016-10-21,25.719999,25.840000,25.709999,25.840000,23.483318,1601200
2016-10-24,26.030001,26.059999,25.889999,25.920000,23.556025,1591500
2016-10-25,25.900000,25.959999,25.820000,25.930000,23.565111,1782500
2016-10-26,25.760000,25.870001,25.730000,25.799999,23.446966,4023200
2016-10-27,25.889999,25.910000,25.780001,25.799999,23.446966,3075100
2016-10-28,25.780001,25.930000,25.750000,25.860001,23.501495,2549300
2016-10-31,25.830000,25.940001,25.750000,25.910000,23.546936,2227200
2016-11-01,25.969999,25.969999,25.600000,25.709999,23.365175,3840300
2016-11-02,25.610001,25.660000,25.430000,25.510000,23.183416,4986900
2016-11-03,25.440001,25.480000,25.320000,25.370001,23.056189,3391500
2016-11-04,25.209999,25.309999,25.129999,25.190001,22.892601,2221600
2016-11-07,25.500000,25.580000,25.440001,25.559999,23.228859,1829700
2016-11-08,25.490000,25.709999,25.450001,25.639999,23.301559,3527100
2016-11-09,25.340000,25.760000,25.340000,25.650000,23.310648,6317000
2016-11-10,25.620001,25.690001,25.340000,25.570000,23.237944,5576000
2016-11-11,25.559999,25.610001,25.400000,25.490000,23.165241,2449500
2016-11-14,25.240000,25.320000,25.160000,25.240000,22.938042,6913300
2016-11-15,25.240000,25.370001,25.209999,25.360001,23.047096,3365000
2016-11-16,25.040001,25.160000,25.000000,25.059999,22.774456,5069200
2016-11-17,25.049999,25.139999,25.000000,25.090000,22.801722,5496200
2016-11-18,24.959999,25.000000,24.820000,24.860001,22.592701,2036700
2016-11-21,24.980000,25.049999,24.900000,25.020000,22.738108,1446600
2016-11-22,25.090000,25.129999,24.969999,25.090000,22.801722,2493500
2016-11-23,24.700001,24.830000,24.639999,24.809999,22.547256,2552500
2016-11-25,24.980000,25.000000,24.940001,24.969999,22.692665,1725700
2016-11-28,24.770000,24.799999,24.660000,24.709999,22.456375,2007400
2016-11-29,24.670000,24.959999,24.660000,24.920000,22.647226,1485600
2016-11-30,24.920000,24.940001,24.780001,24.830000,22.565435,2764100
2016-12-01,24.700001,24.719999,24.549999,24.680000,22.429115,1837000
2016-12-02,24.580000,24.820000,24.559999,24.740000,22.483641,2653400
2016-12-05,25.129999,25.400000,25.120001,25.340000,23.028923,3004800
2016-12-06,25.320000,25.570000,25.320000,25.559999,23.228859,4378700
2016-12-07,25.820000,26.270000,25.820000,26.160000,23.774136,13291000
2016-12-08,26.090000,26.129999,26.000000,26.070000,23.692345,6705100
2016-12-09,26.010000,26.120001,25.959999,26.090000,23.710520,6189300
2016-12-12,26.070000,26.170000,26.040001,26.110001,23.728697,4169800
2016-12-13,26.270000,26.450001,26.270000,26.340000,23.937717,5876300
2016-12-14,26.320000,26.440001,25.950001,26.020000,23.646904,11454900
2016-12-15,25.900000,26.040001,25.879999,26.020000,23.646904,4158700
2016-12-16,26.080000,26.240000,26.080000,26.129999,23.746870,5400700
2016-12-19,26.139999,26.250000,26.049999,26.059999,23.683254,2280100
2016-12-20,26.080000,26.219999,26.080000,26.150000,23.765045,1330600
2016-12-21,26.280001,26.340000,26.260000,26.290001,23.900505,2827600
2016-12-22,26.350000,26.410000,26.260000,26.270000,23.882324,1742400
2016-12-23,26.240000,26.330000,26.240000,26.309999,23.918684,1280000
2016-12-27,26.350000,26.400000,26.340000,26.360001,23.964142,1463000
2016-12-28,26.240000,26.240000,26.110001,26.180000,23.800503,2108600
2016-12-29,26.280001,26.400000,26.280001,26.340000,23.945959,1523300
2016-12-30,26.580000,26.670000,26.459999,26.480000,24.073235,3084600
2017-01-03,26.490000,26.549999,26.410000,26.500000,24.091417,2838700
2017-01-04,26.510000,26.680000,26.510000,26.660000,24.236874,2657900
2017-01-05,26.790001,27.010000,26.790001,26.950001,24.500515,4653300
2017-01-06,26.809999,26.930000,26.809999,26.860001,24.418699,1278300
2017-01-09,26.709999,26.879999,26.700001,26.830000,24.391424,1195500
2017-01-10,26.879999,26.969999,26.809999,26.820000,24.382330,3497300
2017-01-11,26.760000,27.120001,26.760000,27.080000,24.618702,6543300
2017-01-12,27.059999,27.090000,26.940001,26.990000,24.536882,3330200
2017-01-13,27.139999,27.170000,27.070000,27.120001,24.655066,1703300
2017-01-17,27.160000,27.219999,27.120001,27.180000,24.709614,6282700
2017-01-18,27.139999,27.260000,27.110001,27.180000,24.709614,1939100
2017-01-19,27.110001,27.139999,27.030001,27.120001,24.655066,1688900
2017-01-20,27.219999,27.320000,27.209999,27.309999,24.827793,1826100
2017-01-23,27.299999,27.370001,27.230000,27.350000,24.864161,1857900
2017-01-24,27.350000,27.490000,27.350000,27.459999,24.964159,1140000
2017-01-25,27.799999,27.940001,27.780001,27.910000,25.373262,3413700
2017-01-26,27.790001,27.830000,27.709999,27.780001,25.255079,1368300
2017-01-27,27.799999,27.830000,27.730000,27.780001,25.255079,1042900
2017-01-30,27.430000,27.559999,27.330000,27.559999,25.055075,3276300
2017-01-31,27.670000,27.690001,27.389999,27.510000,25.009619,3973200
2017-02-01,27.700001,27.709999,27.520000,27.600000,25.091438,8959600
2017-02-02,27.629999,27.690001,27.530001,27.590000,25.082348,1119000
2017-02-03,27.600000,27.670000,27.540001,27.650000,25.136892,1774900
2017-02-06,27.190001,27.270000,27.080000,27.219999,24.745975,3865900
2017-02-07,27.200001,27.230000,27.110001,27.180000,24.709614,5691600
2017-02-08,27.070000,27.200001,27.020000,27.180000,24.709614,3879600
2017-02-09,27.240000,27.350000,27.219999,27.290001,24.809614,1862200
2017-02-10,27.219999,27.350000,27.209999,27.309999,24.827793,1478500
2017-02-13,27.540001,27.559999,27.430000,27.430000,24.936890,1603000
2017-02-14,27.450001,27.469999,27.320000,27.440001,24.945980,2283900
2017-02-15,27.230000,27.510000,27.209999,27.490000,24.991436,2900500
2017-02-16,27.540001,27.660000,27.530001,27.639999,25.127802,4880600
2017-02-17,27.480000,27.549999,27.430000,27.540001,25.036892,3198100
2017-02-21,27.580000,27.799999,27.580000,27.780001,25.255079,3161700
2017-02-22,27.680000,27.889999,27.660000,27.860001,25.327808,4258500
2017-02-23,27.860001,27.879999,27.719999,27.799999,25.273260,4308100
2017-02-24,27.340000,27.500000,27.309999,27.480000,24.982347,3838800
2017-02-27,27.480000,27.620001,27.459999,27.570000,25.064163,4030000
2017-02-28,27.530001,27.650000,27.500000,27.520000,25.018711,3465400
2017-03-01,27.780001,27.990000,27.760000,27.910000,25.373262,3752500
2017-03-02,27.790001,27.850000,27.750000,27.760000,25.236897,2815300
2017-03-03,27.840000,28.010000,27.760000,27.990000,25.445992,2554400
2017-03-06,27.850000,27.850000,27.719999,27.830000,25.300535,1656900
2017-03-07,27.709999,27.809999,27.660000,27.719999,25.200531,3917600
2017-03-08,27.740000,27.790001,27.580000,27.610001,25.100533,1370700
2017-03-09,27.790001,27.879999,27.719999,27.790001,25.264170,2733800
2017-03-10,28.000000,28.070000,27.889999,28.049999,25.500538,4366600
2017-03-13,28.020000,28.100000,28.020000,28.059999,25.509628,4159200
2017-03-14,27.969999,28.000000,27.889999,27.910000,25.373262,4470300
2017-03-15,27.900000,28.299999,27.889999,28.270000,25.700542,3795200
2017-03-16,28.410000,28.530001,28.330000,28.490000,25.900545,4634000
2017-03-17,28.459999,28.530001,28.410000,28.410000,25.827818,5675100
2017-03-20,28.440001,28.480000,28.299999,28.360001,25.782364,1541300
2017-03-21,28.650000,28.670000,28.180000,28.219999,25.655085,3995000
2017-03-22,28.150000,28.280001,28.129999,28.230000,25.664177,1898500
2017-03-23,28.150000,28.450001,28.150000,28.370001,25.791454,2066500
2017-03-24,28.480000,28.639999,28.459999,28.549999,25.955090,7910100
2017-03-27,28.480000,28.629999,28.430000,28.620001,26.018732,6490400
2017-03-28,28.700001,28.910000,28.690001,28.809999,26.191460,5678800
2017-03-29,28.750000,28.780001,28.680000,28.780001,26.164190,5018300
2017-03-30,28.700001,28.770000,28.620001,28.629999,26.027821,2451700
2017-03-31,28.660000,28.860001,28.639999,28.750000,26.136915,3135400
2017-04-03,28.790001,28.809999,28.480000,28.709999,26.100550,4028500
2017-04-04,28.600000,28.740000,28.570000,28.730000,26.118732,4332300
2017-04-05,28.610001,28.709999,28.490000,28.520000,25.927820,11980500
2017-04-06,28.520000,28.590000,28.469999,28.510000,25.918730,2041000
2017-04-07,28.370001,28.480000,28.350000,28.430000,25.846003,3430100
2017-04-10,28.320000,28.430000,28.309999,28.330000,25.755087,2310000
2017-04-11,28.389999,28.430000,28.080000,28.340000,25.764181,3227200
2017-04-12,28.309999,28.400000,28.240000,28.400000,25.818726,1803800
2017-04-13,28.230000,28.270000,28.120001,28.150000,25.591448,3435100
2017-04-17,28.240000,28.330000,28.209999,28.280001,25.709635,3055100
2017-04-18,28.170000,28.280001,28.090000,28.250000,25.682362,2360500
2017-04-19,28.290001,28.299999,28.129999,28.150000,25.591448,1182800
2017-04-20,28.370001,28.450001,28.320000,28.340000,25.764181,5964600
2017-04-21,28.320000,28.360001,28.260000,28.340000,25.764181,4358400
2017-04-24,29.540001,29.690001,29.530001,29.660000,26.964205,4214800
2017-04-25,29.740000,29.930000,29.719999,29.900000,27.182388,2618200
2017-04-26,29.709999,29.799999,29.670000,29.730000,27.027842,1791300
2017-04-27,29.730000,29.730000,29.600000,29.670000,26.973295,1947300
2017-04-28,29.750000,29.770000,29.670000,29.680000,26.982388,2548300
2017-05-01,29.740000,29.910000,29.730000,29.870001,27.155119,2130300
2017-05-02,29.820000,29.990000,29.770000,29.969999,27.246029,1901700
2017-05-03,29.910000,29.969999,29.879999,29.910000,27.191484,3842000
2017-05-04,30.190001,30.450001,30.190001,30.420000,27.655130,2444600
2017-05-05,30.420000,30.910000,30.410000,30.879999,28.073318,5018900
2017-05-08,30.440001,30.459999,30.360001,30.440001,27.673311,5278300
2017-05-09,30.430000,30.480000,30.299999,30.360001,27.600582,5302200
2017-05-10,30.400000,30.420000,30.290001,30.330000,27.573309,1279800
2017-05-11,30.260000,30.260000,30.090000,30.260000,27.509672,1206300
2017-05-12,30.389999,30.549999,30.379999,30.540001,27.764221,1924800
2017-05-15,30.590000,30.760000,30.570000,30.740000,27.946043,1486200
2017-05-16,31.049999,31.080000,30.959999,31.020000,28.200596,2277000
2017-05-17,30.830000,30.879999,30.580000,30.580000,27.800583,2853400
2017-05-18,30.469999,30.650000,30.440001,30.629999,27.846041,2596800
2017-05-19,30.879999,31.000000,30.860001,30.959999,28.146049,4038500
2017-05-22,31.030001,31.120001,30.969999,31.020000,28.200596,6148200
2017-05-23,31.120001,31.139999,30.950001,30.980000,28.164228,3532200
2017-05-24,30.930000,31.020000,30.860001,31.010000,28.191504,3094900
2017-05-25,30.959999,31.040001,30.920000,30.959999,28.146049,1141000
2017-05-26,30.750000,30.820000,30.740000,30.790001,27.991501,2714800
2017-05-30,30.850000,30.959999,30.790001,30.820000,28.018772,1405200
2017-05-31,31.150000,31.209999,30.980000,31.020000,28.200596,2227100
2017-06-01,31.059999,31.150000,31.049999,31.150000,28.318783,4361000
2017-06-02,31.610001,31.750000,31.549999,31.690001,28.809700,3773400
2017-06-05,31.530001,31.540001,31.420000,31.520000,28.655148,5494800
2017-06-06,31.270000,31.360001,31.240000,31.270000,28.427872,2664800
2017-06-07,31.270000,31.340000,31.110001,31.290001,28.446056,1689000
2017-06-08,31.150000,31.209999,31.100000,31.200001,28.364233,2796300
2017-06-09,31.219999,31.350000,31.180000,31.280001,28.436964,5186900
2017-06-12,31.150000,31.180000,31.030001,31.120001,28.291506,1510900
2017-06-13,31.280001,31.379999,31.240000,31.330000,28.482416,2998700
2017-06-14,31.719999,31.730000,31.330000,31.450001,28.591513,2341500
2017-06-15,30.799999,30.940001,30.760000,30.930000,28.118776,1942000
2017-06-16,31.070000,31.230000,31.040001,31.230000,28.391508,1530200
2017-06-19,31.469999,31.520000,31.400000,31.450001,28.591513,3134200
2017-06-20,30.790001,30.830000,30.490000,30.559999,28.318153,2373600
2017-06-21,30.500000,30.570000,30.430000,30.559999,28.318153,1916600
2017-06-22,30.570000,30.610001,30.500000,30.530001,28.290356,3006300
2017-06-23,30.440001,30.620001,30.389999,30.540001,28.299620,1421900
2017-06-26,30.750000,30.790001,30.570000,30.580000,28.336685,1172500
2017-06-27,30.620001,30.760000,30.530001,30.610001,28.364489,2656900
2017-06-28,30.700001,30.910000,30.680000,30.879999,28.614677,1760100
2017-06-29,30.670000,30.670000,30.240000,30.379999,28.151358,3786300
2017-06-30,30.350000,30.370001,30.090000,30.270000,28.049429,3369500
2017-07-03,30.260000,30.370001,30.260000,30.290001,28.067961,1038300
2017-07-05,30.200001,30.340000,30.129999,30.320000,28.095762,2529800
2017-07-06,30.139999,30.299999,30.080000,30.180000,27.966030,2699000
2017-07-07,30.139999,30.330000,30.120001,30.320000,28.095762,2793600
2017-07-10,30.299999,30.420000,30.290001,30.389999,28.160622,2625700
2017-07-11,30.440001,30.650000,30.370001,30.650000,28.401548,4257900
2017-07-12,30.809999,30.910000,30.799999,30.850000,28.586880,10732100
2017-07-13,30.860001,30.900000,30.790001,30.889999,28.623945,4231200
2017-07-14,30.900000,31.110001,30.840000,31.090000,28.809273,1206200
2017-07-17,30.930000,30.969999,30.889999,30.940001,28.670277,1785100
2017-07-18,30.760000,30.860001,30.719999,30.820000,28.559080,4459000
2017-07-19,30.760000,30.840000,30.719999,30.820000,28.559080,1491600
2017-07-20,31.020000,31.070000,30.889999,31.010000,28.735142,3864700
2017-07-21,30.620001,30.680000,30.490000,30.660000,28.410818,3015300
2017-07-24,30.459999,30.600000,30.410000,30.590000,28.345953,1939900
2017-07-25,30.780001,30.790001,30.600000,30.620001,28.373753,1640700
2017-07-26,30.700001,30.889999,30.670000,30.820000,28.559080,2069300
2017-07-27,30.700001,30.700001,30.430000,30.559999,28.318153,3878600
2017-07-28,30.570000,30.709999,30.549999,30.690001,28.438618,1608500
2017-07-31,30.660000,30.740000,30.530001,30.709999,28.457150,6248000
2017-08-01,30.990000,31.160000,30.980000,31.000000,28.725878,2657300
2017-08-02,31.100000,31.120001,30.920000,31.000000,28.725878,7822700
2017-08-03,30.950001,31.040001,30.900000,30.900000,28.633211,10200800
2017-08-04,31.100000,31.129999,30.940001,31.059999,28.781473,9905200
2017-08-07,30.990000,31.010000,30.950001,31.010000,28.735142,1401100
2017-08-08,30.940001,31.040001,30.830000,30.879999,28.614677,2584800
2017-08-09,30.490000,30.740000,30.459999,30.730000,28.475679,2750100
2017-08-10,30.360001,30.379999,30.180000,30.200001,27.984562,2218400
2017-08-11,30.420000,30.480000,30.330000,30.400000,28.169891,3146400
2017-08-14,30.770000,30.799999,30.700001,30.719999,28.466417,1450300
2017-08-15,30.680000,30.730000,30.510000,30.690001,28.438618,1419900
2017-08-16,30.750000,30.910000,30.750000,30.860001,28.596148,9888000
2017-08-17,30.709999,30.770000,30.459999,30.469999,28.234755,3715600
2017-08-18,30.570000,30.709999,30.520000,30.639999,28.392286,2379800
2017-08-21,30.549999,30.590000,30.400000,30.540001,28.299620,1380300
2017-08-22,30.730000,30.850000,30.730000,30.840000,28.577610,1614200
2017-08-23,30.780001,30.889999,30.770000,30.879999,28.614677,1468200
2017-08-24,30.920000,30.969999,30.780001,30.790001,28.531282,4007000
2017-08-25,30.879999,31.160000,30.879999,31.090000,28.809273,4462400
2017-08-28,31.090000,31.129999,31.040001,31.110001,28.827806,810300
2017-08-29,30.660000,30.830000,30.629999,30.740000,28.484949,3287700
2017-08-30,30.709999,30.740000,30.620001,30.650000,28.401548,1093300
2017-08-31,30.719999,30.790001,30.600000,30.760000,28.503479,1973100
2017-09-01,30.980000,31.010000,30.840000,30.850000,28.586880,6108400
2017-09-05,30.969999,31.040001,30.680000,30.770000,28.512749,6849200
2017-09-06,31.260000,31.340000,31.150000,31.270000,28.976068,2780300
2017-09-07,31.650000,31.670000,31.530001,31.629999,29.309658,5031100
2017-09-08,31.680000,31.690001,31.580000,31.590000,29.272594,2563900
2017-09-11,31.870001,32.000000,31.870001,31.940001,29.596920,1500800
2017-09-12,32.029999,32.070000,31.980000,32.020000,29.671053,1735900
2017-09-13,32.020000,32.049999,31.840000,31.879999,29.541321,2513800
2017-09-14,31.799999,31.950001,31.790001,31.950001,29.606186,1503000
2017-09-15,32.040001,32.080002,31.920000,32.020000,29.671053,8558600
2017-09-18,32.119999,32.160000,32.029999,32.099998,29.745180,1998300
2017-09-19,32.169998,32.240002,32.139999,32.209999,29.847111,1696800
2017-09-20,32.200001,32.330002,31.930000,32.110001,29.754448,2222900
2017-09-21,32.119999,32.189999,32.080002,32.130001,29.772982,2489700
2017-09-22,32.220001,32.279999,32.169998,32.189999,29.828577,3288500
2017-09-25,32.029999,32.070000,31.799999,31.860001,29.522787,1982600
2017-09-26,31.820000,31.850000,31.690001,31.770000,29.439390,2330300
2017-09-27,31.760000,31.910000,31.740000,31.850000,29.513519,927300
2017-09-28,32.000000,32.080002,31.980000,32.009998,29.661779,3317800
2017-09-29,32.240002,32.450001,32.180000,32.430000,30.050970,2278300
2017-10-02,32.290001,32.380001,32.270000,32.349998,29.976839,1879800
2017-10-03,32.380001,32.480000,32.380001,32.470001,30.088039,1743700
2017-10-04,32.470001,32.580002,32.459999,32.480000,30.097303,5589300
2017-10-05,32.389999,32.470001,32.369999,32.470001,30.088039,5673000
2017-10-06,32.320000,32.490002,32.320000,32.480000,30.097303,7384200
2017-10-09,32.470001,32.529999,32.430000,32.459999,30.078770,1526400
2017-10-10,32.610001,32.750000,32.540001,32.689999,30.291899,3952700
2017-10-11,32.779999,32.900002,32.779999,32.880001,30.467964,2387900
2017-10-12,32.869999,32.900002,32.820000,32.840000,30.430895,1902700
2017-10-13,32.919998,32.980000,32.810001,32.840000,30.430895,1446700
2017-10-16,32.840000,32.849998,32.740002,32.770000,30.366030,1475200
2017-10-17,32.689999,32.730000,32.639999,32.720001,30.319700,1786000
2017-10-18,32.849998,32.919998,32.770000,32.900002,30.486494,1349300
2017-10-19,32.750000,32.860001,32.730000,32.820000,30.412363,3689300
2017-10-20,32.730000,32.740002,32.610001,32.630001,30.236301,2761800
2017-10-23,32.590000,32.619999,32.520000,32.529999,30.143639,1550300
2017-10-24,32.639999,32.740002,32.599998,32.650002,30.254835,1527700
2017-10-25,32.700001,32.740002,32.520000,32.639999,30.245565,1586000
2017-10-26,32.680000,32.820000,32.599998,32.689999,30.291899,2231800
2017-10-27,32.730000,32.790001,32.650002,32.740002,30.338232,1539900
2017-10-30,32.790001,32.900002,32.790001,32.889999,30.477226,1349300
2017-10-31,33.000000,33.090000,32.959999,33.070000,30.644026,2154800
2017-11-01,33.380001,33.439999,33.340000,33.349998,30.903481,2003600
2017-11-02,33.419998,33.500000,33.380001,33.500000,31.042479,4925500
2017-11-03,33.480000,33.480000,33.320000,33.389999,30.940548,1898800
2017-11-06,33.270000,33.349998,33.250000,33.340000,30.894218,4556700
2017-11-07,33.230000,33.270000,32.950001,33.070000,30.644026,3500200
2017-11-08,33.119999,33.209999,33.060001,33.180000,30.745956,1770800
2017-11-09,32.779999,32.880001,32.630001,32.820000,30.412363,2115300
2017-11-10,32.770000,32.820000,32.680000,32.740002,30.338232,1012500
2017-11-13,32.389999,32.680000,32.369999,32.669998,30.273363,2289600
2017-11-14,32.740002,32.869999,32.660000,32.849998,30.440161,3248800
2017-11-15,32.509998,32.730000,32.470001,32.610001,30.217770,1135100
2017-11-16,32.840000,32.900002,32.759998,32.869999,30.458693,4475600
2017-11-17,32.849998,32.849998,32.669998,32.709999,30.310432,1813700
2017-11-20,32.799999,32.880001,32.709999,32.730000,30.328964,1742400
2017-11-21,33.040001,33.130001,33.040001,33.040001,30.616226,1527600
2017-11-22,33.070000,33.080002,32.689999,32.820000,30.412363,2032900
2017-11-24,33.320000,33.410000,33.299999,33.320000,30.875681,1199200
2017-11-27,33.259998,33.320000,33.099998,33.119999,30.690353,3665500
2017-11-28,33.160000,33.310001,33.099998,33.220001,30.783020,1466000
2017-11-29,33.380001,33.419998,33.080002,33.130001,30.699621,3490400
2017-11-30,33.360001,33.389999,33.209999,33.240002,30.801552,3670300
2017-12-01,32.959999,33.080002,32.750000,32.950001,30.532825,4844200
2017-12-04,33.200001,33.230000,33.000000,33.060001,30.634756,1939800
2017-12-05,32.950001,33.130001,32.880001,32.919998,30.505024,2610100
2017-12-06,32.700001,32.919998,32.669998,32.869999,30.458693,3760300
2017-12-07,32.869999,33.110001,32.830002,33.020000,30.597691,4484200
2017-12-08,33.180000,33.200001,33.049999,33.139999,30.708885,1291200
2017-12-11,33.110001,33.200001,33.080002,33.119999,30.690353,1656100
2017-12-12,32.990002,33.099998,32.959999,33.070000,30.644026,2581600
2017-12-13,33.130001,33.160000,32.959999,33.080002,30.653288,3981800
2017-12-14,33.099998,33.200001,32.880001,32.889999,30.477226,2181900
2017-12-15,32.980000,33.080002,32.900002,33.029999,30.606955,2162600
2017-12-18,33.599998,33.689999,33.509998,33.540001,31.079544,1963600
2017-12-19,33.520000,33.540001,33.310001,33.450001,31.073973,3527500
2017-12-20,33.320000,33.340000,33.090000,33.150002,30.795284,2715100
2017-12-21,33.110001,33.279999,33.099998,33.169998,30.813856,2233000
2017-12-22,33.090000,33.110001,33.029999,33.099998,30.748833,8729400
2017-12-26,33.160000,33.209999,33.060001,33.099998,30.748833,1160200
2017-12-27,33.169998,33.250000,33.130001,33.180000,30.823153,1808600
2017-12-28,33.279999,33.310001,33.119999,33.150002,30.795284,4310000
2017-12-29,33.139999,33.169998,32.950001,33.020000,30.674513,2636900
2018-01-02,33.060001,33.270000,33.020000,33.259998,30.897467,3819100
2018-01-03,33.290001,33.490002,33.290001,33.430000,31.055387,3228600
2018-01-04,34.009998,34.119999,33.959999,33.980000,31.566322,2892400
2018-01-05,34.250000,34.369999,34.169998,34.330002,31.891462,1880900
2018-01-08,34.250000,34.279999,34.189999,34.230000,31.798561,3103400
2018-01-09,34.220001,34.240002,34.090000,34.220001,31.789276,3574000
2018-01-10,34.040001,34.040001,33.830002,33.919998,31.510582,4806600
2018-01-11,33.970001,34.099998,33.900002,34.080002,31.659216,2250700
2018-01-12,34.330002,34.540001,34.279999,34.509998,32.058674,9679100
2018-01-16,34.779999,34.820000,34.540001,34.560001,32.105125,2713600
2018-01-17,34.599998,34.770000,34.439999,34.650002,32.188736,5935400
2018-01-18,34.830002,34.910000,34.700001,34.849998,32.374523,3257200
2018-01-19,35.240002,35.299999,35.099998,35.240002,32.736824,3003700
2018-01-22,35.279999,35.470001,35.209999,35.459999,32.941193,2683400
2018-01-23,35.570000,35.669998,35.500000,35.650002,33.117702,2497000
2018-01-24,35.830002,35.869999,35.439999,35.560001,33.034092,4705300
2018-01-25,35.709999,35.720001,35.230000,35.310001,32.801853,4277300
2018-01-26,35.380001,35.549999,35.360001,35.540001,33.015511,2013100
2018-01-29,35.250000,35.279999,35.099998,35.209999,32.708950,3827800
2018-01-30,35.130001,35.169998,34.910000,34.930000,32.448841,6804300
2018-01-31,35.200001,35.209999,34.889999,35.009998,32.523159,5330200
2018-02-01,34.630001,34.810001,34.590000,34.700001,32.235184,4407800
2018-02-02,34.270000,34.290001,33.849998,33.860001,31.454847,5425000
2018-02-05,33.650002,33.830002,32.200001,32.470001,30.163582,11688200
2018-02-06,32.570000,33.490002,32.509998,33.490002,31.111132,22821400
2018-02-07,33.040001,33.310001,32.770000,32.919998,30.581615,5111100
2018-02-08,32.759998,32.770000,31.820000,31.850000,29.587620,9820000
2018-02-09,31.990000,32.200001,31.200001,32.080002,29.801287,14562000
2018-02-12,32.310001,32.590000,32.200001,32.540001,30.228609,8556000
2018-02-13,32.419998,32.509998,32.299999,32.480000,30.172871,4605500
2018-02-14,32.240002,33.220001,32.220001,33.200001,30.841728,5803400
2018-02-15,33.230000,33.279999,32.910000,33.220001,30.860308,5785100
2018-02-16,33.119999,33.520000,33.110001,33.279999,30.916042,2375600
2018-02-20,32.990002,33.180000,32.860001,32.959999,30.618778,3425900
2018-02-21,32.980000,33.200001,32.709999,32.730000,30.405111,2197300
2018-02-22,32.799999,33.090000,32.700001,32.889999,30.553747,5021100
2018-02-23,33.029999,33.169998,32.950001,33.130001,30.776699,4964400
2018-02-26,33.130001,33.299999,32.970001,33.279999,30.916042,2466100
2018-02-27,33.000000,33.049999,32.650002,32.660000,30.340086,2438100
2018-02-28,32.799999,32.810001,32.400002,32.430000,30.126423,3021400
2018-03-01,32.040001,32.169998,31.520000,31.809999,29.550461,8695300
2018-03-02,31.590000,31.850000,31.459999,31.809999,29.550461,3243500
2018-03-05,31.690001,32.299999,31.670000,32.270000,29.977789,2841700
2018-03-06,32.480000,32.490002,32.320000,32.459999,30.154291,2588200
2018-03-07,32.480000,32.750000,32.439999,32.720001,30.395826,3707300
2018-03-08,32.740002,32.840000,32.599998,32.680000,30.358665,4111400
2018-03-09,32.660000,32.810001,32.599998,32.790001,30.460852,2726500
2018-03-12,32.840000,32.970001,32.790001,32.939999,30.600193,2024300
2018-03-13,32.950001,32.980000,32.330002,32.400002,30.098555,5186400
2018-03-14,32.740002,32.779999,32.410000,32.549999,30.237898,4239200
2018-03-15,32.590000,32.790001,32.509998,32.650002,30.330797,3617000
2018-03-16,32.549999,32.759998,32.549999,32.630001,30.312218,2542700
2018-03-19,32.450001,32.480000,32.230000,32.389999,30.089264,2997400
2018-03-20,32.259998,32.490002,32.259998,32.419998,30.117134,4257500
2018-03-21,32.340000,32.619999,32.310001,32.450001,30.145002,3942800
2018-03-22,31.900000,32.040001,31.690001,31.700001,29.448278,5829800
2018-03-23,31.730000,31.799999,31.270000,31.309999,29.085978,7852700
2018-03-26,31.840000,31.950001,31.389999,31.950001,29.680521,6474000
2018-03-27,31.959999,32.080002,31.450001,31.590000,29.346090,5264100
2018-03-28,31.639999,31.870001,31.469999,31.559999,29.318220,5522400
2018-03-29,31.990000,32.150002,31.910000,32.040001,29.764126,3343100
2018-04-02,32.040001,32.119999,31.309999,31.559999,29.318220,5626000
2018-04-03,31.700001,31.799999,31.510000,31.760000,29.504015,5348700
2018-04-04,31.330000,31.860001,31.309999,31.820000,29.559752,2541800
2018-04-05,32.200001,32.330002,32.150002,32.209999,29.922050,2056600
2018-04-06,32.200001,32.349998,32.009998,32.090000,29.810574,4201600
2018-04-09,32.369999,32.509998,32.230000,32.310001,30.014948,2807900
2018-04-10,32.740002,32.840000,32.639999,32.759998,30.432980,2552000
2018-04-11,32.599998,32.730000,32.490002,32.560001,30.247189,3722100
2018-04-12,32.660000,32.820000,32.650002,32.799999,30.470142,3293000
2018-04-13,32.980000,33.000000,32.759998,32.889999,30.553747,3812200
2018-04-16,32.939999,32.950001,32.790001,32.900002,30.563038,7545000
2018-04-17,33.130001,33.360001,33.099998,33.299999,30.934622,3799200
2018-04-18,33.360001,33.410000,33.279999,33.360001,30.990362,4375800
2018-04-19,33.299999,33.360001,33.099998,33.189999,30.832436,4100700
2018-04-20,33.000000,33.029999,32.860001,32.959999,30.618778,4045500
2018-04-23,32.880001,32.919998,32.750000,32.840000,30.507299,1922800
2018-04-24,32.820000,32.849998,32.419998,32.560001,30.247189,2787000
2018-04-25,32.299999,32.419998,32.150002,32.389999,30.089264,2269800
2018-04-26,32.450001,32.590000,32.340000,32.520000,30.210032,1738500
2018-04-27,32.630001,32.669998,32.430000,32.650002,30.330797,1720000
2018-04-30,32.459999,32.610001,32.439999,32.459999,30.154291,1847400
2018-05-01,32.389999,32.430000,32.150002,32.340000,30.042814,1460900
2018-05-02,32.840000,32.900002,32.630001,32.650002,30.330797,5158800
2018-05-03,32.680000,32.730000,32.419998,32.669998,30.349373,3304500
2018-05-04,32.450001,32.889999,32.430000,32.840000,30.507299,8574400
2018-05-07,32.930000,33.060001,32.910000,32.980000,30.637354,10534200
2018-05-08,32.660000,32.860001,32.630001,32.860001,30.525879,3030100
2018-05-09,32.790001,32.959999,32.770000,32.900002,30.563038,2357600
2018-05-10,33.000000,33.209999,32.950001,33.200001,30.841728,1738300
2018-05-11,33.160000,33.220001,33.099998,33.150002,30.795284,1176400
2018-05-14,33.169998,33.220001,33.049999,33.090000,30.739542,1678100
2018-05-15,32.779999,32.959999,32.660000,32.849998,30.516588,2248100
2018-05-16,32.799999,32.880001,32.680000,32.820000,30.488720,1554200
2018-05-17,32.950001,33.049999,32.910000,33.009998,30.665222,2858900
2018-05-18,32.880001,32.930000,32.820000,32.880001,30.544462,1803600
2018-05-21,33.130001,33.209999,33.000000,33.139999,30.785990,1140900
2018-05-22,33.160000,33.220001,33.070000,33.099998,30.748833,1367100
2018-05-23,32.419998,32.529999,32.340000,32.529999,30.219322,2786900
2018-05-24,32.369999,32.400002,32.070000,32.270000,29.977789,10118700
2018-05-25,32.130001,32.270000,32.000000,32.200001,29.912760,5290800
2018-05-29,31.459999,31.580000,31.010000,31.190001,28.974504,5815800
2018-05-30,31.690001,32.000000,31.540001,31.920000,29.652649,4611100
2018-05-31,31.660000,31.719999,31.330000,31.639999,29.392538,8929800
2018-06-01,31.920000,31.950001,31.670000,31.809999,29.550461,3320500
2018-06-04,32.000000,32.080002,31.920000,31.990000,29.717680,1728400
2018-06-05,32.130001,32.200001,31.900000,32.000000,29.726967,6991500
2018-06-06,32.209999,32.490002,32.110001,32.480000,30.172871,8802900
2018-06-07,32.450001,32.459999,31.980000,32.090000,29.810574,3651900
2018-06-08,32.160000,32.259998,31.990000,32.200001,29.912760,4125900
2018-06-11,32.270000,32.520000,32.200001,32.459999,30.154291,1551200
2018-06-12,32.430000,32.500000,32.240002,32.320000,30.024235,3093000
2018-06-13,32.480000,32.570000,32.340000,32.450001,30.145002,2689400
2018-06-14,32.529999,32.779999,32.520000,32.590000,30.275057,3406400
2018-06-15,32.389999,32.459999,32.310001,32.430000,30.126423,2670200
2018-06-18,31.830000,31.950001,31.760000,31.940001,29.671228,3690900
2018-06-19,30.600000,30.809999,30.510000,30.799999,29.294582,5901200
2018-06-20,30.790001,30.820000,30.670000,30.770000,29.266050,3989800
2018-06-21,30.530001,30.549999,30.250000,30.340000,28.857067,4035900
2018-06-22,30.629999,30.750000,30.379999,30.629999,29.132893,3215200
2018-06-25,30.270000,30.290001,29.990000,30.100000,28.628799,5171200
2018-06-26,30.020000,30.059999,29.780001,29.990000,28.524176,3831600
2018-06-27,30.010000,30.209999,29.650000,29.670000,28.219814,5471200
2018-06-28,29.420000,29.580000,29.320000,29.530001,28.086658,5415400
2018-06-29,29.980000,30.129999,29.910000,29.980000,28.514664,4438500
2018-07-02,29.650000,29.860001,29.629999,29.830000,28.371996,3170100
2018-07-03,30.100000,30.120001,29.900000,29.930000,28.467106,3682300
2018-07-05,30.410000,30.510000,30.299999,30.440001,28.952181,8379700
2018-07-06,30.549999,30.700001,30.510000,30.650000,29.151915,2701100
2018-07-09,30.780001,30.840000,30.700001,30.820000,29.313606,1946700
2018-07-10,30.850000,30.969999,30.830000,30.930000,29.418232,1712100
2018-07-11,30.480000,30.570000,30.240000,30.299999,28.819021,3587200
2018-07-12,30.430000,30.580000,30.350000,30.540001,29.047291,2269700
2018-07-13,30.530001,30.639999,30.459999,30.629999,29.132893,2150100
2018-07-16,30.760000,30.820000,30.730000,30.790001,29.285074,1727200
2018-07-17,30.709999,31.030001,30.700001,30.990000,29.475296,3431500
2018-07-18,31.030001,31.110001,31.000000,31.020000,29.503832,2931300
2018-07-19,30.719999,30.910000,30.700001,30.840000,29.332628,2633100
2018-07-20,30.590000,30.799999,30.580000,30.770000,29.266050,2687200
2018-07-23,30.740000,30.830000,30.680000,30.799999,29.294582,5602700
2018-07-24,31.139999,31.219999,30.959999,31.020000,29.503832,4189700
2018-07-25,30.930000,31.350000,30.670000,31.270000,29.741611,7260200
2018-07-26,31.219999,31.299999,31.150000,31.190001,29.665524,4594300
2018-07-27,31.350000,31.379999,31.180000,31.250000,29.722589,3186200
2018-07-30,31.370001,31.430000,31.260000,31.290001,29.760635,2669000
2018-07-31,31.370001,31.420000,31.240000,31.309999,29.779655,5280900
2018-08-01,31.150000,31.230000,31.000000,31.059999,29.541876,2950000
2018-08-02,30.530001,30.629999,30.440001,30.610001,29.113873,3128400
2018-08-03,30.530001,30.709999,30.530001,30.690001,29.189960,2059600
2018-08-06,30.480000,30.620001,30.389999,30.570000,29.075827,2432600
2018-08-07,30.480000,30.910000,30.480000,30.760000,29.256538,2475600
2018-08-08,30.740000,30.760000,30.600000,30.680000,29.180450,1401300
2018-08-09,30.830000,30.830000,30.629999,30.650000,29.151915,2736700
2018-08-10,29.799999,29.910000,29.629999,29.719999,28.267370,3498400
2018-08-13,29.670000,29.740000,29.540001,29.580000,28.134214,2342400
2018-08-14,29.580000,29.629999,29.400000,29.600000,28.153236,3318600
2018-08-15,29.010000,29.080000,28.790001,28.990000,27.573050,3990500
2018-08-16,29.139999,29.360001,29.139999,29.190001,27.763277,4191000
2018-08-17,29.129999,29.469999,29.129999,29.420000,27.982035,4498100
2018-08-20,29.670000,29.740000,29.639999,29.700001,28.248350,1755500
2018-08-21,30.110001,30.240000,29.959999,30.120001,28.647821,2735300
2018-08-22,30.219999,30.270000,30.139999,30.190001,28.714399,2853000
2018-08-23,30.110001,30.219999,30.010000,30.030001,28.562222,2541100
2018-08-24,30.200001,30.370001,30.139999,30.370001,28.885601,3105100
2018-08-27,30.620001,30.889999,30.620001,30.870001,29.361162,3455900
2018-08-28,31.030001,31.030001,30.870001,30.870001,29.361162,4380900
2018-08-29,30.830000,31.010000,30.799999,31.000000,29.484810,2037800
2018-08-30,30.690001,30.790001,30.549999,30.670000,29.170938,3668800
2018-08-31,30.379999,30.480000,30.100000,30.230000,28.752443,2893700
2018-09-04,29.700001,29.889999,29.639999,29.889999,28.429060,6974700
2018-09-05,29.709999,29.760000,29.480000,29.580000,28.134214,3561300
2018-09-06,29.490000,29.590000,29.250000,29.370001,27.934479,5127600
2018-09-07,29.100000,29.260000,29.040001,29.129999,27.706207,8172400
2018-09-10,29.400000,29.420000,29.320000,29.360001,27.924967,2555500
2018-09-11,29.129999,29.350000,29.090000,29.350000,27.915457,2673400
2018-09-12,29.350000,29.570000,29.299999,29.450001,28.010569,2913600
2018-09-13,29.780001,29.840000,29.610001,29.750000,28.295906,2768500
2018-09-14,29.780001,29.830000,29.629999,29.709999,28.257858,2937000
2018-09-17,29.790001,29.850000,29.650000,29.670000,28.219814,2831400
2018-09-18,29.790001,30.000000,29.790001,29.930000,28.467106,1762300
2018-09-19,29.930000,30.070000,29.910000,30.010000,28.543196,2850000
2018-09-20,30.500000,30.600000,30.389999,30.559999,29.066315,4984900
2018-09-21,30.570000,30.629999,30.520000,30.580000,29.085335,2646200
2018-09-24,30.590000,30.610001,30.389999,30.389999,28.904623,2405700
2018-09-25,30.530001,30.559999,30.440001,30.490000,28.999737,3193000
2018-09-26,30.299999,30.590000,30.290001,30.360001,28.876091,5655300
2018-09-27,30.340000,30.459999,30.230000,30.280001,28.800003,1596800
2018-09-28,29.680000,29.889999,29.650000,29.740000,28.286394,6817100
2018-10-01,30.020000,30.100000,29.860001,29.900000,28.438572,3350000
2018-10-02,29.629999,29.780001,29.610001,29.709999,28.257858,3270700
2018-10-03,29.969999,30.000000,29.790001,29.820000,28.362482,3212400
2018-10-04,29.770000,29.799999,29.379999,29.469999,28.029591,3906400
2018-10-05,29.280001,29.330000,29.049999,29.190001,27.763277,3553200
2018-10-08,28.709999,28.840000,28.580000,28.799999,27.392336,3439800
2018-10-09,28.549999,28.840000,28.490000,28.770000,27.363806,3565700
2018-10-10,28.549999,28.559999,27.969999,28.080000,26.707529,8992000
2018-10-11,28.180000,28.270000,27.620001,27.840000,26.479261,9767500
2018-10-12,28.070000,28.090000,27.629999,27.950001,26.583885,3622800
2018-10-15,28.000000,28.180000,27.959999,28.070000,26.698019,2722400
2018-10-16,28.490000,28.639999,28.430000,28.610001,27.211626,2230500
2018-10-17,28.370001,28.459999,28.190001,28.290001,26.907267,2846800
2018-10-18,28.160000,28.219999,27.620001,27.709999,26.355614,4772800
2018-10-19,27.690001,28.000000,27.690001,27.840000,26.479261,2516000
2018-10-22,27.860001,27.900000,27.620001,27.700001,26.346104,3220600
2018-10-23,27.059999,27.480000,26.940001,27.360001,26.022720,5356600
2018-10-24,27.049999,27.090000,26.370001,26.400000,25.109644,4730900
2018-10-25,26.770000,27.090000,26.610001,26.950001,25.632761,5713500
2018-10-26,26.629999,26.969999,26.360001,26.780001,25.471071,10116000
2018-10-29,27.260000,27.280001,26.639999,26.889999,25.575693,7001700
2018-10-30,26.850000,27.040001,26.770000,27.040001,25.718363,12515000
2018-10-31,27.219999,27.440001,27.190001,27.250000,25.918097,8475700
2018-11-01,27.549999,27.600000,27.389999,27.600000,26.250992,3467700
2018-11-02,27.969999,28.049999,27.559999,27.780001,26.422194,4831200
2018-11-05,27.680000,27.740000,27.549999,27.670000,26.317572,2205300
2018-11-06,27.570000,27.709999,27.559999,27.700001,26.346104,2602300
2018-11-07,27.959999,28.040001,27.840000,28.030001,26.659975,3022500
2018-11-08,27.790001,27.850000,27.420000,27.490000,26.146368,2935500
2018-11-09,27.450001,27.500000,27.330000,27.480000,26.136858,2356500
2018-11-12,26.959999,26.980000,26.670000,26.690001,25.385471,4180000
2018-11-13,26.889999,27.260000,26.889999,27.100000,25.775429,5681000
2018-11-14,27.450001,27.469999,27.020000,27.200001,25.870541,5096400
2018-11-15,26.980000,27.360001,26.790001,27.299999,25.965654,5620800
2018-11-16,27.040001,27.340000,26.990000,27.280001,25.946630,4025700
2018-11-19,27.240000,27.260000,26.900000,26.950001,25.632761,4173500
2018-11-20,26.430000,26.620001,26.309999,26.400000,25.109644,4908900
2018-11-21,26.709999,26.950001,26.690001,26.850000,25.537649,2255800
2018-11-23,26.450001,26.610001,26.450001,26.559999,25.261822,1198400
2018-11-26,26.969999,27.100000,26.910000,27.059999,25.737383,4899700
2018-11-27,26.900000,26.950001,26.709999,26.860001,25.547161,3209900
2018-11-28,26.809999,27.260000,26.700001,27.230000,25.899076,3875200
2018-11-29,27.070000,27.129999,26.950001,27.080000,25.756407,2477900
2018-11-30,26.790001,26.850000,26.650000,26.840000,25.528137,1951200
2018-12-03,27.320000,27.340000,27.190001,27.280001,25.946630,2795700
2018-12-04,27.170000,27.200001,26.440001,26.480000,25.185732,3893500
2018-12-06,25.920000,26.129999,25.650000,26.110001,24.833818,6444700
2018-12-07,26.070000,26.129999,25.600000,25.660000,24.405811,10526400
2018-12-10,25.590000,25.660000,25.240000,25.490000,24.244122,4212600
2018-12-11,25.799999,25.820000,25.420000,25.610001,24.358255,7446800
2018-12-12,25.930000,26.139999,25.920000,26.010000,24.738707,5560300
2018-12-13,26.000000,26.070000,25.900000,25.950001,24.681639,6477800
2018-12-14,25.620001,25.719999,25.580000,25.580000,24.329721,3685500
2018-12-17,25.440001,25.549999,25.270000,25.379999,24.139498,4914900
2018-12-18,25.620001,25.709999,25.440001,25.520000,24.272657,4572000
2018-12-19,25.700001,25.850000,25.170000,25.320000,24.082430,7235200
2018-12-20,25.299999,25.430000,25.129999,25.200001,23.968298,6602300
2018-12-21,25.219999,25.350000,24.870001,24.950001,23.730516,6874800
2018-12-24,24.799999,24.910000,24.440001,24.440001,23.245443,2602800
2018-12-26,24.530001,25.110001,24.400000,25.110001,23.882696,5367800
2018-12-27,24.730000,25.049999,24.520000,25.030001,23.806606,6211500
2018-12-28,25.309999,25.360001,25.139999,25.230000,23.996830,6554000
2018-12-31,25.450001,25.450001,25.250000,25.350000,24.110964,3211300
2019-01-02,24.940001,25.160000,24.900000,25.160000,23.930252,3756500
2019-01-03,24.920000,24.950001,24.780001,24.830000,23.616381,5076000
2019-01-04,25.320000,25.799999,25.270000,25.760000,24.500925,5316800
2019-01-07,25.719999,25.889999,25.639999,25.799999,24.538969,4559000
2019-01-08,26.100000,26.129999,25.900000,25.959999,24.691149,4335100
2019-01-09,26.330000,26.430000,26.209999,26.400000,25.109644,5301800
2019-01-10,26.219999,26.400000,26.190001,26.389999,25.100132,3714300
2019-01-11,26.100000,26.180000,26.020000,26.120001,24.843330,2377500
2019-01-14,25.920000,26.150000,25.920000,26.080000,24.805283,2179300
2019-01-15,25.950001,26.100000,25.900000,26.059999,24.786261,4796400
2019-01-16,26.000000,26.120001,26.000000,26.080000,24.805283,2845800
2019-01-17,25.910000,26.209999,25.910000,26.129999,24.852840,3069100
2019-01-18,26.600000,26.750000,26.500000,26.690001,25.385471,4835300
2019-01-22,26.270000,26.370001,26.170000,26.180000,24.900396,2919400
2019-01-23,26.459999,26.490000,26.309999,26.379999,25.090620,2837000
2019-01-24,26.430000,26.559999,26.320000,26.450001,25.157200,3928200
2019-01-25,26.940001,27.040001,26.930000,26.950001,25.632761,3064000
2019-01-28,26.850000,26.969999,26.820000,26.930000,25.613739,1985700
2019-01-29,26.930000,27.010000,26.860001,26.860001,25.547161,1552100
2019-01-30,26.780001,27.070000,26.650000,27.010000,25.689829,5146600
2019-01-31,26.690001,26.840000,26.610001,26.790001,25.480581,3030800
2019-02-01,26.780001,26.870001,26.660000,26.809999,25.499603,2797200
2019-02-04,26.629999,26.820000,26.549999,26.820000,25.509115,2873700
2019-02-05,27.049999,27.190001,27.020000,27.150000,25.822987,2776600
2019-02-06,27.010000,27.049999,26.889999,26.920000,25.604227,2247900
2019-02-07,26.379999,26.410000,26.170000,26.170000,24.890886,5040900
2019-02-08,25.930000,25.950001,25.709999,25.910000,24.643593,6004400
2019-02-11,25.930000,25.990000,25.870001,25.930000,24.662617,2328500
2019-02-12,26.230000,26.360001,26.230000,26.360001,25.071600,2117600
2019-02-13,26.350000,26.400000,26.270000,26.270000,24.985998,2447600
2019-02-14,26.170000,26.260000,26.080000,26.150000,24.871861,4154800
2019-02-15,26.559999,26.719999,26.500000,26.700001,25.394981,3253300
2019-02-19,26.580000,26.850000,26.580000,26.820000,25.509115,3192000
2019-02-20,26.889999,27.150000,26.889999,27.030001,25.708853,5354900
2019-02-21,27.020000,27.030001,26.900000,26.950001,25.632761,3320000
2019-02-22,27.059999,27.100000,26.980000,27.030001,25.708853,2479600
2019-02-25,27.240000,27.290001,27.090000,27.110001,25.784943,2893400
2019-02-26,27.219999,27.379999,27.209999,27.320000,25.984674,2235900
2019-02-27,27.240000,27.290001,27.110001,27.170000,25.842007,2273600
2019-02-28,27.190001,27.340000,27.180000,27.299999,25.965654,2085900
2019-03-01,27.639999,27.670000,27.520000,27.600000,26.250992,4654400
2019-03-04,27.570000,27.570000,27.299999,27.370001,26.032234,7417700
2019-03-05,27.430000,27.469999,27.330000,27.440001,26.098812,3123000
2019-03-06,27.459999,27.469999,27.309999,27.309999,25.975164,2509000
2019-03-07,27.110001,27.110001,26.780001,26.790001,25.480581,3815500
2019-03-08,26.709999,26.900000,26.700001,26.889999,25.575693,1694600
2019-03-11,26.900000,27.139999,26.900000,27.129999,25.803961,1649200
2019-03-12,27.100000,27.129999,27.020000,27.090000,25.765919,2246900
2019-03-13,27.100000,27.350000,27.090000,27.320000,25.984674,3716600
2019-03-14,27.320000,27.360001,27.260000,27.320000,25.984674,1966200
2019-03-15,27.520000,27.620001,27.450001,27.580000,26.231968,4192600
2019-03-18,27.590000,27.629999,27.530001,27.600000,26.250992,2259200
2019-03-19,27.969999,28.010000,27.820000,27.860001,26.498283,6184700
2019-03-20,27.540001,27.850000,27.430000,27.690001,26.336592,3745600
2019-03-21,27.299999,27.500000,27.290001,27.500000,26.155878,2776100
2019-03-22,27.049999,27.090000,26.700001,26.740000,25.433025,4844100
2019-03-25,26.780001,26.850000,26.709999,26.820000,25.509115,4007000
2019-03-26,26.910000,26.980000,26.850000,26.900000,25.585205,3087500
2019-03-27,26.990000,27.030001,26.709999,26.889999,25.575693,4128300
2019-03-28,26.809999,26.850000,26.650000,26.780001,25.471071,2994100
2019-03-29,26.940001,26.959999,26.770000,26.920000,25.604227,2357400
2019-04-01,27.240000,27.320000,27.170000,27.299999,25.965654,3548600
2019-04-02,27.350000,27.500000,27.309999,27.459999,26.117832,3530600
2019-04-03,27.809999,27.950001,27.770000,27.900000,26.536327,7063200
2019-04-04,27.889999,28.000000,27.860001,27.910000,26.545839,6768300
2019-04-05,27.900000,27.969999,27.879999,27.940001,26.574373,2782500
2019-04-08,27.959999,27.980000,27.870001,27.900000,26.536327,1913400
2019-04-09,27.730000,27.760000,27.639999,27.650000,26.298546,3028300
2019-04-10,27.740000,27.889999,27.709999,27.850000,26.488771,4084000
2019-04-11,27.900000,27.969999,27.820000,27.879999,26.517305,3729000
2019-04-12,28.209999,28.250000,28.139999,28.219999,26.840685,2119700
2019-04-15,28.270000,28.270000,28.209999,28.250000,26.869223,1766800
2019-04-16,28.450001,28.480000,28.379999,28.400000,27.011889,2575900
2019-04-17,28.680000,28.680000,28.549999,28.620001,27.221136,5036200
2019-04-18,28.540001,28.639999,28.500000,28.570000,27.173580,3243400
2019-04-22,28.540001,28.680000,28.540001,28.650000,27.249670,1859600
2019-04-23,28.469999,28.590000,28.450001,28.590000,27.192602,1839500
2019-04-24,28.600000,28.660000,28.500000,28.549999,27.154556,2727000
2019-04-25,28.440001,28.490000,28.370001,28.469999,27.078468,2739100
2019-04-26,28.540001,28.600000,28.469999,28.540001,27.145048,1624700
2019-04-29,28.549999,28.719999,28.540001,28.709999,27.306736,3162500
2019-04-30,28.709999,28.850000,28.620001,28.799999,27.392336,5427000
2019-05-01,28.799999,28.940001,28.600000,28.610001,27.211626,2245900
2019-05-02,28.750000,28.770000,28.559999,28.580000,27.183090,2444000
2019-05-03,28.740000,28.950001,28.700001,28.950001,27.535006,3059700
2019-05-06,28.270000,28.680000,28.250000,28.660000,27.259182,6061900
2019-05-07,28.290001,28.330000,27.930000,28.030001,26.659975,5074200
2019-05-08,28.260000,28.410000,28.209999,28.330000,26.945311,9427900
2019-05-09,27.920000,28.190001,27.870001,28.139999,26.764597,9866900
2019-05-10,28.180000,28.400000,28.000000,28.340000,26.954821,10448600
2019-05-13,27.639999,27.719999,27.490000,27.520000,26.174904,8065200
2019-05-14,27.650000,27.870001,27.629999,27.770000,26.412682,5011100
2019-05-15,27.500000,28.070000,27.490000,28.040001,26.669485,5179300
2019-05-16,28.120001,28.389999,28.120001,28.299999,26.916775,2565100
2019-05-17,28.010000,28.190001,28.010000,28.049999,26.678997,6962300
2019-05-20,27.690001,27.790001,27.600000,27.719999,26.365126,4016800
2019-05-21,27.889999,28.040001,27.830000,27.969999,26.602903,2216000
2019-05-22,27.809999,27.950001,27.809999,27.860001,26.498283,2644700
2019-05-23,27.410000,27.530001,27.320000,27.500000,26.155878,4395600
2019-05-24,27.700001,27.730000,27.620001,27.700001,26.346104,2299100
2019-05-28,27.709999,27.780001,27.459999,27.469999,26.127344,5962000
2019-05-29,27.160000,27.190001,27.030001,27.139999,25.813475,2317700
2019-05-30,27.160000,27.280001,27.160000,27.280001,25.946630,10277000
2019-05-31,26.820000,26.940001,26.780001,26.920000,25.604227,13075200
2019-06-03,27.010000,27.190001,26.940001,27.129999,25.803961,7127600
2019-06-04,27.570000,27.680000,27.490000,27.670000,26.317572,3941300
2019-06-05,27.719999,27.730000,27.520000,27.570000,26.222456,3979200
2019-06-06,27.559999,27.670000,27.450001,27.620001,26.270014,3874600
2019-06-07,27.780001,27.990000,27.780001,27.870001,26.507795,2061600
2019-06-10,27.910000,28.000000,27.840000,27.910000,26.545839,1653700
2019-06-11,28.250000,28.280001,28.030001,28.100000,26.726553,2934000
2019-06-12,28.010000,28.049999,27.900000,27.900000,26.536327,2104200
2019-06-13,28.030001,28.040001,27.940001,28.000000,26.631439,1871900
2019-06-14,27.730000,27.740000,27.639999,27.690001,26.336592,2328800
2019-06-17,26.940001,27.000000,26.910000,26.930000,26.315094,1906500
2019-06-18,27.230000,27.459999,27.219999,27.420000,26.793905,3812100
2019-06-19,27.420000,27.620001,27.400000,27.500000,26.872080,2312900
2019-06-20,27.879999,27.910000,27.680000,27.790001,27.155458,1722500
2019-06-21,27.760000,27.830000,27.700001,27.760000,27.126143,2537600
2019-06-24,27.799999,27.830000,27.740000,27.750000,27.116371,1587900
2019-06-25,27.770000,27.780001,27.500000,27.540001,26.911167,2078300
2019-06-26,27.690001,27.740000,27.629999,27.660000,27.028425,1545900
2019-06-27,27.770000,27.799999,27.730000,27.750000,27.116371,1796000
2019-06-28,27.950001,28.110001,27.940001,28.049999,27.409521,3002500
2019-07-01,28.330000,28.340000,28.049999,28.120001,27.477922,2699900
2019-07-02,28.120001,28.170000,28.080000,28.139999,27.497465,2886700
2019-07-03,28.350000,28.379999,28.299999,28.370001,27.722216,2031500
2019-07-05,28.059999,28.110001,27.910000,28.070000,27.429064,2485700
2019-07-08,27.959999,28.000000,27.860001,27.889999,27.253172,1594400
2019-07-09,27.639999,27.809999,27.629999,27.790001,27.155458,1785200
2019-07-10,27.820000,27.870001,27.680000,27.730000,27.096827,2141200
2019-07-11,27.760000,27.780001,27.559999,27.629999,26.999109,2740500
2019-07-12,27.600000,27.650000,27.540001,27.629999,26.999109,1942000
2019-07-15,27.760000,27.799999,27.719999,27.799999,27.165228,2351800
2019-07-16,27.719999,27.790001,27.680000,27.709999,27.077284,5559100
2019-07-17,27.700001,27.719999,27.490000,27.500000,26.872080,1883000
2019-07-18,27.299999,27.469999,27.230000,27.450001,26.823221,2992700
2019-07-19,27.320000,27.410000,27.260000,27.280001,26.657103,3333100
2019-07-22,27.420000,27.440001,27.340000,27.400000,26.774361,1603300
2019-07-23,27.680000,27.780001,27.650000,27.740000,27.106598,2306100
2019-07-24,27.760000,27.860001,27.750000,27.860001,27.223860,1859600
2019-07-25,27.670000,27.670000,27.360001,27.420000,26.793905,4836100
2019-07-26,27.490000,27.570000,27.459999,27.540001,26.911167,2695800
2019-07-29,27.610001,27.610001,27.540001,27.590000,26.960024,1420400
2019-07-30,27.010000,27.020000,26.889999,26.980000,26.363951,5593000
2019-07-31,27.110001,27.180000,26.660000,26.820000,26.207605,3985900
2019-08-01,26.900000,27.139999,26.680000,26.799999,26.188063,3729700
2019-08-02,26.590000,26.590000,26.340000,26.520000,25.914455,5016700
2019-08-05,26.110001,26.129999,25.820000,25.980000,25.386786,10331200
2019-08-06,26.100000,26.150000,25.879999,26.049999,25.455187,5006400
2019-08-07,26.030001,26.260000,25.959999,26.219999,25.621305,11760400
2019-08-08,26.299999,26.540001,26.240000,26.410000,25.806967,4667200
2019-08-09,26.280001,26.340000,26.139999,26.270000,25.670166,7069600
2019-08-12,26.129999,26.219999,26.000000,26.010000,25.416101,2556400
2019-08-13,25.860001,26.350000,25.840000,26.260000,25.660393,7187900
2019-08-14,25.639999,25.670000,25.389999,25.410000,24.829802,5269000
2019-08-15,25.250000,25.389999,25.110001,25.250000,24.673456,5279200
2019-08-16,25.350000,25.629999,25.350000,25.600000,25.015463,3942600
2019-08-19,25.980000,26.000000,25.840000,25.840000,25.249983,3075500
2019-08-20,25.809999,25.850000,25.680000,25.709999,25.122952,2436100
2019-08-21,26.180000,26.190001,26.080000,26.110001,25.513817,5501300
2019-08-22,26.150000,26.190001,25.920000,26.020000,25.425873,2958600
2019-08-23,25.920000,26.139999,25.690001,25.690001,25.103409,5631400
2019-08-26,25.930000,25.950001,25.799999,25.920000,25.328156,2989500
2019-08-27,26.100000,26.129999,25.920000,25.950001,25.357471,2309700
2019-08-28,25.740000,25.950001,25.650000,25.889999,25.298840,3019600
2019-08-29,26.150000,26.209999,26.040001,26.190001,25.591991,3927700
2019-08-30,26.440001,26.450001,26.150000,26.250000,25.650621,3779400
2019-09-03,26.070000,26.160000,26.030001,26.139999,25.543133,2515900
2019-09-04,26.469999,26.559999,26.430000,26.540001,25.934000,3418400
2019-09-05,26.830000,26.889999,26.730000,26.750000,26.139204,2420000
2019-09-06,26.910000,26.930000,26.830000,26.860001,26.246693,1952000
2019-09-09,27.049999,27.070000,26.990000,27.040001,26.422585,1495500
2019-09-10,27.110001,27.240000,27.059999,27.160000,26.539843,2799200
2019-09-11,27.170000,27.260000,27.150000,27.240000,26.618015,1986300
2019-09-12,27.160000,27.469999,27.150000,27.410000,26.784134,2642700
2019-09-13,27.549999,27.600000,27.490000,27.510000,26.881851,4717400
2019-09-16,27.250000,27.270000,27.170000,27.209999,26.588699,2087400
2019-09-17,27.120001,27.340000,27.090000,27.320000,26.696188,1412000
2019-09-18,27.260000,27.350000,27.150000,27.290001,26.666874,1425100
2019-09-19,27.379999,27.420000,27.320000,27.330000,26.705961,881400
2019-09-20,27.280001,27.320000,27.180000,27.180000,26.559387,1996300
2019-09-23,26.870001,27.030001,26.860001,27.020000,26.403040,2203700
2019-09-24,26.980000,27.030001,26.770000,26.840000,26.227150,3821700
2019-09-25,26.600000,26.700001,26.480000,26.660000,26.051260,1705600
2019-09-26,26.760000,26.820000,26.670000,26.740000,26.129433,2073100
2019-09-27,26.889999,26.950001,26.770000,26.820000,26.207605,2230800
2019-09-30,26.850000,26.959999,26.830000,26.910000,26.295549,1533600
2019-10-01,26.879999,26.879999,26.590000,26.650000,26.041489,4479400
2019-10-02,26.270000,26.290001,25.980000,26.049999,25.455187,7353000
2019-10-03,26.030001,26.200001,25.900000,26.180000,25.582220,2056500
2019-10-04,26.200001,26.440001,26.180000,26.440001,25.836283,2054500
2019-10-07,26.370001,26.540001,26.370001,26.400000,25.797195,1686200
2019-10-08,26.150000,26.230000,26.080000,26.110001,25.513817,5357500
2019-10-09,26.430000,26.469999,26.360001,26.410000,25.806967,2665400
2019-10-10,26.450001,26.639999,26.420000,26.570000,25.963314,5324800
2019-10-11,27.240000,27.480000,27.209999,27.290001,26.666874,5028100
2019-10-14,27.230000,27.360001,27.219999,27.340000,26.715733,1595100
2019-10-15,27.389999,27.770000,27.379999,27.680000,27.047970,3207000
2019-10-16,27.780001,27.920000,27.750000,27.840000,27.204315,3877000
2019-10-17,28.110001,28.139999,27.930000,28.000000,27.360662,1884400
2019-10-18,28.040001,28.120001,27.930000,28.090000,27.448608,2767300
2019-10-21,28.370001,28.400000,28.270000,28.340000,27.692898,7154100
2019-10-22,28.290001,28.410000,28.160000,28.209999,27.565866,3215000
2019-10-23,28.260000,28.430000,28.250000,28.400000,27.751530,1561700
2019-10-24,28.480000,28.520000,28.389999,28.459999,27.810158,5276400
2019-10-25,28.360001,28.420000,28.330000,28.410000,27.761301,1324200
2019-10-28,28.540001,28.620001,28.540001,28.590000,27.937191,5557400
2019-10-29,28.459999,28.549999,28.450001,28.510000,27.859018,2060000
2019-10-30,28.459999,28.660000,28.320000,28.620001,27.966507,2623300
2019-10-31,28.540001,28.580000,28.430000,28.549999,27.898104,2897900
2019-11-01,28.760000,28.799999,28.709999,28.780001,28.122852,2151900
2019-11-04,29.190001,29.230000,29.020000,29.070000,28.406231,2686800
2019-11-05,28.959999,28.969999,28.860001,28.950001,28.288971,1783700
2019-11-06,29.010000,29.049999,28.920000,28.969999,28.308514,1782900
2019-11-07,29.170000,29.219999,29.110001,29.110001,28.445318,10297600
2019-11-08,28.959999,29.020000,28.870001,29.020000,28.357372,1870400
2019-11-11,28.870001,28.980000,28.870001,28.930000,28.269428,769200
2019-11-12,28.990000,29.030001,28.920000,28.940001,28.279200,1478500
2019-11-13,28.780001,28.900000,28.780001,28.879999,28.220570,2171200
2019-11-14,28.750000,28.830000,28.690001,28.820000,28.161940,4916000
2019-11-15,28.870001,29.040001,28.870001,29.040001,28.376917,2517200
2019-11-18,28.889999,29.049999,28.840000,29.010000,28.347601,1275500
2019-11-19,29.240000,29.260000,28.990000,29.040001,28.376917,3131200
2019-11-20,28.900000,28.990000,28.770000,28.850000,28.191256,3679700
2019-11-21,28.900000,28.920000,28.790001,28.879999,28.220570,2146900
2019-11-22,28.940001,28.959999,28.809999,28.870001,28.210798,2288700
2019-11-25,28.910000,29.010000,28.910000,29.000000,28.337830,1605600
2019-11-26,28.990000,29.059999,28.959999,29.059999,28.396458,2443300
2019-11-27,29.040001,29.110001,29.030001,29.080000,28.416002,1078500
2019-11-29,28.990000,29.030001,28.940001,28.940001,28.279200,1042800
2019-12-02,28.850000,28.850000,28.580000,28.670000,28.015364,4296500
2019-12-03,28.629999,28.809999,28.530001,28.780001,28.122852,2983400
2019-12-04,28.940001,29.030001,28.940001,29.000000,28.337830,2455000
2019-12-05,28.990000,28.990000,28.809999,28.879999,28.220570,1878800
2019-12-06,28.969999,28.990000,28.889999,28.950001,28.288971,1216200
2019-12-09,28.900000,28.959999,28.760000,28.760000,28.103308,916000
2019-12-10,28.680000,28.870001,28.610001,28.830000,28.171711,8346500
2019-12-11,28.900000,29.100000,28.900000,29.080000,28.416002,2217200
2019-12-12,29.080000,29.360001,29.070000,29.330000,28.660294,4373300
2019-12-13,29.459999,29.680000,29.340000,29.410000,28.738468,3930000
2019-12-16,29.690001,29.770000,29.680000,29.700001,29.021847,4832200
2019-12-17,29.570000,29.590000,29.450001,29.459999,28.787325,6731200
2019-12-18,29.370001,29.379999,29.230000,29.260000,28.591894,8757100
2019-12-19,29.170000,29.290001,29.139999,29.270000,28.601665,4366300
2019-12-20,29.299999,29.360001,29.270000,29.299999,28.630980,1888800
2019-12-23,29.299999,29.370001,29.280001,29.330000,28.660294,1669500
2019-12-24,29.320000,29.350000,29.240000,29.309999,28.640751,847300
2019-12-26,29.309999,29.430000,29.299999,29.410000,28.738468,728500
2019-12-27,29.620001,29.620001,29.520000,29.559999,28.885040,1145400
2019-12-30,29.469999,29.480000,29.170000,29.209999,28.543032,1967900
2019-12-31,29.230000,29.430000,29.129999,29.400000,28.728695,2062700
2020-01-02,29.700001,29.889999,29.700001,29.879999,29.197735,4971300
2020-01-03,29.280001,29.459999,29.260000,29.309999,28.640751,3328500
2020-01-06,29.110001,29.379999,29.110001,29.350000,28.679838,6239300
2020-01-07,29.370001,29.389999,29.270000,29.299999,28.630980,1699000
2020-01-08,29.360001,29.650000,29.360001,29.570000,28.894814,2823700
2020-01-09,29.799999,29.850000,29.750000,29.840000,29.158649,3743100
2020-01-10,29.850000,29.900000,29.700001,29.760000,29.080477,3116000
2020-01-13,29.719999,29.840000,29.650000,29.840000,29.158649,2333400
2020-01-14,29.690001,29.860001,29.680000,29.820000,29.139105,7662700
2020-01-15,29.719999,29.799999,29.690001,29.730000,29.051161,2076200
2020-01-16,29.760000,29.809999,29.690001,29.799999,29.119562,2971200
2020-01-17,29.860001,29.860001,29.770000,29.850000,29.168421,1521300
2020-01-21,29.950001,29.980000,29.820000,29.820000,29.139105,2746400
2020-01-22,29.920000,29.930000,29.730000,29.790001,29.109793,2065600
2020-01-23,29.610001,29.650000,29.400000,29.629999,28.953442,2010500
2020-01-24,29.809999,29.860001,29.600000,29.629999,28.953442,3671200
2020-01-27,28.950001,29.090000,28.920000,28.959999,28.298742,3914100
2020-01-28,29.049999,29.209999,28.990000,29.190001,28.523491,2269100
2020-01-29,29.200001,29.250000,29.090000,29.150000,28.484404,1849400
2020-01-30,28.879999,29.049999,28.809999,29.020000,28.357372,2979000
2020-01-31,28.799999,28.820000,28.450001,28.530001,27.878561,5103000
2020-02-03,28.549999,28.740000,28.549999,28.590000,27.937191,3283200
2020-02-04,29.090000,29.139999,29.020000,29.100000,28.435545,4449800
2020-02-05,29.420000,29.480000,29.340000,29.430000,28.758011,2806700
2020-02-06,29.600000,29.600000,29.500000,29.520000,28.845955,1871200
2020-02-07,29.340000,29.360001,29.200001,29.240000,28.572348,4032900
2020-02-10,29.160000,29.250000,29.129999,29.240000,28.572348,1408700
2020-02-11,29.490000,29.549999,29.430000,29.480000,28.806868,1745400
2020-02-12,29.740000,29.740000,29.639999,29.700001,29.021847,1493600
2020-02-13,29.400000,29.510000,29.320000,29.459999,28.787325,2069400
2020-02-14,29.540001,29.570000,29.420000,29.480000,28.806868,1331500
2020-02-18,29.240000,29.290001,29.180000,29.209999,28.543032,2228400
2020-02-19,29.379999,29.500000,29.370001,29.500000,28.826412,1701300
2020-02-20,29.459999,29.520000,29.180000,29.340000,28.670067,4083700
2020-02-21,29.250000,29.260000,29.059999,29.139999,28.474630,2421900
2020-02-24,27.879999,28.100000,27.820000,27.900000,27.262945,3990600
2020-02-25,27.900000,27.920000,27.250000,27.270000,26.647331,7201300
2020-02-26,27.440001,27.639999,27.120001,27.180000,26.559387,7056300
2020-02-27,26.809999,27.200001,26.480000,26.490000,25.885139,12611800
2020-02-28,25.730000,26.280001,25.590000,26.219999,25.621305,8276300
2020-03-02,26.309999,26.660000,25.950001,26.629999,26.021944,20764400
2020-03-03,26.900000,27.240000,26.110001,26.290001,25.689709,9348100
2020-03-04,26.809999,27.150000,26.580000,27.120001,26.500757,6736300
2020-03-05,26.420000,26.629999,26.160000,26.270000,25.670166,7619300
2020-03-06,25.910000,26.160000,25.750000,26.010000,25.416101,4508100
2020-03-09,24.270000,24.709999,23.730000,23.760000,23.217476,5588400
2020-03-10,24.600000,24.690001,23.700001,24.540001,23.979668,11828500
2020-03-11,23.920000,24.010000,22.930000,23.170000,22.640949,6526400
2020-03-12,21.410000,21.440001,20.080000,20.230000,19.768078,5444600
2020-03-13,21.660000,21.660000,19.959999,21.219999,20.735474,5391300
2020-03-16,18.520000,19.719999,18.160000,18.730000,18.302328,4352900
2020-03-17,18.870001,19.530001,18.520000,19.410000,18.966801,3325500
2020-03-18,18.110001,18.510000,17.500000,18.030001,17.618313,7081000
2020-03-19,17.850000,18.610001,17.660000,18.150000,17.735573,7867100
2020-03-20,18.920000,19.260000,18.230000,18.250000,17.833288,5384200
2020-03-23,18.600000,19.080000,18.420000,18.590000,18.165525,9643300
2020-03-24,20.200001,20.790001,20.020000,20.590000,20.119858,7357600
2020-03-25,20.600000,21.500000,20.299999,21.120001,20.637756,6100400
2020-03-26,21.139999,22.030001,21.129999,21.980000,21.478119,7455800
2020-03-27,20.990000,21.520000,20.790001,21.120001,20.637756,3807100
2020-03-30,21.110001,21.549999,20.940001,21.520000,21.028624,3162900
2020-03-31,21.350000,21.620001,21.150000,21.480000,20.989536,3825600
2020-04-01,20.709999,20.870001,20.309999,20.379999,19.914654,4073900
2020-04-02,20.389999,20.850000,20.270000,20.730000,20.256660,12390700
2020-04-03,20.459999,20.549999,20.260000,20.430000,19.963512,5931600
2020-04-06,21.360001,21.940001,21.320000,21.799999,21.302229,6244400
2020-04-07,22.639999,22.650000,21.969999,21.969999,21.468348,8923900
2020-04-08,22.190001,22.320000,21.980000,22.240000,21.732183,4821800
2020-04-09,22.740000,23.129999,22.690001,23.040001,22.513918,5824700
2020-04-13,22.969999,23.020000,22.440001,22.680000,22.162138,3053500
2020-04-14,23.240000,23.480000,23.129999,23.270000,22.738665,3904500
2020-04-15,22.320000,22.410000,22.129999,22.190001,21.683327,4238200
2020-04-16,22.389999,22.400000,21.920000,22.129999,21.624695,7048200
2020-04-17,22.900000,23.080000,22.690001,23.040001,22.513918,7279200
2020-04-20,22.670000,23.030001,22.620001,22.680000,22.162138,5309000
2020-04-21,22.280001,22.490000,22.059999,22.170000,21.663782,6219100
2020-04-22,22.400000,22.480000,22.290001,22.440001,21.927616,2137600
2020-04-23,22.389999,22.820000,22.139999,22.230000,21.722412,6124700
2020-04-24,22.450001,22.520000,22.180000,22.510000,21.996017,4689600
2020-04-27,22.750000,23.049999,22.719999,22.980000,22.455286,3237100
2020-04-28,23.480000,23.480000,23.000000,23.020000,22.494375,2940200
2020-04-29,23.639999,24.070000,23.610001,23.990000,23.442225,4141700
2020-04-30,23.590000,23.719999,23.370001,23.580000,23.041586,13775900
2020-05-01,23.299999,23.350000,22.950001,23.070000,22.543232,3052200
2020-05-04,22.740000,22.930000,22.629999,22.920000,22.396656,3958600
2020-05-05,23.059999,23.160000,22.900000,22.930000,22.406427,2860800
2020-05-06,23.100000,23.129999,22.660000,22.660000,22.142593,8799500
2020-05-07,23.080000,23.250000,23.000000,23.129999,22.601862,4445000
2020-05-08,23.490000,23.620001,23.450001,23.580000,23.041586,4911700
2020-05-11,23.299999,23.480000,23.230000,23.420000,22.885239,3294700
2020-05-12,23.530001,23.549999,23.059999,23.059999,22.533461,5811400
2020-05-13,23.049999,23.080000,22.559999,22.740000,22.220766,7194200
2020-05-14,22.110001,22.540001,21.930000,22.530001,22.015562,7651000
2020-05-15,22.530001,22.730000,22.490000,22.700001,22.181681,4994800
2020-05-18,23.480000,24.170000,23.480000,24.049999,23.500854,7563600
2020-05-19,23.959999,24.139999,23.799999,23.809999,23.266333,4997900
2020-05-20,24.320000,24.580000,24.280001,24.480000,23.921036,7323100
2020-05-21,24.400000,24.480000,24.070000,24.150000,23.598570,4342700
2020-05-22,24.160000,24.230000,24.020000,24.230000,23.676744,2587500
2020-05-26,25.219999,25.320000,25.110001,25.139999,24.565966,4885700
2020-05-27,25.629999,25.760000,25.360001,25.719999,25.132723,7922000
2020-05-28,25.840000,26.090000,25.740000,25.740000,25.152267,6481600
2020-05-29,25.820000,25.879999,25.490000,25.790001,25.201126,9001100
2020-06-01,26.090000,26.530001,26.020000,26.500000,25.894913,9309300
2020-06-02,26.680000,26.860001,26.600000,26.830000,26.217377,7559800
2020-06-03,27.450001,28.040001,27.410000,27.920000,27.282490,7438000
2020-06-04,27.690001,28.080000,27.650000,27.910000,27.272718,6333800
2020-06-05,28.540001,28.690001,28.379999,28.440001,27.790617,13732000
2020-06-08,28.590000,28.840000,28.379999,28.830000,28.171711,6006200
2020-06-09,28.090000,28.430000,28.070000,28.240000,27.595182,5422300
2020-06-10,28.340000,28.430000,27.980000,28.110001,27.468151,3979200
2020-06-11,27.330000,27.459999,26.340000,26.430000,25.826511,8419400
2020-06-12,27.110001,27.209999,26.379999,26.820000,26.207605,8707400
2020-06-15,26.090000,26.889999,25.990000,26.830000,26.493975,4946100
2020-06-16,27.309999,27.389999,26.750000,27.120001,26.780344,5101900
2020-06-17,27.299999,27.330000,27.049999,27.150000,26.809967,6168900
2020-06-18,26.910000,27.120001,26.850000,26.980000,26.642096,3981500
2020-06-19,27.340000,27.340000,26.719999,26.750000,26.414976,4237600
2020-06-22,27.000000,27.240000,26.850000,27.200001,26.859341,4843700
2020-06-23,27.799999,27.840000,27.480000,27.510000,27.165459,4120500
2020-06-24,27.160000,27.200001,26.549999,26.740000,26.405102,4648400
2020-06-25,26.700001,27.150000,26.559999,27.110001,26.770468,4900500
2020-06-26,26.969999,26.980000,26.490000,26.570000,26.237230,4902700
2020-06-29,26.799999,27.020000,26.639999,27.000000,26.661846,4555200
2020-06-30,26.820000,27.240000,26.809999,27.110001,26.770468,5985900
2020-07-01,26.969999,27.209999,26.940001,27.090000,26.750719,4474200
2020-07-02,27.670000,27.870001,27.520000,27.570000,27.224707,3259000
2020-07-06,28.150000,28.280001,27.990000,28.190001,27.836943,3994300
2020-07-07,27.830000,27.920000,27.559999,27.570000,27.224707,5448900
2020-07-08,27.660000,27.969999,27.600000,27.959999,27.609821,5289800
2020-07-09,28.170000,28.170000,27.540001,27.770000,27.422201,4540100
2020-07-10,27.820000,28.080000,27.719999,28.059999,27.708569,5252900
2020-07-13,28.270000,28.459999,27.760000,27.830000,27.481451,6358800
2020-07-14,27.940001,28.440001,27.920000,28.370001,28.014688,10033600
2020-07-15,28.700001,28.860001,28.520000,28.680000,28.320805,5730600
2020-07-16,28.570000,28.740000,28.520000,28.600000,28.241806,4006300
2020-07-17,28.730000,28.850000,28.639999,28.840000,28.478802,3407800
2020-07-20,28.879999,29.209999,28.780001,29.180000,28.814543,3276900
2020-07-21,29.459999,29.559999,29.309999,29.379999,29.012037,3248400
2020-07-22,29.590000,29.700001,29.540001,29.660000,29.288530,4636200
2020-07-23,29.570000,29.670000,29.270000,29.350000,28.982414,6247600
2020-07-24,29.030001,29.139999,28.940001,29.049999,28.686171,3072800
2020-07-27,29.350000,29.559999,29.330000,29.500000,29.130535,4274300
2020-07-28,29.250000,29.379999,29.160000,29.180000,28.814543,4247400
2020-07-29,29.379999,29.650000,29.350000,29.590000,29.219408,6672100
