Date,Open,High,Low,Close,Adj Close,Volume
2010-01-04,72.510002,73.849998,72.510002,73.849998,59.418724,130700
2010-01-05,74.849998,75.349998,74.709999,75.300003,60.585377,92400
2010-01-06,75.570000,75.790001,75.330002,75.690002,60.899166,72900
2010-01-07,74.830002,75.150002,74.470001,75.050003,60.384239,219400
2010-01-08,74.739998,75.180000,74.349998,75.180000,60.488831,67600
2010-01-11,75.500000,75.650002,75.000000,75.379997,60.649754,96600
2010-01-12,74.389999,74.389999,73.279999,73.879997,59.442871,73500
2010-01-13,73.139999,73.769997,72.830002,73.769997,59.354359,68000
2010-01-14,73.260002,73.360001,72.849998,73.150002,58.855518,77600
2010-01-15,72.589996,73.239998,71.989998,72.250000,58.131393,84700
2010-01-19,73.000000,73.849998,72.739998,73.849998,59.418724,60600
2010-01-20,71.660004,71.910004,71.000000,71.650002,57.648647,200900
2010-01-21,70.620003,70.620003,68.730003,68.910004,55.444077,261900
2010-01-22,69.010002,69.150002,67.470001,67.629997,54.414200,240300
2010-01-25,68.720001,68.900002,68.080002,68.519997,55.130280,149800
2010-01-26,67.519997,67.519997,66.239998,66.650002,53.625713,251500
2010-01-27,66.000000,66.279999,65.050003,66.139999,53.215366,198400
2010-01-28,66.860001,66.930000,65.500000,65.970001,53.078587,118800
2010-01-29,66.690002,67.000000,65.510002,65.589996,52.772835,109800
2010-02-01,66.500000,67.550003,66.400002,67.449997,54.269371,103400
2010-02-02,67.260002,68.500000,67.150002,68.279999,54.937168,86800
2010-02-03,68.820000,69.000000,68.239998,68.570000,55.170513,66600
2010-02-04,67.349998,67.349998,65.360001,65.360001,52.587784,164900
2010-02-05,64.809998,64.900002,63.150002,64.720001,52.072845,417900
2010-02-08,64.279999,64.849998,63.770000,63.770000,51.308495,126800
2010-02-09,65.040001,66.190002,64.629997,65.419998,52.636063,125300
2010-02-10,66.050003,66.500000,65.220001,66.110001,53.191216,98800
2010-02-11,66.629997,67.699997,66.300003,67.620003,54.406147,85200
2010-02-12,66.610001,66.980003,66.040001,66.889999,53.818794,72200
2010-02-16,67.489998,68.199997,67.070000,68.080002,54.776253,73900
2010-02-17,68.650002,68.660004,67.900002,68.150002,54.832584,42300
2010-02-18,67.830002,68.650002,67.690002,68.529999,55.138332,62500
2010-02-19,67.209999,67.669998,66.910004,67.379997,54.213043,109100
2010-02-22,67.830002,68.000000,67.449997,67.629997,54.414200,44400
2010-02-23,67.910004,68.080002,66.699997,67.000000,53.907310,67300
2010-02-24,67.720001,68.349998,67.650002,68.220001,54.888901,37300
2010-02-25,66.669998,67.809998,66.500000,67.620003,54.406147,131900
2010-02-26,68.059998,68.760002,67.769997,68.570000,55.170513,72400
2010-03-01,69.570000,70.209999,69.550003,69.940002,56.272793,53300
2010-03-02,70.699997,70.910004,70.199997,70.379997,56.626808,50500
2010-03-03,70.430000,70.989998,70.209999,70.260002,56.530262,36900
2010-03-04,69.730003,69.800003,69.120003,69.379997,55.822231,122100
2010-03-05,70.529999,71.129997,70.190002,71.129997,57.230270,91500
2010-03-08,71.389999,71.849998,71.389999,71.629997,57.632526,81300
2010-03-09,71.489998,72.430000,71.489998,71.989998,57.922199,65200
2010-03-10,71.879997,72.730003,71.879997,72.410004,58.260113,45800
2010-03-11,71.949997,72.470001,71.500000,72.440002,58.284264,81300
2010-03-12,72.379997,72.379997,71.639999,71.970001,57.906105,88400
2010-03-15,71.279999,71.570000,70.989998,71.320000,57.383114,135600
2010-03-16,71.250000,71.680000,70.919998,71.610001,57.616459,53400
2010-03-17,72.279999,72.809998,72.190002,72.389999,58.244038,53700
2010-03-18,72.320000,72.320000,71.790001,72.230003,58.115295,45600
2010-03-19,71.529999,72.360001,71.360001,71.529999,57.552082,34100
2010-03-22,70.660004,71.660004,70.519997,71.599998,57.608406,61800
2010-03-23,71.290001,71.610001,70.989998,71.440002,57.479683,57800
2010-03-24,70.989998,70.989998,70.309998,70.690002,56.876240,65300
2010-03-25,70.690002,70.949997,69.629997,69.800003,56.160149,66800
2010-03-26,70.800003,71.500000,70.430000,71.059998,57.173920,34900
2010-03-29,71.400002,72.129997,71.400002,71.980003,57.914162,99200
2010-03-30,72.489998,72.959999,72.330002,72.669998,58.469318,72100
2010-03-31,72.209999,72.550003,71.889999,72.029999,57.954391,38600
2010-04-01,73.199997,73.940002,73.199997,73.940002,59.491150,86100
2010-04-05,74.419998,75.050003,74.080002,74.820000,60.199173,180400
2010-04-06,74.480003,74.970001,74.320000,74.970001,60.319855,191600
2010-04-07,75.029999,75.059998,74.099998,74.690002,60.094570,151500
2010-04-08,74.629997,75.440002,74.050003,75.139999,60.456642,52500
2010-04-09,75.599998,76.139999,75.550003,76.139999,61.261223,69700
2010-04-12,75.080002,75.389999,75.019997,75.199997,60.504925,89400
2010-04-13,74.589996,74.860001,74.070000,74.860001,60.231365,49700
2010-04-14,75.110001,75.709999,74.959999,75.660004,60.875023,48400
2010-04-15,74.900002,75.410004,74.900002,75.150002,60.464691,113500
2010-04-16,73.809998,73.809998,72.110001,72.610001,58.421051,107800
2010-04-19,71.690002,72.199997,71.169998,72.000000,57.930237,119400
2010-04-20,73.150002,73.250000,72.629997,73.220001,58.911839,55300
2010-04-21,72.779999,72.779999,71.779999,72.269997,58.147484,46800
2010-04-22,71.800003,72.750000,71.480003,72.620003,58.429092,92500
2010-04-23,72.190002,72.910004,72.029999,72.769997,58.549767,34200
2010-04-26,72.940002,73.309998,72.870003,72.889999,58.646332,47700
2010-04-27,71.750000,72.040001,70.099998,70.370003,56.618771,128000
2010-04-28,71.070000,71.250000,70.250000,71.059998,57.173920,74000
2010-04-29,71.000000,71.930000,71.000000,71.730003,57.713001,70800
2010-04-30,72.129997,72.169998,70.989998,71.230003,57.310711,44200
2010-05-03,71.230003,71.849998,70.820000,71.690002,57.680817,65700
2010-05-04,70.250000,70.250000,68.529999,68.989998,55.508419,163900
2010-05-05,68.150002,69.070000,67.459999,68.070000,54.768208,125500
2010-05-06,67.510002,67.809998,44.000000,65.139999,52.410763,219300
2010-05-07,66.050003,66.940002,60.000000,65.599998,52.780891,433900
2010-05-10,66.589996,69.309998,66.589996,69.300003,55.757862,147500
2010-05-11,68.300003,69.309998,66.980003,68.430000,55.057861,145000
2010-05-12,68.250000,69.190002,68.250000,68.980003,55.500381,61300
2010-05-13,68.940002,69.339996,68.449997,68.510002,55.122219,88100
2010-05-14,68.110001,68.110001,66.570000,67.459999,54.277409,91700
2010-05-17,67.000000,67.250000,65.510002,66.959999,53.875114,211100
2010-05-18,67.870003,67.919998,65.809998,66.199997,53.263630,143300
2010-05-19,65.449997,66.080002,64.599998,65.629997,52.805019,145600
2010-05-20,63.740002,64.629997,62.689999,62.820000,50.544144,233200
2010-05-21,61.849998,65.169998,61.700001,65.129997,52.402733,288600
2010-05-24,65.900002,66.489998,65.400002,65.639999,52.813068,73200
2010-05-25,62.880001,64.980003,62.549999,64.980003,52.282047,369400
2010-05-26,65.320000,66.379997,64.580002,64.839996,52.169392,70700
2010-05-27,65.839996,68.309998,65.839996,68.279999,54.937168,121600
2010-05-28,68.160004,68.190002,66.589996,67.349998,54.188911,171900
2010-06-01,66.669998,67.669998,65.849998,65.919998,53.038349,91700
2010-06-02,66.650002,67.900002,66.070000,67.779999,54.534889,155200
2010-06-03,67.989998,67.989998,66.699997,67.540001,54.341789,45600
2010-06-04,66.769997,66.989998,65.379997,65.750000,52.901585,55800
2010-06-07,65.900002,66.230003,64.860001,65.050003,52.338356,49700
2010-06-08,65.449997,66.260002,64.720001,66.150002,53.223408,41200
2010-06-09,66.800003,67.519997,65.860001,66.250000,53.303871,111700
2010-06-10,67.190002,67.910004,66.839996,67.809998,54.559021,69700
2010-06-11,67.050003,68.440002,66.830002,68.389999,55.025673,56900
2010-06-14,68.940002,69.300003,67.919998,68.129997,54.816486,60800
2010-06-15,68.879997,69.980003,68.570000,69.959999,56.288891,157400
2010-06-16,69.449997,70.250000,69.320000,70.019997,56.337154,67300
2010-06-17,69.699997,69.830002,68.769997,69.330002,55.782001,229900
2010-06-18,68.949997,69.300003,68.809998,69.050003,56.091492,66700
2010-06-21,71.209999,71.820000,70.459999,71.050003,57.716160,95500
2010-06-22,70.800003,71.180000,69.800003,69.970001,56.838844,62000
2010-06-23,70.870003,70.870003,69.930000,70.540001,57.301857,105900
2010-06-24,70.110001,70.139999,69.339996,69.559998,56.505779,29900
2010-06-25,69.849998,70.400002,69.320000,70.209999,57.033802,40900
2010-06-28,70.269997,70.269997,69.510002,69.839996,56.733223,100300
2010-06-29,67.720001,67.959999,66.550003,66.800003,54.263744,115200
2010-06-30,67.279999,67.849998,66.669998,66.760002,54.231262,59000
2010-07-01,66.730003,67.129997,65.739998,67.110001,54.515572,50600
2010-07-02,66.849998,67.290001,66.230003,66.699997,54.182510,27800
2010-07-06,67.820000,68.519997,66.989998,67.510002,54.840515,36500
2010-07-07,66.889999,68.629997,66.830002,68.559998,55.693439,43900
2010-07-08,68.489998,68.690002,68.029999,68.629997,55.750317,39800
2010-07-09,68.849998,69.760002,68.820000,69.720001,56.635757,60100
2010-07-12,69.949997,69.970001,69.209999,69.500000,56.457054,39800
2010-07-13,69.730003,70.309998,69.680000,70.150002,56.985054,18700
2010-07-14,69.510002,69.779999,69.099998,69.709999,56.627628,55200
2010-07-15,68.550003,68.910004,67.760002,68.910004,55.977776,37900
2010-07-16,67.919998,68.029999,66.970001,67.110001,54.515572,38500
2010-07-19,67.820000,67.849998,67.110001,67.720001,55.011093,43400
2010-07-20,68.220001,69.589996,68.000000,69.589996,56.530155,274800
2010-07-21,70.190002,70.190002,68.879997,69.129997,56.156479,26000
2010-07-22,70.790001,71.330002,70.349998,71.080002,57.740528,102700
2010-07-23,71.029999,71.669998,70.419998,71.629997,58.187298,48900
2010-07-26,71.190002,71.790001,70.940002,71.650002,58.203564,187200
2010-07-27,71.830002,71.860001,70.830002,71.250000,57.878632,300900
2010-07-28,71.370003,71.580002,70.910004,71.339996,57.951725,28600
2010-07-29,71.639999,71.849998,70.639999,71.320000,57.935486,55900
2010-07-30,70.680000,71.870003,70.500000,71.680000,58.227940,42400
2010-08-02,72.889999,73.730003,72.820000,73.489998,59.698250,51700
2010-08-03,72.779999,73.489998,72.449997,73.379997,59.608883,309100
2010-08-04,73.300003,73.690002,72.919998,73.470001,59.682007,400800
2010-08-05,72.989998,73.379997,72.750000,73.379997,59.608883,309200
2010-08-06,72.669998,73.199997,72.279999,73.199997,59.462666,119800
2010-08-09,73.550003,73.709999,73.279999,73.690002,59.860714,146100
2010-08-10,72.459999,72.570000,71.750000,72.379997,58.796551,125000
2010-08-11,70.839996,70.839996,70.129997,70.349998,57.147530,110900
2010-08-12,69.980003,70.419998,69.339996,70.050003,56.903816,106700
2010-08-13,70.300003,70.699997,70.260002,70.570000,57.326237,102000
2010-08-16,70.800003,71.470001,70.720001,71.110001,57.764900,284500
2010-08-17,71.800003,72.239998,71.610001,71.750000,58.284794,256800
2010-08-18,71.389999,71.919998,71.089996,71.470001,58.057335,97300
2010-08-19,71.570000,71.660004,70.639999,71.110001,57.764900,78000
2010-08-20,71.070000,71.370003,70.589996,71.320000,57.935486,22300
2010-08-23,70.959999,71.010002,70.379997,70.480003,57.253120,108300
2010-08-24,69.830002,70.070000,69.150002,69.730003,56.643883,150900
2010-08-25,69.000000,69.589996,68.500000,69.489998,56.448929,115900
2010-08-26,69.599998,69.760002,68.879997,69.000000,56.050877,74600
2010-08-27,69.559998,70.349998,68.919998,70.169998,57.001308,29900
2010-08-30,69.980003,70.070000,69.449997,69.500000,56.457054,54800
2010-08-31,69.290001,69.930000,69.180000,69.550003,56.497662,67200
2010-09-01,70.570000,71.419998,70.519997,71.389999,57.992340,68600
2010-09-02,71.279999,71.769997,71.199997,71.769997,58.301029,41400
2010-09-03,72.599998,72.599998,71.970001,72.199997,58.650333,24900
2010-09-07,72.669998,72.940002,71.610001,71.699997,58.244167,64700
2010-09-08,71.809998,72.480003,71.800003,72.269997,58.707199,32200
2010-09-09,72.949997,72.949997,72.250000,72.510002,58.902161,25300
2010-09-10,72.480003,72.550003,72.139999,72.449997,58.853424,33700
2010-09-13,74.059998,74.269997,73.699997,74.260002,60.323742,194300
2010-09-14,74.160004,74.940002,74.000000,74.639999,60.632439,119500
2010-09-15,73.930000,74.279999,73.529999,74.269997,60.331852,91500
2010-09-16,73.639999,74.040001,73.480003,73.839996,59.982567,104100
2010-09-17,74.480003,74.519997,73.919998,74.160004,60.242504,71200
2010-09-20,74.540001,75.300003,74.339996,75.260002,61.136097,93000
2010-09-21,75.010002,75.500000,74.750000,75.180000,61.071091,339900
2010-09-22,75.080002,75.419998,74.889999,75.019997,60.941128,43300
2010-09-23,74.449997,75.150002,74.449997,74.760002,60.729893,102500
2010-09-24,75.570000,76.430000,75.570000,76.250000,61.940277,41300
2010-09-27,75.980003,76.449997,75.980003,76.110001,61.826572,73000
2010-09-28,75.809998,76.250000,75.320000,76.029999,61.761547,35900
2010-09-29,76.290001,76.500000,76.169998,76.440002,62.094627,103800
2010-09-30,76.709999,76.800003,75.839996,76.239998,61.932156,47100
2010-10-01,76.870003,77.169998,76.580002,76.889999,62.460178,97600
2010-10-04,77.510002,77.599998,76.660004,77.040001,62.582008,164600
2010-10-05,77.690002,78.849998,77.690002,78.629997,63.873631,75600
2010-10-06,78.470001,78.559998,78.260002,78.500000,63.768024,74200
2010-10-07,78.500000,78.599998,77.510002,77.860001,63.248142,37400
2010-10-08,78.129997,78.849998,77.870003,78.720001,63.946739,44500
2010-10-11,78.750000,79.150002,78.750000,79.110001,64.263542,60200
2010-10-12,78.860001,79.099998,78.360001,78.900002,64.092972,105100
2010-10-13,80.050003,81.029999,80.050003,80.739998,65.587646,89800
2010-10-14,81.330002,81.330002,80.209999,80.730003,65.579536,60400
2010-10-15,81.370003,81.440002,80.059998,81.129997,65.904449,133900
2010-10-18,80.680000,82.099998,80.529999,82.099998,66.692421,128600
2010-10-19,80.550003,80.550003,79.320000,79.540001,64.612854,519900
2010-10-20,80.129997,81.080002,80.000000,80.510002,65.400818,99100
2010-10-21,81.029999,81.239998,79.830002,80.720001,65.571396,72500
2010-10-22,80.500000,80.660004,80.190002,80.250000,65.189598,42000
2010-10-25,81.400002,81.849998,81.250000,81.599998,66.286247,75400
2010-10-26,81.129997,81.440002,80.540001,81.389999,66.115669,472800
2010-10-27,79.589996,79.669998,78.540001,79.570000,64.637222,105300
2010-10-28,79.970001,80.220001,79.379997,79.690002,64.734695,105000
2010-10-29,79.489998,79.949997,79.449997,79.930000,64.929649,52600
2010-11-01,81.169998,81.430000,80.470001,80.650002,65.514526,64700
2010-11-02,81.769997,81.919998,81.489998,81.849998,66.489326,39600
2010-11-03,82.760002,83.370003,81.959999,83.370003,67.724083,91500
2010-11-04,84.330002,84.879997,84.160004,84.739998,68.836975,220900
2010-11-05,84.250000,84.589996,84.139999,84.589996,68.715118,95300
2010-11-08,84.849998,84.849998,84.300003,84.809998,68.893845,53100
2010-11-09,84.580002,84.730003,83.000000,83.419998,67.764694,255400
2010-11-10,83.040001,83.809998,82.389999,83.800003,68.073395,123800
2010-11-11,83.779999,83.919998,83.059998,83.919998,68.170868,58900
2010-11-12,82.349998,82.519997,80.989998,81.500000,66.205032,86100
2010-11-15,81.099998,81.529999,80.519997,80.629997,65.498283,105900
2010-11-16,79.779999,79.779999,77.989998,78.199997,63.524319,113100
2010-11-17,77.360001,78.339996,77.239998,77.919998,63.296875,83100
2010-11-18,79.529999,80.040001,79.519997,79.629997,64.685966,98100
2010-11-19,78.949997,79.279999,78.169998,79.209999,64.344780,74800
2010-11-22,78.980003,79.480003,78.110001,79.099998,64.255409,122900
2010-11-23,77.209999,77.500000,76.790001,77.199997,62.711998,143000
2010-11-24,77.760002,78.489998,77.760002,78.410004,63.694916,50100
2010-11-26,77.300003,77.419998,76.879997,76.949997,62.508915,36700
2010-11-29,77.550003,78.099998,76.989998,77.959999,63.329365,57100
2010-11-30,77.029999,77.709999,76.949997,77.199997,62.711998,73000
2010-12-01,78.669998,79.320000,78.650002,79.029999,64.198563,49000
2010-12-02,79.139999,80.379997,79.129997,80.150002,65.108360,145200
2010-12-03,78.550003,79.709999,78.550003,79.529999,64.604721,64200
2010-12-06,78.750000,79.029999,78.570000,78.919998,64.109192,57000
2010-12-07,79.699997,79.889999,78.680000,78.690002,63.922371,729500
2010-12-08,78.389999,78.510002,77.480003,77.790001,63.191280,82000
2010-12-09,77.910004,77.910004,77.430000,77.769997,63.175018,56100
2010-12-10,77.809998,78.180000,77.809998,78.019997,63.378117,42000
2010-12-13,78.760002,79.099998,78.489998,78.489998,63.759907,68500
2010-12-14,78.730003,78.739998,77.930000,78.220001,63.540565,102600
2010-12-15,77.290001,77.500000,76.529999,76.680000,62.289593,71900
2010-12-16,76.120003,76.209999,75.750000,76.050003,61.777817,156400
2010-12-17,75.540001,75.910004,75.500000,75.760002,61.781067,99600
2010-12-20,75.510002,75.599998,75.000000,75.290001,61.397797,186600
2010-12-21,76.279999,77.019997,76.250000,76.860001,62.678112,85600
2010-12-22,76.860001,76.879997,76.489998,76.629997,62.490524,822200
2010-12-23,76.089996,76.160004,75.830002,76.050003,62.017570,313600
2010-12-27,75.199997,75.940002,75.059998,75.779999,61.797390,281200
2010-12-28,75.209999,75.209999,74.570000,74.900002,61.079750,218400
2010-12-29,75.750000,76.050003,75.650002,75.900002,61.895248,124200
2010-12-30,76.059998,76.269997,75.680000,75.720001,61.748466,56400
2010-12-31,76.190002,76.330002,76.080002,76.239998,62.172497,43900
2011-01-03,77.610001,77.790001,77.349998,77.430000,63.142937,92600
2011-01-04,78.570000,78.650002,77.910004,78.650002,64.137848,90000
2011-01-05,78.430000,79.199997,78.339996,79.050003,64.464035,129400
2011-01-06,78.599998,78.739998,78.279999,78.559998,64.064438,181300
2011-01-07,78.519997,78.760002,77.559998,78.209999,63.779015,46600
2011-01-10,77.580002,77.800003,77.279999,77.699997,63.363125,68500
2011-01-11,78.419998,78.559998,78.099998,78.250000,63.811623,67600
2011-01-12,79.750000,79.750000,79.160004,79.500000,64.830994,65800
2011-01-13,79.650002,79.650002,79.080002,79.320000,64.684204,64500
2011-01-14,79.279999,79.550003,79.010002,79.500000,64.830994,36900
2011-01-18,78.860001,79.000000,78.489998,78.980003,64.406944,63400
2011-01-19,79.489998,79.489998,78.430000,78.709999,64.186752,92700
2011-01-20,78.160004,78.160004,76.879997,77.620003,63.297882,73700
2011-01-21,77.809998,77.910004,76.900002,76.919998,62.727028,79900
2011-01-24,76.400002,76.830002,76.360001,76.779999,62.612869,59800
2011-01-25,76.440002,76.680000,75.910004,76.430000,62.327438,178100
2011-01-26,77.099998,77.349998,76.849998,77.080002,62.857521,101300
2011-01-27,77.379997,77.500000,77.010002,77.180000,62.939079,99400
2011-01-28,76.839996,76.839996,75.029999,75.269997,61.381496,65000
2011-01-31,76.099998,76.720001,75.949997,76.160004,62.107281,61100
2011-02-01,76.570000,77.400002,76.570000,77.059998,62.841198,71600
2011-02-02,77.570000,77.739998,77.209999,77.250000,62.996159,33900
2011-02-03,77.459999,77.510002,76.919998,77.220001,62.971684,46000
2011-02-04,77.440002,77.470001,76.739998,77.239998,62.987995,115200
2011-02-07,76.750000,77.269997,76.750000,76.959999,62.759663,35900
2011-02-08,76.559998,76.779999,76.139999,76.599998,62.466064,69300
2011-02-09,75.419998,75.419998,74.389999,74.949997,61.120529,149300
2011-02-10,73.779999,74.739998,73.470001,74.519997,60.769867,110100
2011-02-11,74.370003,75.599998,74.269997,75.230003,61.348877,76600
2011-02-14,76.150002,76.209999,75.720001,75.750000,61.772930,51200
2011-02-15,75.589996,75.849998,75.370003,75.760002,61.781067,32900
2011-02-16,76.040001,76.739998,76.010002,76.419998,62.319302,137900
2011-02-17,76.339996,76.820000,76.169998,76.669998,62.523178,101900
2011-02-18,77.110001,77.110001,76.489998,76.750000,62.588402,43400
2011-02-22,74.959999,74.959999,73.639999,73.879997,60.247971,163500
2011-02-23,73.830002,74.129997,72.910004,73.599998,60.019623,91600
2011-02-24,73.209999,73.730003,72.830002,73.470001,59.913628,68400
2011-02-25,74.129997,74.610001,74.129997,74.489998,60.745411,58300
2011-02-28,75.389999,75.660004,75.099998,75.529999,61.593513,42800
2011-03-01,76.019997,76.019997,74.820000,74.919998,61.096081,73200
2011-03-02,75.320000,76.209999,75.320000,75.919998,61.911552,51500
2011-03-03,76.589996,77.360001,76.589996,77.339996,63.069542,33300
2011-03-04,77.589996,77.639999,76.790001,77.449997,63.159248,59300
2011-03-07,77.669998,77.910004,76.480003,76.790001,62.621014,64700
2011-03-08,77.550003,78.529999,77.089996,78.300003,63.852402,121700
2011-03-09,78.410004,78.669998,78.110001,78.480003,63.999203,60700
2011-03-10,77.779999,77.779999,77.000000,77.339996,63.069542,172200
2011-03-11,76.480003,77.599998,76.430000,77.300003,63.036930,109800
2011-03-14,77.160004,77.589996,76.849998,77.489998,63.191864,65000
2011-03-15,74.279999,76.669998,74.239998,76.260002,62.188843,267600
2011-03-16,75.489998,76.199997,73.870003,74.510002,60.761726,112300
2011-03-17,74.830002,74.830002,73.940002,74.320000,60.606770,63600
2011-03-18,74.980003,74.980003,74.169998,74.239998,60.541542,73800
2011-03-21,75.959999,76.440002,75.669998,76.230003,62.164356,87400
2011-03-22,76.699997,76.730003,76.290001,76.510002,62.392677,46600
2011-03-23,76.669998,77.580002,76.349998,77.339996,63.069542,64300
2011-03-24,77.989998,78.449997,77.209999,78.190002,63.762699,118400
2011-03-25,78.150002,78.620003,78.080002,78.290001,63.844269,52600
2011-03-28,77.510002,77.830002,77.430000,77.519997,63.216331,72800
2011-03-29,77.820000,78.269997,77.410004,78.080002,63.673016,63900
2011-03-30,79.220001,79.669998,79.080002,79.419998,64.765747,52700
2011-03-31,79.489998,80.459999,79.419998,80.349998,65.524147,126200
2011-04-01,81.080002,81.389999,80.839996,81.059998,66.103134,83200
2011-04-04,82.290001,82.800003,81.919998,82.800003,67.522087,68100
2011-04-05,82.599998,82.930000,82.320000,82.680000,67.424232,349300
2011-04-06,83.230003,83.309998,82.559998,82.779999,67.505783,45700
2011-04-07,82.809998,83.110001,82.269997,82.709999,67.448700,51100
2011-04-08,83.080002,83.449997,82.559998,83.059998,67.734108,37900
2011-04-11,83.180000,83.360001,81.889999,82.080002,66.934937,71000
2011-04-12,81.620003,81.889999,80.820000,81.099998,66.135773,47900
2011-04-13,82.529999,82.599998,81.750000,82.099998,66.951256,47000
2011-04-14,82.099998,82.720001,82.019997,82.720001,67.456863,103400
2011-04-15,82.870003,83.120003,82.639999,83.099998,67.766731,96300
2011-04-18,81.709999,81.879997,80.849998,81.760002,66.673981,93300
2011-04-19,81.830002,82.360001,81.699997,82.250000,67.073563,336700
2011-04-20,84.099998,84.099998,83.199997,83.730003,68.280487,219200
2011-04-21,84.129997,84.150002,83.629997,84.110001,68.590378,57700
2011-04-25,83.919998,83.989998,83.220001,83.500000,68.092934,64800
2011-04-26,83.559998,84.050003,83.339996,83.669998,68.231560,86700
2011-04-27,83.370003,83.370003,81.870003,82.980003,67.668900,96300
2011-04-28,82.230003,82.230003,81.540001,82.190002,67.024651,75800
2011-04-29,82.070000,82.680000,81.760002,82.169998,67.008324,101000
2011-05-02,82.419998,82.900002,82.070000,82.209999,67.040947,95000
2011-05-03,81.559998,81.559998,80.150002,80.620003,65.744339,100000
2011-05-04,79.940002,79.940002,78.570000,79.199997,64.586342,64000
2011-05-05,78.820000,79.610001,78.489998,78.699997,64.178596,39800
2011-05-06,79.790001,80.739998,79.230003,79.629997,64.936996,46200
2011-05-09,79.870003,80.360001,79.610001,80.050003,65.279526,34000
2011-05-10,80.510002,80.919998,80.419998,80.750000,65.850334,55700
2011-05-11,80.480003,80.480003,78.930000,79.650002,64.953293,87900
2011-05-12,79.320000,80.000000,78.660004,79.669998,64.969620,19000
2011-05-13,79.809998,79.830002,78.300003,78.750000,64.219391,55600
2011-05-16,78.330002,79.690002,78.320000,78.449997,63.974712,53600
2011-05-17,78.370003,78.779999,78.029999,78.720001,64.194908,173200
2011-05-18,79.309998,80.339996,79.190002,80.190002,65.393684,114400
2011-05-19,80.190002,80.320000,79.760002,80.250000,65.442596,81300
2011-05-20,79.870003,79.870003,79.300003,79.589996,64.904373,23400
2011-05-23,78.080002,78.080002,77.209999,77.690002,63.354958,85900
2011-05-24,78.139999,78.430000,77.839996,78.080002,63.673016,30200
2011-05-25,78.330002,78.860001,78.190002,78.480003,63.999203,40600
2011-05-26,78.480003,78.949997,78.239998,78.910004,64.349861,52900
2011-05-27,79.430000,79.769997,79.370003,79.620003,64.928848,27000
2011-05-31,81.010002,81.059998,80.639999,81.029999,66.078674,156900
2011-06-01,80.949997,80.949997,79.610001,79.809998,65.083771,51300
2011-06-02,79.949997,80.720001,79.660004,80.400002,65.564919,89400
2011-06-03,78.889999,79.739998,78.790001,78.849998,64.300919,57100
2011-06-06,78.769997,78.889999,77.879997,77.889999,63.518066,80800
2011-06-07,78.599998,78.750000,77.669998,77.730003,63.387585,598100
2011-06-08,77.690002,77.839996,77.029999,77.120003,62.890148,59500
2011-06-09,76.900002,77.400002,76.470001,77.220001,62.971684,48200
2011-06-10,76.370003,76.449997,75.339996,75.540001,61.601685,96600
2011-06-13,76.080002,76.290001,75.220001,75.529999,61.593513,62200
2011-06-14,76.300003,77.139999,76.300003,76.650002,62.506870,90500
2011-06-15,75.949997,76.080002,74.900002,75.279999,61.389641,116000
2011-06-16,74.410004,75.400002,74.120003,74.739998,60.949276,90400
2011-06-17,73.820000,73.839996,73.279999,73.529999,60.775707,253000
2011-06-20,73.019997,73.430000,72.669998,73.320000,60.602139,64900
2011-06-21,73.809998,74.989998,73.779999,74.910004,61.916344,61000
2011-06-22,74.300003,74.739998,73.940002,73.980003,61.147644,71200
2011-06-23,73.220001,74.419998,72.760002,74.400002,61.494797,79400
2011-06-24,75.620003,75.760002,74.910004,75.089996,62.065113,147800
2011-06-27,75.589996,76.540001,75.589996,76.360001,63.114819,49800
2011-06-28,75.989998,77.000000,75.900002,77.000000,63.643806,54700
2011-06-29,76.800003,77.190002,76.379997,77.089996,63.718185,131200
2011-06-30,77.639999,78.410004,77.540001,78.330002,64.743111,121000
2011-07-01,78.250000,79.269997,78.099998,79.160004,65.429138,120000
2011-07-05,79.050003,79.360001,78.690002,79.010002,65.305153,87200
2011-07-06,78.199997,78.290001,77.610001,78.269997,64.693520,102900
2011-07-07,78.820000,79.379997,78.820000,79.040001,65.329956,110900
2011-07-08,78.570000,78.620003,77.750000,78.190002,64.627403,70200
2011-07-11,77.389999,77.400002,75.970001,76.059998,62.866863,93500
2011-07-12,75.410004,75.879997,75.250000,75.320000,62.255222,192600
2011-07-13,76.199997,77.220001,76.199997,76.540001,63.263607,579000
2011-07-14,76.820000,77.010002,75.849998,76.000000,62.817257,58500
2011-07-15,76.440002,76.820000,75.940002,76.220001,62.999107,52300
2011-07-18,76.099998,76.099998,75.269997,75.949997,62.775936,122400
2011-07-19,76.220001,76.750000,76.220001,76.629997,63.337971,53600
2011-07-20,76.820000,77.309998,76.680000,76.980003,63.627289,30800
2011-07-21,77.019997,77.570000,76.760002,77.169998,63.784325,74400
2011-07-22,77.669998,78.080002,77.400002,77.930000,64.412498,82600
2011-07-25,76.989998,77.540001,76.989998,77.320000,63.908310,63000
2011-07-26,77.849998,78.550003,77.809998,78.160004,64.602608,74000
2011-07-27,78.239998,78.239998,77.099998,77.379997,63.957901,62400
2011-07-28,77.849998,78.220001,77.379997,77.559998,64.106667,64600
2011-07-29,76.720001,77.769997,76.510002,77.430000,63.999233,88300
2011-08-01,78.330002,78.330002,76.529999,77.239998,63.842186,66000
2011-08-02,76.730003,76.820000,75.199997,75.199997,62.156040,123100
2011-08-03,74.970001,75.169998,73.430000,74.940002,61.941128,147300
2011-08-04,73.230003,73.410004,71.529999,71.559998,59.147423,139200
2011-08-05,71.440002,71.900002,68.559998,70.620003,58.370468,196300
2011-08-08,68.059998,68.870003,65.440002,65.610001,54.229492,137100
2011-08-09,66.360001,69.589996,65.540001,69.589996,57.519127,578800
2011-08-10,66.779999,67.440002,65.500000,65.500000,54.138569,186600
2011-08-11,66.400002,68.919998,66.220001,68.260002,56.419830,89400
2011-08-12,68.639999,68.970001,67.800003,68.339996,56.485943,53800
2011-08-15,70.059998,70.360001,69.500000,70.349998,58.147312,97300
2011-08-16,69.800003,70.120003,69.070000,69.629997,57.552193,136500
2011-08-17,69.949997,70.370003,69.010002,69.470001,57.419945,88100
2011-08-18,67.309998,67.309998,65.690002,66.599998,55.047752,92400
2011-08-19,65.790001,67.279999,65.650002,65.660004,54.270821,73700
2011-08-22,65.690002,66.040001,64.559998,64.930000,53.667431,100300
2011-08-23,65.900002,67.589996,65.480003,67.570000,55.849522,411900
2011-08-24,66.230003,67.040001,65.970001,66.660004,55.097351,118000
2011-08-25,67.010002,67.290001,65.790001,66.239998,54.750202,50400
2011-08-26,65.589996,66.889999,64.709999,66.739998,55.163483,61700
2011-08-29,67.650002,68.919998,67.650002,68.900002,56.948818,57900
2011-08-30,68.529999,69.529999,68.330002,69.199997,57.196781,58500
2011-08-31,70.339996,70.769997,69.599998,70.739998,58.469643,106100
2011-09-01,70.709999,71.099998,69.760002,69.870003,57.750568,77200
2011-09-02,68.400002,68.870003,67.940002,68.389999,56.527275,77700
2011-09-06,66.099998,67.800003,66.059998,67.680000,55.940422,146500
2011-09-07,68.389999,69.360001,68.370003,69.199997,57.196781,19700
2011-09-08,68.010002,68.779999,67.639999,67.800003,56.039608,46600
2011-09-09,67.089996,67.129997,65.639999,65.949997,54.510521,45700
2011-09-12,65.139999,65.720001,64.540001,65.709999,54.312145,89500
2011-09-13,65.669998,65.919998,65.199997,65.769997,54.361725,48700
2011-09-14,65.349998,66.180000,64.449997,65.680000,54.287342,37700
2011-09-15,65.959999,66.050003,65.150002,66.050003,54.593159,174000
2011-09-16,66.559998,66.699997,65.879997,66.389999,54.874184,152100
2011-09-19,64.209999,64.800003,63.529999,64.510002,53.320297,106600
2011-09-20,64.330002,64.750000,63.389999,63.439999,52.435886,117500
2011-09-21,63.009998,63.290001,61.049999,61.099998,50.501778,147700
2011-09-22,58.750000,59.119999,56.709999,57.139999,47.228672,239500
2011-09-23,57.599998,58.889999,57.380001,58.520000,48.369297,139700
2011-09-26,57.290001,58.450001,56.529999,58.270000,48.162651,161000
2011-09-27,60.060001,61.619999,60.060001,60.549999,50.047173,105200
2011-09-28,60.169998,60.509998,58.830002,58.930000,48.708179,40200
2011-09-29,60.189999,60.349998,58.459999,59.180000,48.914818,101000
2011-09-30,57.209999,57.950001,55.790001,55.810001,46.129368,142600
2011-10-03,54.509998,55.660000,53.790001,53.830002,44.492809,325200
2011-10-04,52.650002,54.759998,51.869999,54.360001,44.930882,475400
2011-10-05,54.500000,56.590000,54.139999,56.570000,46.757549,620900
2011-10-06,56.599998,57.990002,56.299999,57.959999,47.906441,137000
2011-10-07,58.750000,58.889999,57.240002,57.549999,47.567551,158800
2011-10-10,58.520000,60.150002,58.520000,60.130001,49.700027,111500
2011-10-11,59.959999,61.650002,59.820000,60.930000,50.361263,210000
2011-10-12,62.630001,64.180000,62.500000,63.270000,52.295380,223700
2011-10-13,63.220001,63.369999,62.029999,63.070000,52.130070,105500
2011-10-14,63.130001,63.779999,62.930000,63.700001,52.650787,63400
2011-10-17,63.169998,63.290001,61.910000,62.049999,51.286987,69200
2011-10-18,61.400002,62.680000,59.959999,62.480000,51.642410,96100
2011-10-19,61.520000,62.180000,60.689999,60.700001,50.171158,77100
2011-10-20,59.919998,59.980000,58.849998,59.610001,49.270222,121000
2011-10-21,60.630001,61.430000,60.619999,61.130001,50.526577,340000
2011-10-24,62.330002,64.599998,62.169998,64.150002,53.022732,949800
2011-10-25,63.580002,63.830002,62.799999,62.950001,52.030884,235900
2011-10-26,64.650002,65.139999,63.349998,64.889999,53.634377,127600
2011-10-27,67.779999,69.919998,67.230003,69.150002,57.155457,175100
2011-10-28,68.029999,69.339996,67.760002,68.620003,56.717384,92200
2011-10-31,67.010002,67.080002,65.300003,65.349998,54.014584,122300
2011-11-01,63.759998,65.000000,63.029999,64.470001,53.287239,261300
2011-11-02,66.269997,67.400002,66.000000,67.260002,55.593285,103900
2011-11-03,67.489998,68.830002,66.860001,68.400002,56.535534,136700
2011-11-04,67.360001,67.570000,66.139999,67.379997,55.692471,94000
2011-11-07,67.790001,68.269997,66.900002,68.230003,56.395035,67600
2011-11-08,68.059998,68.720001,66.930000,68.709999,56.791767,68000
2011-11-09,66.099998,66.379997,64.519997,64.800003,53.559990,159500
2011-11-10,65.830002,66.050003,64.959999,65.480003,54.122036,80900
2011-11-11,66.230003,66.949997,66.070000,66.500000,54.965115,72900
2011-11-14,66.529999,66.529999,65.279999,65.940002,54.502247,37200
2011-11-15,66.120003,67.050003,65.949997,66.739998,55.163483,67300
2011-11-16,65.019997,65.769997,64.330002,64.360001,53.196312,122400
2011-11-17,64.599998,64.959999,62.509998,62.630001,51.766392,151200
2011-11-18,63.330002,63.330002,62.500000,62.709999,51.832516,47700
2011-11-21,61.400002,61.400002,60.000000,60.820000,50.270340,234000
2011-11-22,60.869999,61.439999,60.320000,61.060001,50.468716,65400
2011-11-23,60.450001,60.549999,59.549999,59.580002,49.245441,92500
2011-11-25,59.689999,60.590000,59.639999,59.799999,49.427269,57800
2011-11-28,61.939999,62.270000,61.430000,61.930000,51.187809,125200
2011-11-29,61.810001,62.500000,61.480000,61.770000,51.055553,347600
2011-11-30,64.790001,65.730003,64.449997,65.620003,54.237751,139900
2011-12-01,65.510002,65.919998,65.250000,65.550003,54.179901,138700
2011-12-02,65.949997,66.150002,64.889999,65.059998,53.774872,83700
2011-12-05,66.089996,66.360001,65.449997,65.860001,54.436119,72100
2011-12-06,65.430000,65.510002,64.620003,65.080002,53.791428,64300
2011-12-07,64.870003,65.489998,64.410004,65.290001,53.964996,73700
2011-12-08,64.580002,64.830002,63.139999,63.320000,52.336704,68100
2011-12-09,63.889999,64.889999,63.880001,64.540001,53.345089,306500
2011-12-12,62.959999,62.990002,61.740002,62.230000,51.435768,80500
2011-12-13,62.840000,63.110001,61.570000,61.730000,51.022503,120500
2011-12-14,61.669998,61.740002,60.840000,61.099998,50.501778,105200
2011-12-15,61.529999,61.750000,60.730000,60.840000,50.286884,105900
2011-12-16,61.689999,62.189999,61.139999,61.570000,51.142437,98400
2011-12-19,61.330002,61.380001,59.950001,60.009998,49.846645,104600
2011-12-20,61.270000,62.630001,61.220001,62.549999,51.956467,59400
2011-12-21,61.619999,62.049999,60.810001,62.049999,51.541138,107100
2011-12-22,62.029999,63.070000,61.950001,63.020000,52.346863,98300
2011-12-23,62.900002,63.290001,62.660000,63.189999,52.488071,494300
2011-12-27,62.900002,63.189999,62.750000,63.090000,52.405010,125600
2011-12-28,62.419998,62.480000,61.840000,62.029999,51.524521,134200
2011-12-29,62.209999,62.450001,61.970001,62.230000,51.690659,107400
2011-12-30,62.060001,62.450001,61.970001,62.299999,51.748798,45300
2012-01-03,63.860001,64.580002,63.830002,64.209999,53.335316,55000
2012-01-04,63.340000,63.580002,63.189999,63.540001,52.778797,42600
2012-01-05,63.250000,64.000000,63.080002,63.720001,52.928310,34400
2012-01-06,63.500000,63.500000,62.779999,62.849998,52.205658,37600
2012-01-09,63.700001,63.980000,63.470001,63.810001,53.003075,165200
2012-01-10,64.989998,65.800003,64.989998,65.430000,54.348701,103200
2012-01-11,65.459999,65.720001,65.190002,65.620003,54.506516,113200
2012-01-12,65.959999,66.120003,65.529999,66.089996,54.896919,66900
2012-01-13,65.540001,65.849998,64.980003,65.790001,54.647739,60100
2012-01-17,67.370003,67.430000,66.620003,66.870003,55.544823,158700
2012-01-18,67.260002,68.400002,67.029999,68.269997,56.707706,779600
2012-01-19,68.699997,68.959999,68.320000,68.589996,56.973526,120200
2012-01-20,68.510002,68.639999,68.059998,68.589996,56.973526,146300
2012-01-23,68.790001,69.800003,68.709999,69.070000,57.372223,92000
2012-01-24,68.559998,69.169998,68.400002,69.080002,57.380539,59100
2012-01-25,68.910004,70.110001,68.790001,70.059998,58.194557,80200
2012-01-26,70.410004,70.629997,69.360001,69.620003,57.829079,57900
2012-01-27,69.639999,70.220001,69.580002,70.199997,58.310848,53100
2012-01-30,68.339996,68.779999,67.790001,68.480003,56.882153,116300
2012-01-31,69.239998,69.349998,68.290001,68.849998,57.189480,86200
2012-02-01,69.620003,70.510002,69.620003,69.959999,58.111488,193100
2012-02-02,70.519997,71.160004,70.459999,70.620003,58.659721,149900
2012-02-03,71.489998,72.040001,71.489998,71.800003,59.639870,150900
2012-02-06,70.910004,71.040001,70.730003,70.919998,58.908916,251000
2012-02-07,70.510002,70.790001,70.089996,70.610001,58.651413,97500
2012-02-08,71.660004,72.239998,71.620003,72.239998,60.005348,1037500
2012-02-09,72.309998,72.419998,71.699997,72.220001,59.988743,109600
2012-02-10,70.730003,70.730003,70.040001,70.540001,58.593269,102200
2012-02-13,71.160004,71.389999,70.779999,71.099998,59.058422,72000
2012-02-14,71.050003,71.080002,70.629997,71.050003,59.016903,54500
2012-02-15,72.510002,72.580002,71.839996,72.010002,59.814297,1821000
2012-02-16,71.930000,73.010002,71.930000,72.959999,60.603405,460000
2012-02-17,73.320000,73.320000,72.500000,72.820000,60.487114,121000
2012-02-21,72.709999,72.750000,71.900002,72.139999,59.922295,201400
2012-02-22,72.720001,72.989998,72.500000,72.919998,60.570171,76600
2012-02-23,72.559998,72.779999,72.220001,72.629997,60.329300,76200
2012-02-24,72.739998,73.150002,72.610001,72.839996,60.503727,193400
2012-02-27,71.750000,72.349998,71.410004,72.160004,59.938896,274600
2012-02-28,72.769997,73.269997,72.690002,73.199997,60.802750,205000
2012-02-29,73.510002,73.809998,72.889999,72.980003,60.620029,852700
2012-03-01,72.709999,73.290001,72.639999,73.190002,60.794468,758000
2012-03-02,72.889999,73.379997,72.849998,73.260002,60.852589,361700
2012-03-05,72.440002,72.440002,71.449997,71.720001,59.573425,102000
2012-03-06,69.790001,69.839996,68.690002,69.070000,57.372223,252500
2012-03-07,69.449997,69.910004,69.309998,69.809998,57.986904,184000
2012-03-08,71.059998,71.449997,70.730003,71.160004,59.108265,50200
2012-03-09,71.660004,72.070000,71.529999,71.870003,59.698017,51100
2012-03-12,71.589996,71.680000,71.010002,71.349998,59.266094,321700
2012-03-13,71.750000,73.260002,71.750000,73.230003,60.827682,498500
2012-03-14,72.199997,72.660004,71.129997,71.400002,59.307617,147000
2012-03-15,71.320000,71.800003,71.070000,71.599998,59.473732,42900
2012-03-16,71.690002,71.860001,71.199997,71.680000,59.540195,134000
2012-03-19,70.410004,71.080002,70.169998,70.650002,58.684643,83600
2012-03-20,69.370003,69.370003,68.750000,69.089996,57.388840,701400
2012-03-21,69.129997,69.470001,68.870003,69.269997,57.538349,62800
2012-03-22,68.680000,68.809998,68.080002,68.489998,56.890450,59100
2012-03-23,68.349998,68.639999,67.959999,68.610001,56.990139,89200
2012-03-26,68.919998,69.580002,68.919998,69.489998,57.721096,122200
2012-03-27,69.989998,69.989998,69.300003,69.360001,57.613102,164800
2012-03-28,69.230003,69.230003,67.919998,68.370003,56.790779,368400
2012-03-29,67.360001,67.790001,66.790001,67.760002,56.284096,191500
2012-03-30,68.650002,68.769997,68.199997,68.370003,56.790779,36000
2012-04-02,68.209999,69.559998,68.209999,69.360001,57.613102,141400
2012-04-03,69.860001,69.970001,68.980003,69.470001,57.704483,121500
2012-04-04,68.360001,68.559998,67.949997,68.489998,56.890450,181600
2012-04-05,68.639999,69.540001,68.639999,69.419998,57.662941,75200
2012-04-09,68.279999,68.589996,68.220001,68.300003,56.732639,90200
2012-04-10,68.320000,68.620003,66.970001,67.080002,55.719250,127400
2012-04-11,68.050003,68.250000,67.849998,67.949997,56.441906,92200
2012-04-12,68.669998,70.430000,68.669998,70.430000,58.501896,119200
2012-04-13,70.129997,70.129997,69.309998,69.760002,57.945366,58700
2012-04-16,70.169998,70.349998,68.980003,69.250000,57.521748,67400
2012-04-17,69.500000,70.099998,69.300003,70.000000,58.144726,87700
2012-04-18,69.699997,70.209999,69.629997,69.980003,58.128109,128000
2012-04-19,70.160004,70.669998,69.449997,69.730003,57.920456,179500
2012-04-20,70.470001,70.970001,70.419998,70.440002,58.510204,240600
2012-04-23,69.169998,69.169998,68.089996,68.919998,57.247627,134100
2012-04-24,69.050003,69.379997,68.800003,69.029999,57.339008,50200
2012-04-25,69.260002,69.570000,68.949997,69.349998,57.604809,169600
2012-04-26,69.400002,70.050003,69.300003,69.900002,58.061657,62600
2012-04-27,69.910004,70.250000,69.440002,70.180000,58.294228,104600
2012-04-30,70.269997,70.269997,69.699997,70.070000,58.202866,102000
2012-05-01,69.930000,71.160004,69.930000,70.680000,58.709557,79400
2012-05-02,70.410004,70.660004,70.019997,70.629997,58.668030,135000
2012-05-03,70.739998,70.739998,69.930000,70.070000,58.202866,489400
2012-05-04,69.639999,69.669998,68.760002,68.949997,57.272545,211100
2012-05-07,68.599998,68.860001,68.519997,68.730003,57.089821,47000
2012-05-08,67.930000,67.930000,66.730003,67.500000,56.068123,127800
2012-05-09,66.279999,66.790001,65.949997,66.540001,55.270710,77000
2012-05-10,66.550003,66.669998,66.029999,66.199997,54.988285,96700
2012-05-11,65.529999,66.209999,65.360001,65.500000,54.406849,55000
2012-05-14,64.739998,64.820000,64.300003,64.339996,53.443298,182100
2012-05-15,64.440002,64.699997,63.950001,64.260002,53.376854,93000
2012-05-16,63.490002,64.010002,62.799999,62.820000,52.180737,1829500
2012-05-17,62.860001,63.110001,61.889999,61.889999,51.408237,295200
2012-05-18,62.299999,62.439999,61.310001,61.410000,51.009533,358300
2012-05-21,61.840000,63.040001,61.840000,63.029999,52.355164,137100
2012-05-22,63.009998,63.560001,62.330002,62.770000,52.139198,152900
2012-05-23,62.009998,62.380001,61.270000,62.240002,51.698971,178000
2012-05-24,62.639999,62.639999,61.090000,61.529999,51.109207,128200
2012-05-25,61.419998,61.529999,61.189999,61.380001,50.984615,48100
2012-05-29,63.400002,63.779999,63.169998,63.709999,52.920010,132000
2012-05-30,62.689999,62.910000,62.310001,62.650002,52.039532,56500
2012-05-31,62.900002,63.320000,62.320000,62.910000,52.255497,229900
2012-06-01,61.880001,61.939999,61.330002,61.330002,50.943081,328300
2012-06-04,61.099998,61.500000,60.840000,61.349998,50.959694,122300
2012-06-05,61.150002,61.529999,60.950001,61.450001,51.042759,71200
2012-06-06,62.029999,63.189999,61.919998,63.160000,52.463142,128700
2012-06-07,64.949997,65.250000,63.900002,64.000000,53.160877,380000
2012-06-08,62.860001,62.959999,62.419998,62.740002,52.114288,342200
2012-06-11,63.840000,64.019997,62.400002,62.400002,51.831867,50300
2012-06-12,63.529999,63.860001,63.299999,63.750000,52.953228,101300
2012-06-13,63.900002,64.430000,63.630001,63.709999,52.920010,56500
2012-06-14,63.380001,64.260002,63.169998,63.869999,53.052902,56900
2012-06-15,63.349998,63.799999,63.180000,63.790001,53.975193,52100
2012-06-18,63.919998,64.320000,63.619999,64.250000,54.364426,92200
2012-06-19,64.599998,65.349998,64.540001,64.949997,54.956718,126400
2012-06-20,64.730003,64.980003,63.820000,64.389999,54.482883,281200
2012-06-21,63.700001,63.700001,61.639999,61.650002,52.164467,101000
2012-06-22,62.160000,62.160000,61.549999,61.880001,52.359081,886700
2012-06-25,61.060001,61.060001,60.259998,60.630001,51.301399,77900
2012-06-26,61.299999,61.599998,60.799999,61.160000,51.749855,38100
2012-06-27,62.090000,62.270000,61.840000,62.180000,52.612919,92000
2012-06-28,61.669998,61.669998,60.880001,61.529999,52.062923,49700
2012-06-29,63.049999,63.709999,62.799999,63.700001,53.899044,52400
2012-07-02,63.500000,63.700001,63.110001,63.520000,53.746742,34400
2012-07-03,63.820000,64.430000,63.599998,64.290001,54.398270,27500
2012-07-05,64.120003,64.519997,63.849998,64.260002,54.372887,110500
2012-07-06,63.619999,63.700001,63.099998,63.419998,53.662121,31800
2012-07-09,62.869999,62.869999,62.380001,62.630001,52.993675,17700
2012-07-10,62.759998,62.939999,61.360001,61.669998,52.181377,31200
2012-07-11,62.259998,62.299999,61.660000,62.080002,52.528297,26400
2012-07-12,60.959999,61.270000,60.509998,61.020000,51.631401,189600
2012-07-13,61.400002,61.980000,61.400002,61.849998,52.333687,33400
2012-07-16,61.360001,61.570000,61.020000,61.509998,52.045998,23000
2012-07-17,61.910000,62.430000,61.209999,62.320000,52.731373,51800
2012-07-18,61.110001,62.040001,61.110001,61.810001,52.299839,36100
2012-07-19,62.130001,62.779999,62.110001,62.680000,53.035984,61000
2012-07-20,62.189999,62.209999,61.450001,61.700001,52.206764,52400
2012-07-23,60.520000,60.810001,60.000000,60.630001,51.301399,44400
2012-07-24,61.139999,61.139999,60.480000,60.709999,51.369087,38700
2012-07-25,60.950001,61.080002,60.389999,60.529999,51.216785,28100
2012-07-26,61.580002,61.840000,61.189999,61.630001,52.147545,44000
2012-07-27,62.160000,63.580002,62.119999,63.400002,53.645206,56000
2012-07-30,62.660000,63.150002,62.610001,62.869999,53.196743,75800
2012-07-31,63.119999,63.529999,63.009998,63.009998,53.315201,25300
2012-08-01,63.599998,63.709999,63.080002,63.270000,53.535206,81700
2012-08-02,62.470001,63.119999,62.080002,62.529999,52.909061,42900
2012-08-03,63.439999,64.150002,63.380001,63.820000,54.000584,162400
2012-08-06,64.029999,64.889999,64.029999,64.419998,54.508263,150000
2012-08-07,64.879997,65.330002,64.779999,64.949997,54.956718,88800
2012-08-08,64.839996,65.190002,64.599998,64.849998,54.872101,13900
2012-08-09,65.169998,65.610001,65.080002,65.110001,55.092094,30200
2012-08-10,64.730003,65.230003,64.730003,65.120003,55.100555,19400
2012-08-13,64.629997,64.910004,64.349998,64.620003,54.677498,21400
2012-08-14,65.160004,65.169998,64.699997,64.870003,54.889034,71300
2012-08-15,64.339996,64.669998,64.339996,64.589996,54.652103,20900
2012-08-16,64.419998,64.650002,64.129997,64.400002,54.491337,615600
2012-08-17,64.760002,64.760002,64.199997,64.370003,54.465950,1896700
2012-08-20,64.110001,64.410004,63.939999,64.360001,54.457493,64600
2012-08-21,64.330002,64.660004,63.799999,64.019997,54.169811,158000
2012-08-22,63.470001,63.869999,63.230000,63.740002,53.932896,111200
2012-08-23,63.900002,64.000000,63.270000,63.349998,53.602901,58600
2012-08-24,63.160000,63.410000,62.740002,63.290001,53.552132,138900
2012-08-27,62.910000,62.910000,62.400002,62.459999,52.849831,44900
2012-08-28,62.689999,62.730000,62.290001,62.619999,52.985210,501300
2012-08-29,62.470001,62.639999,62.110001,62.279999,52.697525,85300
2012-08-30,61.689999,61.720001,61.349998,61.369999,51.927551,246300
2012-08-31,61.669998,62.009998,61.310001,61.700001,52.206764,23800
2012-09-04,61.279999,61.279999,60.730000,60.919998,51.546776,83600
2012-09-05,60.389999,60.639999,60.230000,60.459999,51.157555,31000
2012-09-06,60.830002,61.860001,60.619999,61.709999,52.215229,71400
2012-09-07,62.830002,63.270000,62.759998,63.049999,53.349056,170300
2012-09-10,62.680000,62.900002,62.200001,62.250000,52.672146,65200
2012-09-11,62.450001,63.049999,62.450001,63.009998,53.315201,32200
2012-09-12,63.340000,63.450001,63.070000,63.320000,53.577511,218500
2012-09-13,63.049999,65.160004,62.990002,64.709999,54.753639,200500
2012-09-14,65.480003,66.300003,65.349998,65.550003,55.464397,109800
2012-09-17,65.410004,65.410004,64.699997,64.750000,54.787487,44200
2012-09-18,64.720001,64.750000,64.349998,64.540001,54.609795,37500
2012-09-19,65.059998,65.620003,64.959999,65.519997,55.439011,70900
2012-09-20,64.739998,64.750000,64.330002,64.669998,54.719799,123100
2012-09-21,65.300003,65.300003,64.919998,64.940002,54.948261,47600
2012-09-24,64.720001,65.089996,64.620003,65.029999,55.024414,30200
2012-09-25,65.029999,65.309998,64.150002,64.190002,54.313656,114100
2012-09-26,64.120003,64.120003,63.380001,63.680000,53.882122,103100
2012-09-27,64.989998,65.220001,64.580002,65.180000,55.151329,74000
2012-09-28,65.120003,65.349998,64.959999,65.110001,55.092094,65200
2012-10-01,65.400002,66.089996,65.309998,65.480003,55.405170,34600
2012-10-02,65.760002,65.820000,65.209999,65.470001,55.396717,73800
2012-10-03,65.559998,65.559998,65.110001,65.379997,55.320557,111800
2012-10-04,65.419998,66.089996,65.389999,66.050003,55.887466,156000
2012-10-05,66.580002,66.989998,66.339996,66.540001,56.302082,113600
2012-10-08,65.750000,65.769997,65.529999,65.709999,55.599785,56800
2012-10-09,66.129997,66.129997,65.160004,65.250000,55.210564,64700
2012-10-10,65.809998,65.870003,65.580002,65.680000,55.574394,48900
2012-10-11,66.680000,67.059998,66.680000,66.839996,56.555920,343800
2012-10-12,67.099998,67.449997,66.949997,67.129997,56.801300,134900
2012-10-15,67.309998,67.699997,67.089996,67.639999,57.232826,35000
2012-10-16,67.970001,68.360001,67.720001,68.199997,57.706669,161000
2012-10-17,68.339996,69.209999,67.959999,69.050003,58.425888,199100
2012-10-18,68.900002,69.489998,68.769997,69.080002,58.451275,281200
2012-10-19,68.889999,68.889999,68.150002,68.400002,57.875889,127200
2012-10-22,69.290001,69.639999,68.889999,69.440002,58.755890,184000
2012-10-23,68.570000,68.639999,67.930000,68.209999,57.715130,194000
2012-10-24,69.510002,69.570000,68.980003,69.110001,58.476658,289300
2012-10-25,69.440002,69.629997,69.099998,69.320000,58.654346,247400
2012-10-26,68.470001,68.839996,67.660004,68.410004,57.884373,236600
2012-10-31,69.309998,69.370003,68.349998,68.489998,57.952049,117000
2012-11-01,69.949997,70.690002,69.900002,70.440002,59.602024,251900
2012-11-02,70.739998,70.910004,69.879997,69.970001,59.204330,77200
2012-11-05,70.239998,70.589996,70.080002,70.540001,59.686630,65600
2012-11-06,70.339996,71.019997,70.339996,71.019997,60.092781,85200
2012-11-07,70.000000,70.099998,69.000000,69.510002,58.815102,283300
2012-11-08,69.260002,69.570000,68.239998,68.260002,57.757439,242300
2012-11-09,68.059998,68.949997,67.940002,68.529999,57.985893,258500
2012-11-12,68.580002,69.139999,68.580002,68.910004,58.307438,176400
2012-11-13,67.559998,68.180000,67.519997,67.790001,57.359753,316700
2012-11-14,67.970001,68.220001,66.779999,67.019997,56.708218,174300
2012-11-15,67.000000,67.169998,66.489998,66.910004,56.615158,114500
2012-11-16,66.959999,67.129997,66.269997,66.889999,56.598221,80400
2012-11-19,67.660004,68.379997,67.660004,68.309998,57.799751,94200
2012-11-20,67.330002,67.760002,67.029999,67.760002,57.334373,229200
2012-11-21,68.160004,68.389999,67.769997,68.300003,57.791286,119800
2012-11-23,69.070000,69.629997,69.070000,69.550003,58.848957,65600
2012-11-26,69.320000,69.410004,69.019997,69.410004,58.730495,137000
2012-11-27,68.959999,69.029999,68.519997,68.540001,57.994366,255300
2012-11-28,68.059998,69.010002,67.839996,68.919998,58.315880,292800
2012-11-29,69.339996,69.430000,68.830002,69.120003,58.485111,144700
2012-11-30,69.709999,69.760002,69.269997,69.290001,58.628960,156800
2012-12-03,69.230003,69.250000,68.610001,68.690002,58.121273,155600
2012-12-04,69.089996,69.269997,68.769997,68.860001,58.265121,271500
2012-12-05,70.250000,70.889999,70.070000,70.470001,59.627399,394300
2012-12-06,70.269997,70.589996,70.080002,70.589996,59.728939,179500
2012-12-07,70.830002,70.989998,70.550003,70.889999,59.982784,257500
2012-12-10,71.000000,71.809998,71.000000,71.440002,60.448174,213800
2012-12-11,71.290001,71.889999,71.110001,71.650002,60.625858,378100
2012-12-12,72.040001,72.580002,71.849998,71.870003,60.812004,218700
2012-12-13,71.629997,71.790001,71.000000,71.230003,60.270477,142600
2012-12-14,72.080002,72.470001,71.989998,72.180000,61.074306,182000
2012-12-17,72.309998,72.419998,72.110001,72.419998,61.277370,214600
2012-12-18,72.250000,72.779999,71.989998,72.750000,61.556618,221200
2012-12-19,72.940002,73.110001,72.690002,72.750000,61.556618,181300
2012-12-20,72.940002,73.440002,72.739998,73.410004,62.115051,115800
2012-12-21,71.779999,72.190002,71.580002,72.129997,61.305065,263700
2012-12-24,72.010002,72.129997,71.690002,71.800003,61.024597,205900
2012-12-26,72.300003,72.930000,72.300003,72.540001,61.653542,111000
2012-12-27,72.629997,72.750000,72.099998,72.529999,61.645035,382800
2012-12-28,72.250000,72.949997,72.160004,72.699997,61.789528,805400
2012-12-31,73.080002,74.099998,72.879997,74.089996,62.970932,558900
2013-01-02,75.529999,76.430000,75.440002,76.370003,64.908760,298200
2013-01-03,76.199997,76.739998,75.889999,76.089996,64.670769,438100
2013-01-04,75.910004,76.379997,75.669998,76.160004,64.730263,210000
2013-01-07,75.919998,76.019997,75.709999,75.930000,64.534798,110000
2013-01-08,75.169998,75.169998,74.470001,74.750000,63.531868,108100
2013-01-09,75.580002,75.769997,75.199997,75.639999,64.288307,325300
2013-01-10,76.190002,76.790001,75.949997,76.599998,65.104248,265500
2013-01-11,75.769997,75.910004,75.500000,75.910004,64.517792,312300
2013-01-14,76.269997,76.389999,75.879997,76.120003,64.696289,279600
2013-01-15,76.129997,76.180000,75.809998,76.089996,64.670769,205600
2013-01-16,75.830002,76.199997,75.680000,76.029999,64.619766,77200
2013-01-17,75.870003,76.550003,75.870003,76.250000,64.806763,148100
2013-01-18,76.610001,76.839996,76.349998,76.589996,65.095741,140700
2013-01-22,77.029999,77.040001,76.599998,76.809998,65.282722,239400
2013-01-23,76.669998,76.669998,76.220001,76.239998,64.798241,222300
2013-01-24,76.360001,76.809998,76.269997,76.349998,64.891754,185100
2013-01-25,75.919998,75.919998,75.129997,75.449997,64.126823,206800
2013-01-28,75.940002,75.940002,75.300003,75.330002,64.024834,229100
2013-01-29,75.830002,76.500000,75.620003,76.339996,64.883263,190300
2013-01-30,76.349998,76.570000,76.250000,76.339996,64.883263,152200
2013-01-31,76.230003,76.250000,75.879997,75.989998,64.585793,181600
2013-02-01,76.169998,76.639999,76.129997,76.349998,64.891754,176900
2013-02-04,75.760002,75.790001,74.610001,74.769997,63.548882,271400
2013-02-05,74.959999,74.959999,74.349998,74.699997,63.489372,170000
2013-02-06,74.349998,74.650002,74.059998,74.570000,63.378895,187400
2013-02-07,74.050003,74.050003,73.050003,73.489998,62.460972,433000
2013-02-08,73.889999,74.400002,73.889999,74.370003,63.208927,314800
2013-02-11,74.190002,74.230003,73.870003,74.059998,62.945435,220000
2013-02-12,74.169998,74.529999,73.989998,74.110001,62.987938,336800
2013-02-13,74.519997,74.699997,74.440002,74.620003,63.421383,81300
2013-02-14,74.529999,74.839996,74.500000,74.610001,63.412888,134900
2013-02-15,75.160004,75.199997,74.699997,74.959999,63.710354,202800
2013-02-19,73.839996,73.970001,73.660004,73.760002,62.690456,230400
2013-02-20,74.000000,74.000000,72.790001,72.919998,61.976505,422200
2013-02-21,72.220001,72.220001,71.360001,71.739998,60.973618,323300
2013-02-22,71.879997,72.029999,71.580002,71.889999,61.101086,794200
2013-02-25,72.169998,72.459999,70.800003,70.800003,60.174671,121600
2013-02-26,70.720001,71.160004,70.370003,70.900002,60.259666,72500
2013-02-27,71.070000,72.010002,71.029999,71.750000,60.982101,114500
2013-02-28,72.500000,72.919998,72.320000,72.410004,61.543060,298400
2013-03-01,72.129997,72.400002,71.790001,72.220001,61.381557,342200
2013-03-04,71.029999,71.239998,70.639999,71.160004,60.480652,555400
2013-03-05,71.489998,72.120003,71.489998,71.930000,61.135082,311700
2013-03-06,72.349998,72.459999,72.080002,72.320000,61.466560,104800
2013-03-07,72.349998,72.489998,72.129997,72.389999,61.526043,123500
2013-03-08,73.320000,73.500000,72.839996,73.250000,62.257000,115800
2013-03-11,72.570000,72.750000,72.180000,72.339996,61.483555,238800
2013-03-12,71.559998,71.610001,70.739998,70.980003,60.327663,239800
2013-03-13,70.260002,70.320000,69.849998,69.900002,59.409737,239100
2013-03-14,70.519997,70.900002,70.449997,70.650002,60.047195,144100
2013-03-15,69.779999,70.150002,69.639999,69.959999,59.460735,74600
2013-03-18,69.000000,69.209999,68.680000,68.919998,58.576813,152900
2013-03-19,68.690002,68.820000,67.839996,68.389999,58.126362,256600
2013-03-20,69.830002,70.309998,69.680000,70.120003,59.596733,128900
2013-03-21,69.660004,69.930000,69.389999,69.480003,59.052769,123900
2013-03-22,69.769997,70.000000,69.629997,69.849998,59.367245,102600
2013-03-25,69.980003,70.129997,69.160004,69.400002,58.984791,242400
2013-03-26,69.750000,70.410004,69.750000,70.260002,59.715721,86400
2013-03-27,70.150002,70.580002,69.800003,70.570000,59.979187,127700
2013-03-28,69.820000,70.150002,69.639999,69.949997,59.452225,90200
2013-04-01,69.910004,69.910004,68.970001,69.160004,58.780804,124300
2013-04-02,69.559998,69.669998,69.220001,69.349998,58.942280,108600
2013-04-03,69.279999,69.279999,68.110001,68.169998,57.939377,92800
2013-04-04,68.260002,68.389999,67.709999,68.290001,58.041382,221700
2013-04-05,66.400002,67.669998,66.199997,67.470001,57.344421,266000
2013-04-08,67.089996,67.739998,66.959999,67.580002,57.437920,232900
2013-04-09,68.160004,69.029999,67.980003,68.559998,58.270840,449900
2013-04-10,68.879997,69.570000,68.879997,69.209999,58.823292,257400
2013-04-11,69.010002,69.330002,68.879997,69.019997,58.661808,164900
2013-04-12,68.720001,68.720001,67.959999,68.529999,58.245346,152000
2013-04-15,67.379997,67.540001,66.529999,66.529999,56.545479,197700
2013-04-16,67.610001,67.879997,67.230003,67.870003,57.684399,171700
2013-04-17,67.019997,67.059998,66.080002,66.580002,56.587986,276200
2013-04-18,66.889999,67.150002,66.330002,66.730003,56.715477,312100
2013-04-19,68.190002,68.559998,68.099998,68.370003,58.109360,122700
2013-04-22,68.860001,69.000000,68.440002,68.989998,58.636311,316500
2013-04-23,68.190002,69.019997,68.089996,68.820000,58.491825,209800
2013-04-24,68.839996,69.769997,68.839996,69.529999,59.095276,319600
2013-04-25,69.889999,70.760002,69.860001,70.330002,59.775219,144000
2013-04-26,70.000000,70.139999,69.360001,69.690002,59.231266,293200
2013-04-29,70.050003,70.690002,69.940002,70.489998,59.911198,523200
2013-04-30,70.470001,71.160004,70.279999,71.160004,60.480652,123200
2013-05-01,70.800003,70.800003,69.989998,70.180000,59.647717,229000
2013-05-02,70.190002,70.690002,70.169998,70.680000,60.072681,278300
2013-05-03,71.000000,71.820000,71.000000,71.330002,60.625137,189800
2013-05-06,71.230003,71.769997,71.230003,71.580002,60.837608,92800
2013-05-07,72.330002,72.550003,72.120003,72.419998,61.551540,150900
2013-05-08,72.519997,73.040001,72.349998,73.029999,62.070011,111700
2013-05-09,72.680000,72.870003,72.320000,72.529999,61.645035,90100
2013-05-10,72.959999,72.970001,72.559998,72.849998,61.917023,75500
2013-05-13,72.160004,72.160004,71.839996,71.900002,61.109604,122100
2013-05-14,71.580002,72.129997,71.580002,71.930000,61.135082,272200
2013-05-15,71.860001,72.169998,71.750000,72.059998,61.245571,239100
2013-05-16,71.980003,72.169998,71.639999,71.730003,60.965099,104200
2013-05-17,72.150002,72.559998,72.050003,72.559998,61.670547,67000
2013-05-20,72.779999,73.370003,72.779999,73.330002,62.324982,84000
2013-05-21,72.820000,73.250000,72.510002,73.029999,62.070011,85100
2013-05-22,72.529999,73.199997,71.430000,71.779999,61.007599,110800
2013-05-23,70.190002,71.440002,69.779999,71.440002,60.718639,480000
2013-05-24,70.430000,70.599998,70.089996,70.519997,59.936695,50300
2013-05-28,71.959999,72.260002,71.680000,71.809998,61.033092,127900
2013-05-29,71.160004,71.269997,70.690002,71.010002,60.353153,60700
2013-05-30,71.019997,71.680000,70.980003,71.230003,60.540146,108500
2013-05-31,71.040001,71.139999,70.019997,70.040001,59.528732,229100
2013-06-03,70.360001,70.940002,70.150002,70.910004,60.268169,263300
2013-06-04,70.610001,70.790001,69.769997,70.110001,59.588234,239600
2013-06-05,69.750000,70.029999,69.129997,69.160004,58.780804,149800
2013-06-06,68.820000,69.820000,68.769997,69.760002,59.290749,151800
2013-06-07,69.169998,69.919998,68.959999,69.459999,59.035763,166800
2013-06-10,68.839996,69.000000,68.449997,68.739998,58.423817,105000
2013-06-11,67.449997,68.089996,67.239998,67.660004,57.505909,123900
2013-06-12,67.750000,67.790001,66.839996,67.250000,57.157433,266400
2013-06-13,66.599998,68.129997,66.599998,68.029999,57.820385,208100
2013-06-14,66.959999,67.000000,66.000000,66.250000,56.307518,302300
2013-06-17,67.129997,67.669998,67.000000,67.169998,57.089439,109700
2013-06-18,67.250000,67.510002,67.129997,67.470001,57.344421,332400
2013-06-19,66.769997,67.190002,65.690002,65.800003,55.925056,188600
2013-06-20,64.790001,64.790001,62.430000,63.119999,53.647247,640600
2013-06-21,62.610001,63.160000,61.590000,62.610001,54.324905,141600
2013-06-24,60.740002,61.439999,60.009998,60.900002,52.841190,331200
2013-06-25,61.720001,62.160000,61.169998,61.840000,53.656799,389700
2013-06-26,62.910000,63.389999,62.660000,63.230000,54.862858,233800
2013-06-27,63.369999,64.199997,63.369999,63.869999,55.418167,428800
2013-06-28,63.880001,64.599998,63.639999,64.099998,55.617733,250100
2013-07-01,64.290001,64.610001,63.779999,64.029999,55.556992,166300
2013-07-02,63.919998,64.290001,62.830002,63.279999,54.906242,117900
2013-07-03,62.410000,63.119999,62.130001,62.680000,54.385647,187800
2013-07-05,63.200001,63.220001,62.330002,62.900002,54.576534,191200
2013-07-08,63.200001,63.820000,63.070000,63.169998,54.810806,79000
2013-07-09,63.470001,63.790001,63.270000,63.509998,55.105804,97300
2013-07-10,63.509998,63.660000,63.029999,63.209999,54.845505,103200
2013-07-11,65.330002,66.480003,65.300003,66.440002,57.648087,248600
2013-07-12,65.440002,65.510002,64.910004,65.160004,56.537472,66900
2013-07-15,65.320000,66.190002,65.320000,65.970001,57.240276,61100
2013-07-16,66.239998,66.300003,65.870003,66.300003,57.526611,81600
2013-07-17,66.599998,66.760002,66.300003,66.430000,57.639416,54200
2013-07-18,66.309998,66.570000,66.080002,66.269997,57.500584,51000
2013-07-19,66.059998,66.500000,65.949997,66.320000,57.543961,57900
2013-07-22,65.870003,66.529999,65.820000,66.349998,57.570000,69900
2013-07-23,67.720001,68.230003,67.489998,67.959999,58.966942,67100
2013-07-24,68.010002,68.040001,67.029999,67.519997,58.585163,102600
2013-07-25,67.900002,68.570000,67.860001,68.519997,59.452847,132300
2013-07-26,68.050003,68.739998,67.730003,68.709999,59.617695,72700
2013-07-29,67.839996,68.019997,67.540001,67.599998,58.654579,161100
2013-07-30,68.000000,68.080002,67.529999,67.699997,58.741348,385800
2013-07-31,67.820000,68.260002,67.320000,67.610001,58.663254,814000
2013-08-01,68.540001,69.660004,68.540001,69.320000,60.146988,149200
2013-08-02,69.220001,69.650002,69.180000,69.550003,60.346542,69300
2013-08-05,69.279999,69.279999,68.620003,69.000000,59.869320,47900
2013-08-06,68.949997,68.949997,68.250000,68.610001,59.530933,125900
2013-08-07,67.879997,68.059998,67.540001,67.639999,58.689285,181900
2013-08-08,68.010002,68.940002,67.790001,68.650002,59.565639,143100
2013-08-09,68.660004,69.320000,68.660004,69.059998,59.921379,83100
2013-08-12,69.940002,70.760002,69.940002,70.669998,61.318321,308100
2013-08-13,71.480003,72.059998,71.180000,71.800003,62.298801,110200
2013-08-14,71.800003,71.989998,71.570000,71.669998,62.186012,126200
2013-08-15,71.230003,71.339996,70.660004,70.980003,61.587315,124600
2013-08-16,71.489998,71.660004,70.870003,70.889999,61.509224,112200
2013-08-19,71.190002,71.389999,70.599998,70.730003,61.370399,120000
2013-08-20,69.900002,70.349998,69.779999,70.029999,60.763027,312500
2013-08-21,69.199997,69.489998,68.449997,68.900002,59.782566,227100
2013-08-22,69.959999,70.790001,69.959999,70.680000,61.327011,204600
2013-08-23,70.529999,70.680000,69.900002,70.529999,61.196869,236700
2013-08-26,70.879997,71.000000,70.129997,70.360001,61.049366,81200
2013-08-27,69.839996,69.930000,69.150002,69.260002,60.094917,448000
2013-08-28,68.959999,69.750000,68.660004,69.190002,60.034187,110300
2013-08-29,69.629997,70.190002,69.459999,69.589996,60.381248,148000
2013-08-30,69.940002,69.940002,69.190002,69.660004,60.441990,400400
2013-09-03,71.760002,71.900002,71.070000,71.129997,61.717476,284500
2013-09-04,71.720001,72.339996,71.599998,72.120003,62.576458,186300
2013-09-05,72.510002,73.070000,72.389999,72.889999,63.244564,202900
2013-09-06,73.230003,73.720001,72.559998,73.209999,63.522213,199300
2013-09-09,73.970001,74.879997,73.800003,74.720001,64.832405,338500
2013-09-10,75.279999,75.779999,75.089996,75.769997,65.743439,330900
2013-09-11,75.040001,75.599998,74.889999,75.449997,65.465813,285500
2013-09-12,75.040001,75.199997,74.440002,74.510002,64.650192,327700
2013-09-13,74.379997,74.889999,74.309998,74.860001,64.953873,999200
2013-09-16,75.830002,75.860001,75.160004,75.330002,65.361679,288200
2013-09-17,75.500000,75.500000,75.110001,75.269997,65.309624,168500
2013-09-18,74.910004,76.860001,74.669998,76.750000,66.593773,224200
2013-09-19,75.870003,76.349998,75.550003,76.220001,66.133919,478200
2013-09-20,76.239998,76.449997,75.160004,75.220001,65.266243,301000
2013-09-23,75.419998,76.080002,75.320000,75.820000,65.786850,217200
2013-09-24,75.360001,75.570000,74.860001,75.160004,65.214172,435500
2013-09-25,74.959999,75.440002,74.739998,74.849998,64.945206,186500
2013-09-26,74.970001,75.180000,74.650002,75.089996,65.153442,67800
2013-09-27,74.550003,74.809998,74.410004,74.699997,64.815033,59200
2013-09-30,73.669998,74.099998,73.370003,74.029999,64.233711,180000
2013-10-01,74.309998,75.120003,74.239998,75.120003,65.179482,180800
2013-10-02,74.739998,75.339996,74.620003,75.339996,65.370354,52800
2013-10-03,75.680000,75.760002,74.470001,74.919998,65.005943,110200
2013-10-04,75.610001,76.300003,75.480003,75.970001,65.916985,60500
2013-10-07,75.000000,75.699997,75.000000,75.290001,65.326981,46100
2013-10-08,75.820000,76.010002,74.639999,74.699997,64.815033,222400
2013-10-09,74.989998,75.470001,74.440002,75.209999,65.257561,178100
2013-10-10,75.309998,76.430000,75.309998,76.370003,66.264061,78800
2013-10-11,76.150002,76.860001,76.050003,76.830002,66.663200,43700
2013-10-14,76.169998,77.360001,76.129997,77.180000,66.966873,86900
2013-10-15,76.620003,76.860001,76.019997,76.160004,66.081841,53600
2013-10-16,76.309998,76.779999,76.279999,76.349998,66.246704,166900
2013-10-17,75.900002,76.519997,75.699997,76.410004,66.298775,77500
2013-10-18,76.989998,77.330002,76.820000,77.010002,66.819366,59200
2013-10-21,77.519997,77.519997,77.059998,77.279999,67.053635,92200
2013-10-22,77.419998,77.900002,77.120003,77.190002,66.975548,96600
2013-10-23,75.500000,75.500000,74.820000,74.879997,64.971230,157700
2013-10-24,74.989998,74.989998,74.300003,74.440002,64.589462,115500
2013-10-25,74.169998,74.419998,74.000000,74.199997,64.381203,230500
2013-10-28,74.220001,74.529999,73.889999,73.970001,64.181648,296400
2013-10-29,74.410004,74.900002,74.410004,74.709999,64.823738,468500
2013-10-30,76.110001,76.110001,75.099998,75.440002,65.457123,137900
2013-10-31,75.809998,76.139999,75.379997,75.480003,65.491844,118300
2013-11-01,75.930000,76.349998,75.440002,76.019997,65.960381,64100
2013-11-04,75.680000,76.300003,75.680000,76.099998,66.029785,59800
2013-11-05,75.250000,75.360001,74.860001,75.190002,65.240219,27000
2013-11-06,75.750000,75.750000,74.940002,74.970001,65.049324,41400
2013-11-07,74.709999,74.760002,73.599998,73.769997,64.008125,90200
2013-11-08,73.620003,74.129997,73.300003,74.050003,64.251053,98700
2013-11-11,74.510002,74.949997,74.510002,74.620003,64.745636,29400
2013-11-12,74.519997,74.610001,73.699997,74.059998,64.259750,75900
2013-11-13,73.059998,73.949997,73.000000,73.870003,64.094887,431600
2013-11-14,73.879997,74.870003,73.839996,74.739998,64.849747,92700
2013-11-15,76.559998,78.370003,76.559998,77.529999,67.270546,196900
2013-11-18,79.500000,80.169998,79.220001,79.339996,68.841034,459300
2013-11-19,79.220001,79.510002,78.839996,78.949997,68.502655,178500
2013-11-20,78.730003,78.980003,78.150002,78.309998,67.947319,239400
2013-11-21,78.389999,78.830002,78.129997,78.779999,68.355133,388800
2013-11-22,78.769997,79.209999,78.660004,79.120003,68.650154,239400
2013-11-25,78.739998,78.739998,77.540001,77.669998,67.392029,137900
2013-11-26,77.739998,78.489998,77.540001,78.300003,67.938660,156800
2013-11-27,78.940002,79.720001,78.779999,79.660004,69.118706,62600
2013-11-29,79.650002,80.029999,79.500000,79.889999,69.318268,154300
2013-12-02,79.959999,79.989998,79.000000,79.139999,68.667526,79200
2013-12-03,78.739998,79.150002,78.180000,78.690002,68.277054,183700
2013-12-04,78.849998,79.519997,78.389999,79.239998,68.754272,224200
2013-12-05,79.430000,79.430000,78.720001,78.779999,68.355133,103500
2013-12-06,79.809998,80.339996,79.650002,80.139999,69.535187,59500
2013-12-09,79.820000,79.959999,79.629997,79.680000,69.136063,51200
2013-12-10,79.239998,79.959999,79.129997,79.919998,69.344284,128500
2013-12-11,78.769997,79.040001,77.419998,77.620003,67.348656,184800
2013-12-12,77.000000,77.290001,76.820000,77.040001,66.845398,99700
2013-12-13,77.940002,77.940002,77.250000,77.559998,67.296593,73100
2013-12-16,77.879997,78.279999,77.489998,77.540001,67.279243,112700
2013-12-17,77.239998,77.239998,76.599998,76.660004,66.515678,64700
2013-12-18,77.349998,78.389999,76.239998,77.949997,67.634972,154400
2013-12-19,76.470001,76.870003,75.849998,76.510002,66.385536,226700
2013-12-20,75.879997,76.040001,75.599998,75.669998,66.080750,410400
2013-12-23,75.660004,76.160004,75.510002,75.690002,66.098236,118000
2013-12-24,76.330002,77.019997,76.330002,76.849998,67.111229,178800
2013-12-26,76.449997,76.470001,76.029999,76.180000,66.526131,138400
2013-12-27,76.959999,77.449997,76.900002,77.339996,67.539116,163900
2013-12-30,77.000000,77.349998,76.800003,77.139999,67.364479,71200
2013-12-31,77.500000,78.019997,77.250000,77.930000,68.054367,139100
2014-01-02,77.190002,77.190002,76.099998,76.139999,66.491196,219700
2014-01-03,76.260002,76.260002,75.169998,75.320000,65.775108,381800
2014-01-06,75.070000,75.070000,74.419998,74.459999,65.024086,163600
2014-01-07,74.110001,74.809998,74.110001,74.680000,65.216240,162900
2014-01-08,75.199997,75.699997,75.129997,75.529999,65.958496,181500
2014-01-09,75.120003,75.209999,74.010002,74.370003,64.945518,187800
2014-01-10,74.769997,75.739998,74.769997,75.540001,65.967216,224900
2014-01-13,75.029999,75.279999,74.110001,74.220001,64.814507,92600
2014-01-14,74.760002,75.320000,74.339996,75.260002,65.722725,87800
2014-01-15,75.010002,75.360001,75.010002,75.220001,65.687782,73400
2014-01-16,75.120003,75.120003,74.690002,74.800003,65.321022,142400
2014-01-17,75.120003,75.160004,74.550003,74.820000,65.338478,75500
2014-01-21,75.000000,75.330002,74.320000,74.769997,65.294807,175800
2014-01-22,75.459999,76.199997,75.379997,76.099998,66.456268,119800
2014-01-23,74.559998,74.639999,73.139999,73.339996,64.046036,339500
2014-01-24,72.199997,72.339996,71.260002,71.320000,62.282013,236200
2014-01-27,71.260002,71.650002,70.379997,70.879997,61.897766,309800
2014-01-28,71.400002,72.160004,71.320000,71.949997,62.832169,329400
2014-01-29,71.320000,71.889999,70.870003,71.349998,62.308212,217200
2014-01-30,72.230003,72.580002,71.720001,71.860001,62.753578,464900
2014-01-31,71.339996,71.839996,70.669998,71.559998,62.491611,237300
2014-02-03,71.120003,71.139999,69.519997,69.529999,60.718857,243600
2014-02-04,69.889999,70.989998,69.889999,70.690002,61.731861,216900
2014-02-05,69.849998,70.260002,69.360001,69.739998,60.902237,69100
2014-02-06,69.889999,70.980003,69.849998,70.820000,61.845375,138200
2014-02-07,71.449997,71.849998,71.120003,71.529999,62.465405,89500
2014-02-10,71.620003,71.629997,70.860001,71.300003,62.264557,139000
2014-02-11,72.309998,73.209999,72.309998,73.150002,63.880108,146900
2014-02-12,73.730003,74.070000,73.080002,73.160004,63.888840,147600
2014-02-13,72.730003,73.849998,72.730003,73.739998,64.395332,141100
2014-02-14,74.070000,74.559998,74.040001,74.309998,64.893112,57200
2014-02-18,74.360001,74.629997,74.059998,74.349998,64.928024,162700
2014-02-19,74.480003,75.120003,74.209999,74.629997,65.172554,127900
2014-02-20,74.050003,74.540001,73.589996,74.339996,64.919296,123100
2014-02-21,74.099998,74.419998,73.980003,74.279999,64.866913,49800
2014-02-24,73.599998,74.139999,73.599998,73.690002,64.351677,66800
2014-02-25,73.070000,73.110001,72.089996,72.300003,63.137810,115400
2014-02-26,73.110001,73.389999,72.699997,72.779999,63.557003,100200
2014-02-27,74.160004,74.720001,74.010002,74.550003,65.102699,77200
2014-02-28,74.919998,74.989998,73.839996,74.250000,64.840714,161900
2014-03-03,73.209999,73.699997,72.889999,73.559998,64.238144,54400
2014-03-04,74.470001,74.669998,74.279999,74.599998,65.146362,47500
2014-03-05,73.709999,74.160004,73.529999,74.080002,64.692253,86700
2014-03-06,74.510002,75.400002,74.510002,75.099998,65.582993,311800
2014-03-07,74.870003,74.870003,73.790001,74.160004,64.762115,301700
2014-03-10,73.410004,73.410004,72.500000,73.180000,63.906303,111400
2014-03-11,73.389999,73.470001,71.919998,72.099998,62.963165,131100
2014-03-12,71.190002,72.040001,71.019997,71.959999,62.840904,132400
2014-03-13,71.900002,71.900002,69.820000,70.260002,61.356342,219100
2014-03-14,70.059998,70.570000,69.739998,69.820000,60.972088,63400
2014-03-17,70.470001,70.739998,70.029999,70.059998,61.181683,138900
2014-03-18,70.610001,71.400002,70.610001,71.150002,62.133560,101200
2014-03-19,70.760002,71.160004,69.809998,70.260002,61.356342,90900
2014-03-20,69.639999,70.110001,69.209999,69.940002,61.076893,71400
2014-03-21,71.110001,72.250000,71.059998,71.349998,62.308212,291000
2014-03-24,71.500000,71.940002,71.010002,71.330002,62.290752,106400
2014-03-25,71.720001,71.910004,71.320000,71.519997,62.456650,561500
2014-03-26,71.849998,72.099998,71.150002,71.150002,62.133560,111400
2014-03-27,70.949997,71.370003,70.730003,71.129997,62.116100,127900
2014-03-28,72.129997,73.080002,72.129997,72.379997,63.207699,127300
2014-03-31,72.870003,73.220001,72.540001,72.709999,63.495857,88100
2014-04-01,73.129997,73.610001,73.099998,73.500000,64.185760,165000
2014-04-02,73.650002,73.839996,73.449997,73.769997,64.421539,93300
2014-04-03,73.540001,73.540001,72.660004,73.440002,64.133347,156900
2014-04-04,73.540001,74.180000,72.410004,72.519997,63.329956,268600
2014-04-07,72.580002,72.720001,71.760002,72.199997,63.050484,70500
2014-04-08,73.019997,73.970001,73.019997,73.430000,64.124626,101300
2014-04-09,74.000000,74.849998,73.419998,74.610001,65.155090,130000
2014-04-10,75.300003,75.860001,74.220001,74.360001,64.936768,58600
2014-04-11,73.500000,73.779999,73.250000,73.470001,64.159554,92700
2014-04-14,73.720001,73.919998,73.239998,73.519997,64.203217,83600
2014-04-15,72.320000,72.570000,71.199997,72.050003,62.919521,257900
2014-04-16,72.660004,73.120003,72.360001,72.900002,63.661785,71400
2014-04-17,72.989998,73.540001,72.589996,73.239998,63.958702,380100
2014-04-21,72.900002,72.989998,72.330002,72.860001,63.626858,51300
2014-04-22,72.860001,73.180000,72.820000,72.930000,63.687984,67300
2014-04-23,72.209999,72.379997,71.849998,72.279999,63.120361,94500
2014-04-24,72.260002,72.300003,71.430000,72.000000,62.875839,34400
2014-04-25,71.180000,71.519997,70.809998,71.459999,62.404274,100900
2014-04-28,70.809998,70.809998,69.879997,70.239998,61.338875,42300
2014-04-29,70.949997,71.360001,70.900002,71.050003,62.046238,35300
2014-04-30,70.370003,70.500000,70.050003,70.449997,61.522270,87700
2014-05-01,70.260002,71.099998,70.250000,70.709999,61.749317,33300
2014-05-02,71.010002,71.389999,70.830002,71.099998,62.089882,57600
2014-05-05,70.320000,70.660004,70.199997,70.610001,61.661987,57400
2014-05-06,70.559998,71.070000,70.360001,70.440002,61.513531,218500
2014-05-07,69.889999,69.900002,69.400002,69.699997,60.867294,154600
2014-05-08,69.699997,69.870003,69.190002,69.199997,60.430664,102300
2014-05-09,69.110001,69.419998,68.900002,69.250000,60.474339,38400
2014-05-12,70.529999,71.099998,70.489998,71.040001,62.037487,122300
2014-05-13,71.099998,71.330002,70.699997,71.169998,62.151016,145600
2014-05-14,71.839996,72.209999,71.809998,71.889999,62.779774,150300
2014-05-15,71.739998,71.739998,71.010002,71.489998,62.430477,48800
2014-05-16,71.550003,72.059998,71.230003,72.010002,62.884567,29100
2014-05-19,71.540001,71.919998,71.540001,71.870003,62.762310,32800
2014-05-20,71.430000,71.889999,71.260002,71.550003,62.482872,38100
2014-05-21,72.250000,72.529999,72.209999,72.529999,63.338669,28800
2014-05-22,73.000000,73.300003,73.000000,73.150002,63.880108,65600
2014-05-23,73.279999,73.419998,73.120003,73.309998,64.019829,45700
2014-05-27,73.220001,73.459999,72.849998,73.129997,63.862640,51800
2014-05-28,73.690002,73.849998,73.339996,73.540001,64.220688,58400
2014-05-29,73.430000,73.639999,73.260002,73.529999,64.211952,139100
2014-05-30,73.879997,74.099998,73.360001,73.489998,64.177017,104200
2014-06-02,73.989998,74.150002,73.790001,73.959999,64.587471,65100
2014-06-03,74.050003,74.589996,73.959999,74.419998,64.989166,38000
2014-06-04,73.739998,73.940002,73.519997,73.849998,64.491394,22600
2014-06-05,74.309998,74.599998,74.000000,74.379997,64.954231,32600
2014-06-06,74.150002,74.489998,74.150002,74.400002,64.971703,49900
2014-06-09,74.800003,75.120003,74.720001,75.029999,65.521866,74200
2014-06-10,75.470001,75.580002,75.290001,75.470001,65.906097,56500
2014-06-11,74.970001,75.349998,74.970001,75.080002,65.565536,46900
2014-06-12,75.379997,75.379997,74.739998,75.029999,65.521866,123200
2014-06-13,75.459999,75.889999,75.449997,75.830002,66.220490,49500
2014-06-16,75.760002,75.889999,75.489998,75.860001,66.246681,763100
2014-06-17,75.349998,75.889999,75.250000,75.720001,66.124413,70500
2014-06-18,75.820000,76.379997,75.370003,76.309998,66.639656,36600
2014-06-19,75.500000,75.750000,75.330002,75.610001,66.028374,65400
2014-06-20,74.360001,74.690002,74.360001,74.500000,65.906303,46300
2014-06-23,73.760002,74.050003,73.599998,73.900002,65.375504,113100
2014-06-24,74.070000,74.500000,73.610001,73.690002,65.189728,38500
2014-06-25,73.790001,74.360001,73.790001,74.300003,65.729362,16700
2014-06-26,74.910004,75.260002,74.750000,75.000000,66.348610,31900
2014-06-27,74.820000,75.209999,74.750000,75.110001,66.445915,157500
2014-06-30,75.110001,75.430000,75.089996,75.239998,66.560913,32800
2014-07-01,75.459999,75.980003,75.459999,75.709999,66.976707,63500
2014-07-02,76.559998,76.860001,76.440002,76.690002,67.843658,120000
2014-07-03,77.050003,77.610001,76.820000,77.570000,68.622139,141300
2014-07-07,77.260002,77.510002,77.150002,77.510002,68.569084,69400
2014-07-08,77.239998,77.239998,76.309998,76.599998,67.764053,32900
2014-07-09,76.059998,76.660004,76.040001,76.510002,67.684418,81900
2014-07-10,75.309998,76.150002,74.970001,76.150002,67.365952,70400
2014-07-11,76.099998,76.620003,76.099998,76.529999,67.702110,18600
2014-07-14,77.180000,77.459999,77.180000,77.419998,68.489456,23400
2014-07-15,77.279999,77.550003,76.940002,77.419998,68.489456,16500
2014-07-16,77.800003,77.970001,77.650002,77.839996,68.861015,18100
2014-07-17,77.230003,77.470001,76.529999,76.699997,67.852501,22700
2014-07-18,77.139999,77.550003,77.089996,77.330002,68.409843,41100
2014-07-21,76.750000,77.610001,76.750000,77.529999,68.586761,22800
2014-07-22,78.580002,78.930000,78.580002,78.760002,69.674896,350900
2014-07-23,79.389999,79.470001,79.019997,79.410004,70.249908,33400
2014-07-24,79.980003,80.389999,79.849998,80.150002,70.904549,110800
2014-07-25,80.339996,80.860001,80.339996,80.769997,71.453026,87900
2014-07-28,81.269997,81.980003,81.029999,81.940002,72.488075,188500
2014-07-29,82.339996,82.339996,81.519997,81.559998,72.151901,222300
2014-07-30,81.680000,81.800003,80.699997,80.900002,71.568039,132800
2014-07-31,81.040001,81.059998,79.930000,80.180000,70.931084,323800
2014-08-01,80.440002,80.910004,79.949997,80.599998,71.302643,207800
2014-08-04,81.099998,81.599998,80.720001,81.510002,72.107681,346500
2014-08-05,81.029999,81.070000,80.330002,80.570000,71.276100,329700
2014-08-06,80.279999,80.760002,80.239998,80.349998,71.081474,318600
2014-08-07,80.489998,80.559998,79.550003,79.900002,70.683388,505300
2014-08-08,80.699997,81.360001,80.489998,81.300003,71.921898,155500
2014-08-11,81.830002,82.349998,81.720001,82.199997,72.718071,240400
2014-08-12,82.150002,82.260002,81.750000,82.150002,72.673843,204300
2014-08-13,83.019997,83.209999,82.870003,83.070000,73.487724,75500
2014-08-14,82.360001,82.529999,81.989998,82.349998,72.850784,39600
2014-08-15,82.720001,83.029999,81.940002,82.379997,72.877312,54300
2014-08-18,82.760002,82.959999,82.510002,82.949997,73.381546,159700
2014-08-19,82.949997,83.099998,82.800003,83.080002,73.496582,78000
2014-08-20,82.730003,83.000000,82.650002,82.769997,73.222313,33000
2014-08-21,82.349998,82.449997,81.730003,81.940002,72.488075,137200
2014-08-22,82.129997,82.190002,81.809998,81.940002,72.488075,171300
2014-08-25,82.349998,82.610001,82.239998,82.570000,73.045403,72300
2014-08-26,82.300003,82.639999,82.300003,82.500000,72.983467,161800
2014-08-27,82.089996,82.239998,81.949997,82.000000,72.541153,30700
2014-08-28,80.790001,80.839996,80.510002,80.750000,71.435333,63700
2014-08-29,81.169998,81.180000,80.720001,80.769997,71.453026,66000
2014-09-02,81.260002,81.750000,81.260002,81.510002,72.107681,206000
2014-09-03,83.739998,83.849998,83.250000,83.589996,73.947731,44000
2014-09-04,84.010002,84.250000,83.440002,83.559998,73.921196,35200
2014-09-05,83.830002,84.379997,83.629997,84.379997,74.646591,292300
2014-09-08,84.120003,84.320000,83.680000,83.980003,74.292763,137200
2014-09-09,83.870003,83.870003,82.980003,83.150002,73.558495,252300
2014-09-10,81.919998,82.389999,81.669998,82.250000,72.762306,54300
2014-09-11,81.459999,81.949997,81.459999,81.949997,72.496910,35100
2014-09-12,81.690002,81.730003,81.279999,81.550003,72.143051,64800
2014-09-15,81.040001,81.180000,80.070000,80.169998,70.922241,166100
2014-09-16,79.489998,81.669998,79.489998,80.790001,71.470718,236000
2014-09-17,80.860001,81.089996,80.470001,80.529999,71.240715,120500
2014-09-18,80.500000,80.750000,80.300003,80.599998,71.302643,37500
2014-09-19,80.800003,80.800003,79.599998,79.919998,70.701073,160100
2014-09-22,79.230003,79.230003,78.089996,78.220001,69.197182,134000
2014-09-23,78.139999,78.760002,78.029999,78.129997,69.117554,92700
2014-09-24,79.110001,79.830002,78.900002,79.610001,70.426834,60700
2014-09-25,78.709999,78.930000,77.879997,78.169998,69.152939,84000
2014-09-26,78.220001,78.779999,78.209999,78.470001,69.418350,77000
2014-09-29,76.620003,76.830002,76.400002,76.589996,67.755196,69300
2014-09-30,76.349998,76.839996,76.300003,76.650002,67.808281,269500
2014-10-01,76.339996,76.480003,75.000000,75.099998,66.437073,183100
2014-10-02,75.080002,75.570000,73.730003,75.290001,66.605164,196800
2014-10-03,76.589996,77.150002,76.160004,76.349998,67.542877,167200
2014-10-06,77.930000,78.089996,77.489998,77.540001,68.595619,172000
2014-10-07,77.589996,77.779999,77.019997,77.019997,68.135612,44900
2014-10-08,77.349998,78.470001,76.879997,78.370003,69.329872,77200
2014-10-09,77.910004,77.910004,76.870003,77.129997,68.232910,79600
2014-10-10,76.330002,76.489998,75.410004,75.440002,66.737854,98600
2014-10-13,76.199997,76.570000,75.559998,75.589996,66.870544,75000
2014-10-14,75.510002,76.169998,75.059998,75.750000,67.012085,232400
2014-10-15,74.930000,75.779999,74.010002,75.709999,66.976707,116800
2014-10-16,74.250000,76.230003,74.250000,75.559998,66.844017,76600
2014-10-17,76.529999,77.019997,76.279999,76.279999,67.480949,88400
2014-10-20,75.989998,76.589996,75.790001,76.500000,67.675575,102300
2014-10-21,76.750000,77.199997,76.669998,76.940002,68.064827,115400
2014-10-22,77.220001,77.489998,76.550003,76.620003,67.781746,74600
2014-10-23,77.150002,77.489998,76.959999,77.040001,68.153290,49100
2014-10-24,76.910004,77.559998,76.910004,77.320000,68.400993,39700
2014-10-27,76.260002,76.370003,75.989998,76.339996,67.534042,74400
2014-10-28,77.519997,78.250000,77.489998,78.110001,69.099861,107200
2014-10-29,78.779999,78.779999,78.010002,78.279999,69.250259,47700
2014-10-30,77.959999,78.970001,77.959999,78.629997,69.559883,22500
2014-10-31,79.510002,79.940002,79.489998,79.589996,70.409142,61600
2014-11-03,79.309998,79.309998,78.800003,79.080002,69.957985,100700
2014-11-04,79.370003,79.669998,79.059998,79.580002,70.400299,51000
2014-11-05,79.290001,79.349998,78.910004,78.980003,69.869530,63200
2014-11-06,79.050003,79.250000,78.629997,78.959999,69.851822,109500
2014-11-07,78.419998,78.839996,78.349998,78.739998,69.657196,23400
2014-11-10,79.419998,79.529999,79.180000,79.260002,70.117210,101800
2014-11-11,79.300003,79.500000,79.029999,79.500000,70.329521,131000
2014-11-12,79.650002,79.930000,79.410004,79.660004,70.471069,847200
2014-11-13,80.220001,80.220001,79.559998,79.910004,70.692245,199500
2014-11-14,80.809998,81.559998,80.809998,81.559998,72.151901,144800
2014-11-17,79.559998,79.709999,79.360001,79.489998,70.320686,215700
2014-11-18,78.709999,78.849998,78.519997,78.750000,69.666031,68300
2014-11-19,78.180000,78.360001,77.809998,78.239998,69.214874,594200
2014-11-20,77.720001,78.010002,77.389999,77.889999,68.905228,138300
2014-11-21,80.120003,80.959999,80.120003,80.570000,71.276100,246800
2014-11-24,80.470001,80.660004,80.029999,80.250000,70.993027,159100
2014-11-25,80.370003,80.440002,79.580002,79.629997,70.444519,102200
2014-11-26,81.019997,81.599998,81.019997,81.599998,72.187279,52400
2014-11-28,80.940002,81.290001,80.540001,80.760002,71.444183,78700
2014-12-01,78.860001,78.870003,78.190002,78.589996,69.524483,109600
2014-12-02,79.510002,79.970001,79.489998,79.870003,70.656837,81800
2014-12-03,79.010002,79.559998,78.910004,79.290001,70.143761,75100
2014-12-04,81.019997,81.059998,80.500000,80.699997,71.391106,257200
2014-12-05,80.919998,81.360001,80.680000,81.250000,71.877655,96800
2014-12-08,81.190002,81.239998,80.139999,80.360001,71.090309,116000
2014-12-09,78.260002,78.330002,77.629997,78.279999,69.250259,136800
2014-12-10,78.620003,78.750000,77.529999,77.570000,68.622139,101200
2014-12-11,78.059998,78.940002,78.059998,78.190002,69.170631,235700
2014-12-12,77.769997,78.059998,77.180000,77.320000,68.400993,63300
2014-12-15,77.629997,77.730003,76.419998,77.040001,68.153290,86100
2014-12-16,76.220001,77.849998,75.910004,76.589996,67.755196,327100
2014-12-17,76.760002,78.519997,76.449997,77.839996,68.861015,452000
2014-12-18,78.279999,78.709999,78.010002,78.449997,69.400642,123700
2014-12-19,77.610001,78.480003,77.480003,78.320000,69.916634,355900
2014-12-22,78.919998,79.419998,78.919998,79.309998,70.800407,70700
2014-12-23,78.839996,78.839996,78.139999,78.360001,69.952332,55600
2014-12-24,78.000000,78.220001,77.830002,77.959999,69.595253,20800
2014-12-26,79.800003,80.410004,79.800003,79.870003,71.300308,80800
2014-12-29,79.790001,79.879997,79.360001,79.360001,70.845032,91300
2014-12-30,78.699997,78.940002,78.529999,78.650002,70.211227,111700
2014-12-31,80.070000,80.080002,79.519997,79.639999,71.095001,64400
2015-01-02,80.440002,80.440002,79.440002,79.690002,71.139641,92100
2015-01-05,80.169998,80.320000,79.370003,79.519997,70.987885,173800
2015-01-06,79.650002,79.889999,78.540001,79.040001,70.559372,228900
2015-01-07,80.500000,81.250000,80.269997,81.120003,72.416199,1212300
2015-01-08,81.720001,82.010002,81.510002,81.760002,72.987541,306100
2015-01-09,82.000000,82.070000,81.220001,81.320000,72.594742,204700
2015-01-12,81.279999,81.279999,80.269997,80.480003,71.844887,100300
2015-01-13,81.720001,81.930000,80.410004,81.209999,72.496544,119100
2015-01-14,80.269997,80.809998,79.919998,80.360001,71.737755,130000
2015-01-15,81.500000,81.500000,80.349998,80.370003,71.746674,113300
2015-01-16,79.470001,80.290001,79.070000,80.250000,71.639557,156700
2015-01-20,79.570000,79.989998,79.410004,79.800003,71.237831,128500
2015-01-21,81.089996,82.150002,80.750000,82.150002,73.335686,159900
2015-01-22,82.309998,83.349998,81.980003,83.300003,74.362305,324600
2015-01-23,82.889999,83.260002,82.800003,83.010002,74.103424,228300
2015-01-26,82.790001,83.290001,82.790001,83.120003,74.201607,122500
2015-01-27,81.449997,82.139999,81.370003,81.870003,73.085724,272500
2015-01-28,81.800003,81.800003,80.379997,80.489998,71.853798,223100
2015-01-29,80.830002,81.050003,80.029999,80.970001,72.282303,123900
2015-01-30,80.059998,80.410004,79.199997,79.260002,70.755760,388400
2015-02-02,80.019997,80.349998,79.610001,80.300003,71.684181,138800
2015-02-03,80.639999,81.519997,80.639999,81.430000,72.692917,313100
2015-02-04,82.330002,82.809998,81.750000,81.830002,73.050026,223100
2015-02-05,81.110001,81.620003,80.790001,81.470001,72.728653,144900
2015-02-06,80.169998,80.400002,79.620003,79.750000,71.193207,87000
2015-02-09,79.459999,79.849998,79.040001,79.440002,70.916458,103000
2015-02-10,79.949997,80.209999,79.650002,80.000000,71.416367,228900
2015-02-11,79.489998,79.949997,79.470001,79.940002,71.362816,66800
2015-02-12,80.459999,80.760002,80.029999,80.610001,71.960930,63600
2015-02-13,80.739998,81.419998,80.739998,81.150002,72.442986,79000
2015-02-17,81.459999,81.690002,81.050003,81.379997,72.648308,67500
2015-02-18,81.169998,81.360001,80.949997,81.269997,72.550110,36400
2015-02-19,80.980003,81.339996,80.760002,81.129997,72.425133,32700
2015-02-20,81.089996,81.730003,80.910004,81.720001,72.951828,80400
2015-02-23,81.550003,81.580002,80.900002,81.040001,72.344780,67400
2015-02-24,81.389999,82.120003,81.389999,81.860001,73.076820,58900
2015-02-25,81.959999,81.959999,81.410004,81.580002,72.826851,48100
2015-02-26,82.239998,82.389999,82.120003,82.300003,73.469604,43800
2015-02-27,82.320000,82.440002,82.050003,82.099998,73.291054,51800
2015-03-02,81.849998,82.290001,81.820000,82.290001,73.460678,49900
2015-03-03,80.959999,80.989998,80.269997,80.800003,72.130539,67700
2015-03-04,80.139999,80.430000,79.790001,80.370003,71.746674,72300
2015-03-05,80.339996,80.720001,80.050003,80.470001,71.835945,142700
2015-03-06,80.220001,80.309998,79.500000,79.680000,71.130707,96500
2015-03-09,80.070000,80.370003,80.019997,80.080002,71.487793,137900
2015-03-10,78.989998,78.989998,78.389999,78.500000,70.077324,221400
2015-03-11,78.550003,78.779999,78.360001,78.570000,70.139816,163700
2015-03-12,79.379997,79.610001,78.919998,79.000000,70.523674,179800
2015-03-13,79.379997,79.540001,78.669998,79.150002,70.657570,149800
2015-03-16,80.040001,80.449997,79.989998,80.290001,71.675262,177200
2015-03-17,79.980003,80.820000,79.660004,80.550003,71.907372,275500
2015-03-18,80.800003,82.250000,80.580002,81.940002,73.148224,73500
2015-03-19,81.919998,82.290001,81.599998,81.949997,73.157143,84500
2015-03-20,82.239998,82.680000,82.190002,82.400002,73.558861,43700
2015-03-23,82.260002,82.519997,82.120003,82.300003,73.469604,35900
2015-03-24,81.930000,82.269997,81.849998,82.190002,73.371399,534300
2015-03-25,82.110001,82.110001,81.139999,81.139999,72.434067,54200
2015-03-26,81.230003,81.500000,80.940002,81.190002,72.478691,236500
2015-03-27,82.180000,82.559998,82.080002,82.410004,73.567795,46100
2015-03-30,84.000000,85.410004,83.790001,85.239998,76.094154,285900
2015-03-31,84.150002,84.820000,84.000000,84.639999,75.558525,368200
2015-04-01,85.620003,85.989998,85.400002,85.989998,76.763680,257600
2015-04-02,86.720001,87.209999,86.720001,87.120003,77.772423,283500
2015-04-06,87.209999,88.379997,87.150002,88.040001,78.593727,113900
2015-04-07,88.250000,88.739998,88.059998,88.080002,78.629425,231200
2015-04-08,93.209999,94.019997,91.900002,93.870003,83.798203,191700
2015-04-09,95.400002,97.750000,95.400002,97.400002,86.949440,432100
2015-04-10,95.839996,96.610001,95.440002,96.440002,86.092422,141600
2015-04-13,97.400002,98.800003,97.260002,97.470001,87.011932,125900
2015-04-14,96.500000,96.620003,95.239998,96.230003,85.904961,259000
2015-04-15,96.160004,96.480003,95.720001,96.440002,86.092422,190900
2015-04-16,97.120003,98.360001,97.000000,97.769997,87.279739,201200
2015-04-17,96.800003,96.800003,93.180000,94.540001,84.396301,290300
2015-04-20,94.489998,95.320000,94.320000,94.820000,84.646240,403100
2015-04-21,95.760002,97.320000,95.760002,96.779999,86.395966,191000
2015-04-22,97.739998,98.949997,97.739998,98.660004,88.074249,140100
2015-04-23,97.209999,98.419998,97.169998,98.050003,87.529701,129500
2015-04-24,98.330002,98.730003,98.139999,98.400002,87.842148,268100
2015-04-27,99.639999,100.099998,99.389999,99.769997,89.065147,368200
2015-04-28,99.559998,99.860001,98.900002,99.669998,88.975868,176100
2015-04-29,98.680000,98.919998,97.830002,98.339996,87.788574,304800
2015-04-30,97.900002,97.930000,97.139999,97.250000,86.815536,274800
2015-05-01,97.529999,98.169998,97.010002,98.050003,87.529701,293900
2015-05-04,98.050003,99.190002,97.959999,99.010002,88.386696,158600
2015-05-05,96.529999,96.660004,95.459999,95.730003,85.458626,203500
2015-05-06,95.440002,95.500000,93.470001,93.620003,83.575012,149100
2015-05-07,93.000000,93.360001,92.750000,93.290001,83.280418,189100
2015-05-08,94.129997,96.000000,94.129997,95.639999,85.378265,103800
2015-05-11,96.190002,96.389999,95.199997,95.199997,84.985481,307500
2015-05-12,94.320000,94.849998,93.989998,94.790001,84.619484,455800
2015-05-13,94.510002,94.900002,94.070000,94.220001,84.110626,160200
2015-05-14,94.820000,95.559998,94.790001,95.430000,85.190811,127000
2015-05-15,96.099998,96.830002,96.029999,96.750000,86.369186,94500
2015-05-18,95.790001,96.019997,95.489998,95.769997,85.494316,251000
2015-05-19,96.739998,96.940002,96.550003,96.870003,86.476303,99600
2015-05-20,95.930000,96.510002,95.790001,96.339996,86.003174,134800
2015-05-21,95.669998,96.320000,95.669998,96.110001,85.797844,273400
2015-05-22,97.919998,98.959999,97.919998,98.720001,88.127800,111800
2015-05-26,99.489998,99.959999,98.709999,99.059998,88.431320,463100
2015-05-27,98.519997,99.089996,98.230003,99.040001,88.413467,373800
2015-05-28,98.050003,98.050003,95.330002,95.820000,85.538956,162300
2015-05-29,95.519997,95.699997,94.519997,94.529999,84.387375,170700
2015-06-01,95.470001,96.809998,95.470001,95.959999,85.663933,427300
2015-06-02,95.550003,96.419998,95.050003,95.949997,85.655014,213400
2015-06-03,96.320000,96.580002,95.800003,96.459999,86.110298,114100
2015-06-04,96.620003,96.620003,95.349998,95.680000,85.413986,300700
2015-06-05,94.669998,95.339996,94.300003,95.260002,85.039040,171900
2015-06-08,95.589996,95.639999,95.040001,95.139999,84.931915,125200
2015-06-09,94.190002,94.190002,93.000000,93.570000,83.530373,108700
2015-06-10,92.639999,93.669998,92.260002,93.339996,83.325066,138900
2015-06-11,93.919998,94.250000,93.690002,94.010002,83.923172,115400
2015-06-12,94.589996,95.110001,94.589996,94.720001,84.556999,24700
2015-06-15,92.599998,92.680000,92.180000,92.370003,82.459129,138500
2015-06-16,91.449997,91.690002,90.470001,91.580002,81.753891,194700
2015-06-17,92.190002,92.400002,91.370003,92.010002,82.137749,107700
2015-06-18,92.000000,92.589996,91.820000,92.470001,82.548401,80300
2015-06-19,91.019997,91.269997,90.820000,91.010002,81.764099,571900
2015-06-22,91.930000,92.250000,91.709999,91.739998,82.419930,185800
2015-06-23,92.620003,93.690002,92.620003,93.540001,84.037064,70600
2015-06-24,94.000000,94.349998,93.489998,93.500000,84.001137,84300
2015-06-25,92.739998,92.739998,92.080002,92.080002,82.725388,42000
2015-06-26,91.160004,91.190002,89.550003,89.639999,80.533272,211000
2015-06-29,88.879997,88.879997,86.980003,87.010002,78.170448,119300
2015-06-30,89.239998,89.349998,88.510002,88.940002,79.904388,136000
2015-07-01,88.580002,89.110001,87.879997,88.379997,79.401291,160900
2015-07-02,88.760002,89.050003,88.070000,88.110001,79.158707,133900
2015-07-06,83.519997,84.080002,82.919998,83.180000,74.729546,264900
2015-07-07,79.510002,79.650002,77.089996,79.559998,71.477333,518000
2015-07-08,78.769997,78.769997,74.449997,74.620003,67.039207,450800
2015-07-09,77.919998,81.010002,77.919998,79.430000,71.360519,556300
2015-07-10,80.220001,83.279999,80.220001,82.900002,74.478012,444100
2015-07-13,83.629997,84.160004,83.470001,83.610001,75.115868,191400
2015-07-14,83.080002,83.580002,82.629997,83.519997,75.035011,218100
2015-07-15,82.169998,82.230003,81.150002,81.300003,73.040550,233500
2015-07-16,82.830002,83.040001,82.400002,83.019997,74.585800,113600
2015-07-17,83.849998,84.290001,83.849998,84.029999,75.493195,52400
2015-07-20,83.389999,83.919998,83.230003,83.709999,75.205711,58700
2015-07-21,84.309998,84.529999,83.839996,84.019997,75.484215,223600
2015-07-22,83.160004,83.519997,83.050003,83.300003,74.837379,34300
2015-07-23,84.040001,84.190002,83.320000,83.410004,74.936180,141100
2015-07-24,83.160004,83.180000,82.029999,82.459999,74.082703,60400
2015-07-27,81.639999,81.639999,78.349998,78.870003,70.857445,250700
2015-07-28,79.360001,79.449997,78.519997,79.419998,71.351540,167600
2015-07-29,79.660004,80.699997,79.410004,80.489998,72.312836,238300
2015-07-30,79.690002,79.790001,79.190002,79.669998,71.576134,39800
2015-07-31,79.900002,80.070000,79.180000,79.300003,71.243736,68200
2015-08-03,78.730003,78.730003,77.730003,78.150002,70.210564,121700
2015-08-04,78.800003,79.220001,78.489998,78.820000,70.812508,129500
2015-08-05,79.599998,80.040001,79.199997,79.559998,71.477333,87500
2015-08-06,79.290001,79.290001,78.500000,78.860001,70.848434,44700
2015-08-07,79.599998,80.110001,79.239998,79.419998,71.351540,67400
2015-08-10,80.230003,81.570000,80.230003,81.360001,73.094460,162700
2015-08-11,80.589996,80.589996,79.110001,79.750000,71.648026,100800
2015-08-12,78.949997,78.949997,77.040001,77.949997,70.030884,122100
2015-08-13,78.610001,79.059998,78.309998,78.309998,70.354309,169900
2015-08-14,78.459999,78.889999,78.440002,78.730003,70.731644,40500
2015-08-17,77.769997,78.500000,77.709999,78.430000,70.462128,28300
2015-08-18,76.779999,77.209999,76.580002,76.879997,69.069588,132800
2015-08-19,76.150002,76.150002,74.629997,75.330002,67.677063,93900
2015-08-20,73.849998,73.989998,72.889999,72.959999,65.547844,193700
2015-08-21,72.129997,72.559998,70.769997,70.849998,63.652199,96700
2015-08-24,64.680000,68.860001,63.410000,66.180000,59.456627,330400
2015-08-25,70.629997,70.930000,67.629997,67.660004,60.786270,185500
2015-08-26,68.330002,69.650002,66.839996,69.320000,62.277630,284800
2015-08-27,70.699997,73.070000,70.699997,72.620003,65.242371,311000
2015-08-28,71.900002,71.900002,70.730003,71.110001,63.885788,59000
2015-08-31,70.570000,70.650002,69.570000,69.620003,62.547146,56800
2015-09-01,68.930000,68.930000,66.309998,66.730003,59.950745,126700
2015-09-02,67.180000,67.400002,66.419998,67.309998,60.471821,559300
2015-09-03,67.879997,68.980003,67.699997,67.830002,60.939007,155000
2015-09-04,66.500000,66.629997,65.349998,65.860001,59.169128,73100
2015-09-08,67.980003,69.910004,67.980003,69.760002,62.672924,518000
2015-09-09,71.309998,72.089996,69.769997,69.910004,62.807697,113900
2015-09-10,69.709999,70.510002,69.540001,69.949997,62.843624,51200
2015-09-11,69.900002,70.639999,69.519997,70.639999,63.463528,62100
2015-09-14,69.730003,69.910004,69.139999,69.709999,62.628014,92700
2015-09-15,69.620003,70.639999,69.620003,70.540001,63.373688,29600
2015-09-16,71.769997,73.029999,71.730003,72.790001,65.395096,67200
2015-09-17,71.379997,72.940002,70.870003,71.849998,64.550591,147800
2015-09-18,70.949997,71.339996,70.120003,70.309998,63.167049,49200
2015-09-21,71.339996,71.669998,70.989998,71.209999,63.975616,31900
2015-09-22,70.169998,70.190002,69.360001,70.169998,63.041267,52900
2015-09-23,69.610001,69.699997,68.839996,68.900002,61.900291,80500
2015-09-24,68.129997,68.830002,67.709999,68.760002,61.774513,42200
2015-09-25,69.430000,69.650002,68.349998,68.440002,61.487038,57200
2015-09-28,68.000000,68.000000,66.760002,66.989998,60.184345,89800
2015-09-29,66.860001,67.550003,66.650002,67.279999,60.444878,44300
2015-09-30,68.680000,69.180000,68.349998,68.949997,61.945206,24600
2015-10-01,69.480003,69.650002,68.690002,69.410004,62.358475,27400
2015-10-02,69.760002,72.260002,69.519997,72.250000,64.909966,33300
2015-10-05,72.610001,73.430000,72.470001,73.160004,65.727516,145700
2015-10-06,72.379997,72.849998,72.110001,72.410004,65.053703,70500
2015-10-07,74.739998,75.309998,74.050003,74.730003,67.138023,395500
2015-10-08,74.150002,75.349998,74.150002,75.180000,67.542297,39900
2015-10-09,75.260002,75.529999,74.779999,75.010002,67.389557,25600
2015-10-12,75.709999,75.709999,75.220001,75.419998,67.757912,13600
2015-10-13,74.870003,75.400002,74.589996,74.589996,67.012215,20900
2015-10-14,75.190002,75.330002,74.389999,74.550003,66.976318,18000
2015-10-15,76.290001,77.169998,75.919998,77.169998,69.330132,42800
2015-10-16,76.839996,77.410004,76.500000,77.410004,69.545753,48900
2015-10-19,76.769997,76.989998,76.419998,76.760002,68.961784,39000
2015-10-20,76.769997,77.000000,76.500000,76.820000,69.015678,143200
2015-10-21,76.470001,76.470001,75.250000,75.349998,67.695015,56000
2015-10-22,76.309998,77.550003,76.309998,77.419998,69.554733,37500
2015-10-23,78.419998,79.059998,78.209999,78.790001,70.785545,60900
2015-10-26,77.510002,78.050003,77.510002,77.790001,69.887138,67100
2015-10-27,77.440002,77.709999,77.169998,77.639999,69.752388,65300
2015-10-28,77.720001,78.239998,76.379997,77.099998,69.267242,95600
2015-10-29,76.540001,76.879997,76.339996,76.769997,68.970749,124700
2015-10-30,77.169998,77.220001,76.790001,76.930000,69.114517,127600
2015-11-02,76.879997,77.800003,76.830002,77.720001,69.824265,39600
2015-11-03,77.230003,78.099998,77.230003,77.830002,69.923073,48900
2015-11-04,79.400002,79.480003,78.339996,78.680000,70.686722,85100
2015-11-05,78.730003,79.040001,78.360001,78.860001,70.848434,77000
2015-11-06,77.900002,78.589996,77.639999,78.550003,70.569931,42300
2015-11-09,77.839996,78.010002,76.510002,76.800003,68.997726,146800
2015-11-10,76.660004,76.739998,76.040001,76.570000,68.791077,43300
2015-11-11,77.160004,77.160004,76.360001,76.480003,68.710228,84600
2015-11-12,76.709999,77.160004,76.220001,76.309998,68.557495,34200
2015-11-13,75.650002,75.650002,74.570000,74.779999,67.182922,59100
2015-11-16,75.010002,76.480003,75.010002,76.239998,68.494591,88100
2015-11-17,76.000000,76.400002,75.690002,75.820000,68.117271,19700
2015-11-18,75.680000,76.650002,75.680000,76.650002,68.862953,19200
2015-11-19,76.680000,77.430000,76.680000,77.019997,69.195381,27800
2015-11-20,77.860001,78.410004,77.860001,78.089996,70.156654,54200
2015-11-23,77.769997,78.190002,77.610001,77.760002,69.860191,32000
2015-11-24,76.959999,77.910004,76.809998,77.690002,69.797302,99000
2015-11-25,77.680000,77.800003,77.440002,77.629997,69.743393,198000
2015-11-27,75.930000,76.110001,75.580002,75.919998,68.207123,54700
2015-11-30,75.870003,77.040001,75.839996,77.010002,69.186371,104900
2015-12-01,77.349998,77.620003,77.169998,77.599998,69.716431,50300
2015-12-02,77.720001,77.720001,76.870003,77.010002,69.186371,83400
2015-12-03,77.529999,77.529999,76.089996,76.529999,68.755150,81900
2015-12-04,76.370003,77.489998,76.320000,77.269997,69.419960,96300
2015-12-07,76.970001,77.000000,76.410004,76.709999,68.916855,65400
2015-12-08,75.050003,75.730003,74.879997,75.730003,68.036407,135900
2015-12-09,75.220001,75.879997,74.589996,74.989998,67.371613,50100
2015-12-10,74.489998,74.949997,74.250000,74.470001,66.904427,44900
2015-12-11,73.040001,73.080002,72.110001,72.190002,64.856064,98800
2015-12-14,72.849998,73.230003,72.220001,73.199997,65.763451,58300
2015-12-15,74.269997,74.870003,74.269997,74.370003,66.814606,56100
2015-12-16,75.190002,75.849998,74.660004,75.580002,67.901665,63700
2015-12-17,75.629997,75.820000,74.620003,74.620003,67.039207,118500
2015-12-18,73.690002,73.889999,73.180000,73.550003,67.440804,181300
2015-12-21,74.089996,74.169998,73.470001,74.080002,67.926788,219800
2015-12-22,73.900002,74.570000,73.769997,74.440002,68.256874,116600
2015-12-23,75.139999,75.650002,75.000000,75.650002,69.366386,91200
2015-12-24,75.040001,75.519997,75.040001,75.250000,68.999603,34500
2015-12-28,74.120003,74.199997,73.800003,74.180000,68.018471,72200
2015-12-29,74.389999,74.720001,74.360001,74.559998,68.366913,106000
2015-12-30,74.080002,74.300003,73.709999,73.779999,67.651703,64400
2015-12-31,73.580002,74.019997,73.360001,73.489998,67.385788,60400
2016-01-04,71.379997,71.379997,70.120003,70.750000,64.873375,137800
2016-01-05,70.870003,71.050003,70.680000,70.879997,64.992592,128900
2016-01-06,69.389999,70.110001,69.389999,69.610001,63.828072,233000
2016-01-07,67.529999,68.489998,66.629997,66.660004,61.123108,669900
2016-01-08,67.290001,67.440002,65.790001,65.790001,60.325375,241000
2016-01-11,65.989998,66.070000,64.730003,65.300003,59.876080,101000
2016-01-12,65.750000,66.220001,65.150002,65.669998,60.215328,73000
2016-01-13,65.949997,65.959999,63.889999,64.180000,58.849098,125500
2016-01-14,64.099998,65.370003,63.450001,65.190002,59.775211,648100
2016-01-15,61.509998,63.240002,61.000000,62.369999,57.189434,170100
2016-01-19,64.239998,64.610001,63.209999,63.759998,58.463978,538100
2016-01-20,61.849998,62.570000,60.470001,61.980000,56.831833,131100
2016-01-21,61.849998,63.060001,61.349998,62.320000,57.143589,154300
2016-01-22,64.180000,64.279999,63.500000,64.010002,58.693226,72100
2016-01-25,63.360001,63.610001,62.759998,62.779999,57.565380,176200
2016-01-26,62.549999,63.340000,62.480000,63.130001,57.886311,223200
2016-01-27,62.529999,63.259998,61.869999,62.090000,56.932697,113000
2016-01-28,63.020000,63.279999,62.029999,62.360001,57.180267,127500
2016-01-29,63.529999,64.110001,63.230000,64.110001,58.784908,187400
2016-02-01,63.000000,63.389999,62.720001,63.189999,57.941330,118100
2016-02-02,62.970001,63.160000,61.480000,61.740002,56.611767,149800
2016-02-03,61.970001,62.360001,60.580002,62.270000,57.097740,338300
2016-02-04,61.980000,62.570000,61.549999,61.820000,56.685120,75800
2016-02-05,62.049999,62.099998,60.750000,60.990002,55.924061,60900
2016-02-08,60.150002,60.150002,58.889999,59.750000,54.787064,80300
2016-02-09,58.790001,59.720001,58.580002,59.029999,54.126858,41500
2016-02-10,59.779999,60.580002,59.540001,59.560001,54.612843,34600
2016-02-11,58.000000,58.919998,57.880001,58.560001,53.695904,90000
2016-02-12,59.020000,60.000000,58.950001,59.930000,54.952106,71900
2016-02-16,61.759998,62.520000,61.759998,62.520000,57.326977,68100
2016-02-17,62.860001,63.730000,62.860001,63.639999,58.353951,40300
2016-02-18,63.900002,63.950001,62.900002,63.130001,57.886311,62800
2016-02-19,63.250000,63.560001,62.930000,63.349998,58.088036,40600
2016-02-22,64.339996,65.139999,64.339996,64.989998,59.591820,254100
2016-02-23,64.220001,64.309998,63.310001,63.380001,58.115543,58000
2016-02-24,62.360001,63.580002,62.020000,63.430000,58.161392,112900
2016-02-25,62.490002,63.049999,61.980000,62.910000,57.684582,50200
2016-02-26,63.860001,64.019997,63.189999,63.189999,57.941330,49400
2016-02-29,63.240002,63.930000,63.110001,63.209999,57.959660,79600
2016-03-01,64.190002,65.440002,64.190002,65.440002,60.004444,109600
2016-03-02,65.860001,66.349998,65.510002,66.300003,60.793011,79700
2016-03-03,65.680000,66.220001,65.669998,66.190002,60.692135,82000
2016-03-04,66.639999,68.029999,66.639999,67.760002,62.131733,53800
2016-03-07,66.760002,67.470001,66.440002,67.110001,61.535725,178900
2016-03-08,66.209999,66.269997,65.660004,65.739998,60.279514,80600
2016-03-09,65.900002,66.199997,65.669998,65.959999,60.481247,88100
2016-03-10,66.190002,66.459999,64.830002,65.550003,60.105305,353400
2016-03-11,66.760002,67.800003,66.760002,67.699997,62.076717,111100
2016-03-14,67.690002,68.070000,67.599998,67.809998,62.177563,26400
2016-03-15,67.010002,67.330002,66.750000,67.300003,61.709938,35000
2016-03-16,66.540001,68.129997,66.500000,68.110001,62.452675,66600
2016-03-17,67.809998,68.669998,67.809998,68.610001,62.911133,59700
2016-03-18,69.250000,69.570000,69.199997,69.320000,63.562160,26900
2016-03-21,69.550003,70.029999,69.440002,69.690002,63.901417,80000
2016-03-22,69.070000,69.519997,68.959999,69.309998,63.552990,72100
2016-03-23,68.930000,68.930000,68.199997,68.279999,62.608540,32500
2016-03-24,67.410004,67.989998,67.279999,67.989998,62.342617,33300
2016-03-28,67.970001,68.250000,67.959999,68.239998,62.571854,56400
2016-03-29,67.870003,69.169998,67.750000,69.129997,63.387947,9300
2016-03-30,70.000000,70.430000,69.910004,69.910004,64.103165,28300
2016-03-31,69.910004,70.269997,69.610001,69.790001,63.993126,27800
2016-04-01,68.550003,69.709999,68.199997,69.559998,63.782223,38500
2016-04-04,69.519997,69.800003,68.870003,69.000000,63.268730,99100
2016-04-05,68.279999,68.300003,67.599998,67.709999,62.085880,35400
2016-04-06,68.080002,69.019997,67.900002,69.019997,63.287075,20600
2016-04-07,68.379997,68.480003,67.620003,68.000000,62.351799,41400
2016-04-08,69.059998,69.110001,68.419998,68.570000,62.874443,22900
2016-04-11,69.629997,70.099998,69.269997,69.320000,63.562160,82400
2016-04-12,69.739998,70.589996,69.370003,70.290001,64.451599,32900
2016-04-13,72.120003,72.449997,72.050003,72.449997,66.432167,84200
2016-04-14,72.410004,72.410004,71.949997,72.250000,66.248795,32200
2016-04-15,71.769997,71.870003,71.440002,71.550003,65.606934,40400
2016-04-18,71.339996,72.190002,71.239998,71.970001,65.992050,47500
2016-04-19,72.169998,72.629997,71.970001,72.550003,66.523865,32900
2016-04-20,71.540001,72.349998,71.339996,71.930000,65.955376,61700
2016-04-21,71.849998,72.070000,71.180000,71.410004,65.478561,85500
2016-04-22,71.320000,71.709999,70.709999,70.970001,65.075111,79500
2016-04-25,70.660004,70.660004,70.199997,70.360001,64.515770,26300
2016-04-26,70.379997,70.589996,70.059998,70.500000,64.644150,15900
2016-04-27,70.129997,70.800003,69.919998,70.660004,64.790848,31800
2016-04-28,70.440002,70.760002,69.940002,70.019997,64.204018,76500
2016-04-29,69.599998,69.809998,68.919998,69.410004,63.644676,85000
2016-05-02,69.699997,69.699997,68.779999,69.110001,63.369598,45200
2016-05-03,68.320000,68.459999,67.650002,67.650002,62.030861,238000
2016-05-04,67.250000,67.580002,66.879997,67.019997,61.453209,168800
2016-05-05,67.870003,67.949997,67.230003,67.410004,61.810822,39800
2016-05-06,66.699997,67.419998,66.699997,67.180000,61.599911,137700
2016-05-09,66.669998,66.750000,65.889999,65.930000,60.453732,92300
2016-05-10,66.260002,67.010002,66.260002,66.940002,61.379848,19000
2016-05-11,66.459999,66.709999,66.220001,66.309998,60.802185,53900
2016-05-12,66.760002,66.760002,65.809998,65.980003,60.499592,95600
2016-05-13,65.629997,65.769997,64.800003,64.849998,59.463444,68300
2016-05-16,65.720001,66.669998,65.720001,66.449997,60.930550,94500
2016-05-17,66.540001,66.639999,65.940002,66.209999,60.710487,38200
2016-05-18,65.660004,66.559998,65.480003,65.760002,60.297859,42400
2016-05-19,65.290001,65.309998,64.790001,65.110001,59.701859,61500
2016-05-20,65.750000,66.110001,65.750000,65.919998,60.444565,26100
2016-05-23,65.730003,66.150002,65.639999,65.650002,60.196995,109300
2016-05-24,66.120003,67.279999,66.120003,67.169998,61.590748,43100
2016-05-25,67.389999,67.639999,66.970001,67.330002,61.737461,29800
2016-05-26,67.169998,67.580002,67.139999,67.500000,61.893330,34500
2016-05-27,68.120003,68.370003,67.809998,68.220001,62.553524,20300
2016-05-31,68.839996,69.510002,68.570000,69.349998,63.589661,81800
2016-06-01,68.730003,68.870003,68.440002,68.599998,62.901966,68000
2016-06-02,68.440002,69.180000,68.440002,69.040001,63.305424,46800
2016-06-03,69.199997,69.260002,68.680000,69.110001,63.369598,66200
2016-06-06,69.440002,70.260002,69.440002,70.059998,64.240685,53600
2016-06-07,70.580002,70.889999,70.529999,70.529999,64.671654,41200
2016-06-08,70.419998,70.699997,70.230003,70.379997,64.534111,34100
2016-06-09,69.730003,70.010002,69.730003,70.010002,64.194855,16900
2016-06-10,68.250000,68.629997,68.000000,68.199997,62.535191,28600
2016-06-13,67.089996,67.730003,66.940002,67.029999,61.462368,51000
2016-06-14,66.930000,67.519997,66.599998,67.239998,61.654926,40400
2016-06-15,67.690002,68.099998,67.519997,67.629997,62.012527,34600
2016-06-16,66.570000,67.580002,66.129997,67.550003,61.939178,78200
2016-06-17,66.680000,66.919998,66.309998,66.690002,61.539619,44700
2016-06-20,67.639999,68.190002,67.629997,67.730003,62.499310,40700
2016-06-21,67.930000,68.419998,67.769997,68.230003,62.960690,38200
2016-06-22,68.790001,69.089996,68.550003,68.610001,63.311348,138200
2016-06-23,69.500000,70.050003,69.279999,70.010002,64.603226,63700
2016-06-24,66.459999,68.050003,66.019997,66.610001,61.465794,62600
2016-06-27,66.650002,66.650002,65.339996,66.059998,60.958279,134200
2016-06-28,67.360001,67.709999,67.010002,67.510002,62.296295,21400
2016-06-29,68.550003,69.019997,68.550003,68.889999,63.569714,62800
2016-06-30,69.440002,70.059998,69.129997,69.889999,64.492493,49100
2016-07-01,70.160004,70.940002,70.120003,70.300003,64.870819,28000
2016-07-05,68.860001,69.250000,68.650002,68.919998,63.597389,36500
2016-07-06,68.190002,68.889999,67.839996,68.860001,63.542042,64700
2016-07-07,68.970001,69.250000,68.500000,68.750000,63.440525,25400
2016-07-08,69.320000,69.919998,69.190002,69.839996,64.446350,58400
2016-07-11,70.120003,70.919998,70.120003,70.669998,65.212242,83800
2016-07-12,71.459999,71.949997,71.459999,71.690002,66.153481,58000
2016-07-13,71.580002,71.580002,71.010002,71.220001,65.719780,27900
2016-07-14,71.930000,72.290001,71.779999,72.190002,66.614861,34400
2016-07-15,72.089996,72.110001,71.699997,71.930000,66.374931,23600
2016-07-18,71.610001,72.449997,71.610001,72.430000,66.836327,68500
2016-07-19,71.809998,71.870003,71.349998,71.419998,65.904327,33400
2016-07-20,72.190002,72.449997,72.019997,72.349998,66.762497,71400
2016-07-21,72.459999,72.629997,72.029999,72.220001,66.642540,17000
2016-07-22,72.339996,72.680000,72.320000,72.610001,67.002426,15200
2016-07-25,72.570000,72.570000,71.980003,72.089996,66.522591,42600
2016-07-26,72.529999,72.949997,72.529999,72.879997,67.251564,72300
2016-07-27,72.769997,72.849998,72.309998,72.629997,67.020866,29000
2016-07-28,72.330002,72.419998,72.099998,72.309998,66.725586,31100
2016-07-29,71.889999,72.199997,71.480003,72.080002,66.513359,27000
2016-08-01,72.279999,72.410004,71.949997,72.110001,66.541039,9700
2016-08-02,71.910004,72.120003,71.290001,71.690002,66.153481,25900
2016-08-03,71.510002,72.040001,71.510002,71.919998,66.365715,71600
2016-08-04,72.129997,72.500000,71.949997,72.260002,66.679466,31100
2016-08-05,72.989998,73.389999,72.959999,73.309998,67.648361,68300
2016-08-08,73.730003,73.860001,73.610001,73.650002,67.962105,42000
2016-08-09,74.059998,74.470001,74.059998,74.220001,68.488098,24700
2016-08-10,74.430000,74.470001,74.050003,74.150002,68.423492,29600
2016-08-11,75.129997,75.860001,75.129997,75.730003,69.881485,106800
2016-08-12,75.629997,76.250000,75.629997,76.160004,70.278275,12500
2016-08-15,76.989998,77.540001,76.989998,77.449997,71.468643,19900
2016-08-16,77.489998,77.489998,76.959999,77.320000,71.348679,20500
2016-08-17,76.980003,77.260002,76.430000,77.169998,71.210251,141200
2016-08-18,77.519997,77.919998,77.360001,77.889999,71.874657,188500
2016-08-19,77.389999,77.830002,77.110001,77.730003,71.727013,178300
2016-08-22,77.400002,77.400002,76.750000,77.050003,71.099525,152500
2016-08-23,77.230003,77.599998,76.900002,76.910004,70.970337,136200
2016-08-24,76.739998,76.870003,76.389999,76.510002,70.601234,10200
2016-08-25,76.180000,76.680000,76.110001,76.519997,70.610451,33500
2016-08-26,76.889999,77.610001,75.980003,76.529999,70.619682,51100
2016-08-29,76.699997,77.150002,76.690002,77.000000,71.053398,39600
2016-08-30,77.449997,77.750000,77.349998,77.529999,71.542458,106700
2016-08-31,76.830002,77.019997,76.430000,76.699997,70.776558,12000
2016-09-01,77.269997,77.599998,76.980003,77.449997,71.468643,60200
2016-09-02,78.300003,78.949997,78.300003,78.660004,72.585205,89800
2016-09-06,79.550003,80.620003,79.550003,80.559998,74.338455,211300
2016-09-07,80.239998,80.470001,80.150002,80.220001,74.024704,281900
2016-09-08,80.570000,81.029999,80.470001,80.709999,74.476875,77600
2016-09-09,80.400002,80.400002,79.000000,79.059998,72.954308,226400
2016-09-12,77.839996,79.599998,77.750000,79.519997,73.378777,71800
2016-09-13,78.139999,78.440002,77.250000,77.779999,71.773155,285600
2016-09-14,78.190002,78.599998,78.080002,78.080002,72.049988,22000
2016-09-15,78.820000,79.860001,78.639999,79.760002,73.600243,34600
2016-09-16,79.360001,79.459999,78.830002,79.290001,73.166542,20600
2016-09-19,79.559998,79.940002,79.209999,79.209999,73.092720,123300
2016-09-20,79.760002,79.779999,79.339996,79.379997,73.249596,39400
2016-09-21,80.209999,81.379997,80.190002,81.379997,75.095116,71800
2016-09-22,81.750000,82.080002,81.610001,81.910004,75.584206,149700
2016-09-23,80.959999,81.110001,80.589996,80.830002,74.587608,18000
2016-09-26,79.610001,79.610001,79.000000,79.080002,72.972755,66900
2016-09-27,79.680000,80.169998,79.650002,80.120003,73.932434,43600
2016-09-28,80.349998,80.750000,79.660004,80.730003,74.495331,51600
2016-09-29,80.510002,80.589996,79.379997,79.720001,73.563332,41700
2016-09-30,79.669998,80.089996,79.430000,79.910004,73.738663,40400
2016-10-03,79.690002,80.169998,79.519997,80.050003,73.867844,467800
2016-10-04,80.400002,80.610001,79.470001,79.830002,73.664833,203200
2016-10-05,80.750000,81.360001,80.629997,81.290001,75.012085,366300
2016-10-06,81.169998,81.470001,80.860001,81.370003,75.085907,119400
2016-10-07,81.059998,81.169998,80.290001,80.730003,74.495331,46700
2016-10-10,81.029999,82.000000,81.029999,81.739998,75.427330,108900
2016-10-11,80.389999,80.389999,79.180000,79.550003,73.406464,132100
2016-10-12,79.320000,79.570000,79.129997,79.459999,73.323402,41000
2016-10-13,78.180000,78.720001,77.410004,78.459999,72.400635,181900
2016-10-14,79.080002,79.400002,78.709999,78.809998,72.723602,46800
2016-10-17,78.370003,78.599998,78.290001,78.360001,72.308365,38800
2016-10-18,79.690002,79.690002,79.339996,79.379997,73.249596,38000
2016-10-19,79.470001,79.730003,79.290001,79.500000,73.360321,74300
2016-10-20,79.260002,79.589996,79.110001,79.330002,73.203453,25100
2016-10-21,79.000000,79.410004,79.000000,79.400002,73.268044,14200
2016-10-24,80.050003,80.169998,79.739998,79.910004,73.738663,25600
2016-10-25,79.989998,79.989998,79.550003,79.589996,73.443367,18900
2016-10-26,79.110001,79.250000,78.730003,78.800003,72.714378,44600
2016-10-27,78.699997,78.800003,78.180000,78.250000,72.206848,31600
2016-10-28,77.879997,78.059998,77.360001,77.519997,71.533226,34100
2016-10-31,77.610001,77.669998,77.250000,77.250000,71.284088,67700
2016-11-01,78.190002,78.190002,76.699997,77.199997,71.237938,149300
2016-11-02,77.019997,77.199997,75.900002,76.220001,70.333626,84700
2016-11-03,76.440002,76.470001,75.919998,76.000000,70.130623,32200
2016-11-04,75.410004,75.750000,75.320000,75.370003,69.549263,50600
2016-11-07,77.220001,77.980003,77.220001,77.699997,71.699326,43100
2016-11-08,77.260002,78.570000,77.129997,78.099998,72.068436,87900
2016-11-09,76.500000,77.449997,76.339996,76.639999,70.721191,71300
2016-11-10,76.830002,76.830002,75.000000,75.620003,69.779961,44400
2016-11-11,74.269997,75.010002,73.930000,74.639999,68.875641,32200
2016-11-14,74.120003,74.209999,73.250000,73.610001,67.925194,66700
2016-11-15,74.169998,75.309998,74.169998,75.160004,69.355484,123000
2016-11-16,74.470001,74.790001,74.309998,74.519997,68.764908,49100
2016-11-17,74.699997,75.220001,74.699997,75.050003,69.253990,81700
2016-11-18,75.050003,75.099998,74.720001,74.889999,69.106339,31900
2016-11-21,75.209999,75.489998,75.110001,75.239998,69.429306,32500
2016-11-22,76.250000,76.250000,75.820000,76.059998,70.185966,81400
2016-11-23,75.510002,75.800003,75.400002,75.699997,69.853790,18500
2016-11-25,76.400002,76.410004,76.199997,76.330002,70.435150,31300
2016-11-28,76.779999,77.070000,76.540001,76.589996,70.675056,37000
2016-11-29,76.589996,77.250000,76.510002,77.029999,71.081078,41600
2016-11-30,77.190002,77.269997,76.879997,76.910004,70.970337,23000
2016-12-01,76.849998,76.849998,76.110001,76.419998,70.518173,54100
2016-12-02,75.970001,76.309998,75.739998,75.959999,70.093704,50000
2016-12-05,75.769997,76.089996,75.639999,75.820000,69.964531,112200
2016-12-06,75.790001,75.910004,75.620003,75.849998,69.992210,166700
2016-12-07,75.910004,76.940002,75.910004,76.650002,70.730423,202700
2016-12-08,76.449997,76.930000,76.320000,76.769997,70.841156,160700
2016-12-09,76.110001,76.379997,76.019997,76.309998,70.416664,54700
2016-12-12,75.019997,75.099998,74.480003,74.720001,68.949471,69300
2016-12-13,75.279999,75.889999,75.279999,75.629997,69.789192,36800
2016-12-14,74.910004,75.379997,73.970001,74.040001,68.321991,54000
2016-12-15,73.580002,73.830002,73.300003,73.339996,67.676041,84800
2016-12-16,72.330002,72.410004,71.620003,71.709999,67.130264,42100
2016-12-19,71.540001,71.760002,71.389999,71.440002,66.877533,63800
2016-12-20,71.300003,71.570000,71.300003,71.419998,66.858803,76200
2016-12-21,71.529999,71.580002,71.290001,71.300003,66.746452,47400
2016-12-22,70.760002,70.760002,70.379997,70.500000,65.997559,112500
2016-12-23,70.330002,70.709999,70.330002,70.540001,66.034996,80200
2016-12-27,70.639999,71.010002,70.639999,70.669998,66.156693,26400
2016-12-28,71.489998,71.489998,71.059998,71.139999,66.596687,35800
2016-12-29,71.839996,72.290001,71.839996,72.040001,67.439209,137900
2016-12-30,72.389999,72.599998,71.849998,72.050003,67.448570,35400
2017-01-03,72.480003,73.080002,72.379997,72.629997,67.991524,112800
2017-01-04,72.930000,73.820000,72.930000,73.559998,68.862129,84400
2017-01-05,74.180000,74.980003,74.180000,74.779999,70.004196,98000
2017-01-06,74.699997,74.699997,74.089996,74.360001,69.611046,70000
2017-01-09,74.500000,74.839996,74.430000,74.699997,69.929321,76100
2017-01-10,75.300003,76.169998,75.290001,75.699997,70.865471,63400
2017-01-11,75.790001,76.209999,75.570000,76.150002,71.286720,58800
2017-01-12,75.860001,75.879997,75.330002,75.839996,70.996513,22000
2017-01-13,75.839996,76.180000,75.839996,76.019997,71.165024,39000
2017-01-17,75.820000,75.919998,75.639999,75.820000,70.977806,66700
2017-01-18,76.209999,76.419998,76.059998,76.339996,71.464592,120100
2017-01-19,76.440002,76.440002,75.769997,75.980003,71.127586,48000
2017-01-20,76.010002,76.089996,75.639999,75.860001,71.015251,46900
2017-01-23,76.129997,76.500000,76.050003,76.470001,71.586296,34300
2017-01-24,76.720001,77.260002,76.709999,77.110001,72.185417,86800
2017-01-25,77.190002,77.620003,77.190002,77.559998,72.606667,32300
2017-01-26,77.820000,77.889999,77.529999,77.660004,72.700294,55500
2017-01-27,77.529999,77.620003,77.220001,77.379997,72.438171,35100
2017-01-30,76.970001,77.139999,76.720001,77.089996,72.166687,77200
2017-01-31,76.989998,77.360001,76.959999,77.279999,72.344551,91800
2017-02-01,77.669998,77.800003,77.099998,77.300003,72.363274,22200
2017-02-02,77.029999,77.470001,77.000000,77.389999,72.447533,56200
2017-02-03,77.379997,77.550003,77.139999,77.370003,72.428818,56100
2017-02-06,77.570000,77.800003,77.510002,77.570000,72.616028,27200
2017-02-07,77.910004,78.010002,77.510002,77.720001,72.756454,58800
2017-02-08,77.720001,78.949997,77.720001,78.849998,73.814278,30700
2017-02-09,79.220001,79.599998,79.220001,79.419998,74.347878,25500
2017-02-10,79.320000,79.879997,79.290001,79.739998,74.647446,35000
2017-02-13,80.180000,80.580002,80.000000,80.250000,75.124886,51500
2017-02-14,80.199997,80.250000,79.629997,80.150002,75.031265,45200
2017-02-15,80.580002,81.089996,80.510002,80.970001,75.798889,55200
2017-02-16,81.199997,81.290001,80.959999,81.099998,75.920586,18600
2017-02-17,80.209999,80.650002,80.190002,80.650002,75.499336,29900
2017-02-21,80.849998,81.360001,80.849998,81.300003,76.107819,51000
2017-02-22,81.699997,82.050003,81.699997,82.019997,76.781837,38900
2017-02-23,82.290001,82.290001,81.550003,81.779999,76.557159,28000
2017-02-24,80.690002,80.820000,80.620003,80.820000,75.658470,97300
2017-02-27,80.440002,80.629997,80.230003,80.610001,75.461884,16200
2017-02-28,80.459999,80.559998,80.190002,80.279999,75.152962,40200
2017-03-01,80.800003,81.440002,80.800003,81.320000,76.126541,45900
2017-03-02,80.400002,80.400002,79.910004,79.949997,74.844032,39500
2017-03-03,80.250000,80.410004,80.000000,80.169998,75.049988,38100
2017-03-06,80.070000,80.169998,79.830002,80.010002,74.900208,209700
2017-03-07,80.309998,80.519997,80.190002,80.269997,75.143600,783700
2017-03-08,80.790001,80.879997,80.349998,80.440002,75.302742,75400
2017-03-09,79.750000,79.860001,79.220001,79.669998,74.581917,78800
2017-03-10,79.959999,80.110001,79.760002,80.029999,74.918930,34200
2017-03-13,81.190002,81.540001,81.190002,81.430000,76.229523,55400
2017-03-14,81.190002,81.260002,80.889999,81.070000,75.892509,57200
2017-03-15,81.360001,82.500000,81.050003,82.250000,76.997139,193300
2017-03-16,83.000000,83.269997,83.000000,83.139999,77.830307,36000
2017-03-17,83.059998,83.099998,82.739998,82.820000,77.530746,25000
2017-03-20,83.510002,83.940002,83.500000,83.849998,78.494965,61400
2017-03-21,84.120003,84.290001,82.480003,82.599998,77.324791,78300
2017-03-22,82.449997,83.110001,82.150002,83.010002,77.708603,135400
2017-03-23,82.690002,83.400002,82.650002,83.239998,77.923927,40200
2017-03-24,83.150002,83.449997,83.010002,83.250000,77.933281,59400
2017-03-27,82.220001,82.919998,82.019997,82.779999,77.493309,44200
2017-03-28,82.790001,83.349998,82.790001,83.169998,77.858398,34600
2017-03-29,82.720001,83.089996,82.699997,83.050003,77.746056,40600
2017-03-30,82.449997,82.610001,82.349998,82.540001,77.268623,28700
2017-03-31,82.089996,82.260002,81.980003,82.050003,76.809929,52100
2017-04-03,82.580002,82.930000,82.260002,82.910004,77.614998,314900
2017-04-04,82.860001,83.070000,82.599998,82.940002,77.643089,87200
2017-04-05,83.410004,83.449997,82.860001,83.110001,77.802223,174700
2017-04-06,82.809998,83.040001,82.699997,82.970001,77.671173,89900
2017-04-07,82.879997,83.199997,82.760002,83.040001,77.736702,27700
2017-04-10,82.720001,82.860001,82.449997,82.750000,77.465210,112000
2017-04-11,82.440002,82.620003,81.900002,82.360001,77.100136,21000
2017-04-12,82.620003,82.809998,82.370003,82.580002,77.306068,35700
2017-04-13,82.820000,83.019997,82.320000,82.370003,77.109497,180100
2017-04-17,82.440002,82.959999,82.400002,82.839996,77.549461,46200
2017-04-18,81.730003,81.919998,81.459999,81.660004,76.444824,85200
2017-04-19,81.959999,82.190002,81.449997,81.550003,76.341850,76100
2017-04-20,82.349998,82.809998,82.309998,82.750000,77.465210,16900
2017-04-21,82.389999,82.760002,82.370003,82.709999,77.427765,52700
2017-04-24,83.269997,83.269997,83.019997,83.089996,77.783508,46300
2017-04-25,84.059998,84.389999,84.059998,84.150002,78.775803,41000
2017-04-26,84.059998,84.250000,84.000000,84.010002,78.644745,103500
2017-04-27,83.800003,83.910004,83.610001,83.849998,78.494965,45400
2017-04-28,83.910004,83.910004,83.540001,83.779999,78.429428,34400
2017-05-01,84.129997,84.449997,83.949997,84.209999,78.831978,89400
2017-05-02,84.000000,84.269997,83.900002,84.050003,78.682190,70800
2017-05-03,83.980003,83.980003,83.440002,83.680000,78.335815,51300
2017-05-04,83.190002,83.239998,82.449997,82.720001,77.437141,73200
2017-05-05,82.430000,82.830002,82.230003,82.830002,77.540108,23800
2017-05-08,83.050003,83.139999,82.699997,82.720001,77.437141,322800
2017-05-09,83.980003,84.570000,83.930000,84.309998,78.925591,84600
2017-05-10,84.730003,85.050003,84.599998,84.970001,79.543442,16700
2017-05-11,84.800003,84.949997,84.309998,84.809998,79.393654,34600
2017-05-12,85.099998,85.500000,85.099998,85.500000,80.039597,45200
2017-05-15,85.730003,86.260002,85.699997,86.180000,80.676163,36100
2017-05-16,85.949997,86.620003,85.949997,86.610001,81.078697,44500
2017-05-17,86.010002,86.160004,85.209999,85.260002,79.814919,42500
2017-05-18,84.849998,85.680000,84.529999,85.480003,80.020866,29500
2017-05-19,86.070000,86.949997,86.070000,86.779999,81.237846,73600
2017-05-22,87.260002,87.650002,87.260002,87.550003,81.958679,105200
2017-05-23,87.360001,87.510002,86.989998,87.010002,81.453156,54300
2017-05-24,87.099998,87.199997,86.949997,87.139999,81.574844,23800
2017-05-25,88.059998,88.300003,87.900002,88.129997,82.501625,21300
2017-05-26,88.000000,88.269997,87.949997,88.230003,82.595245,34600
2017-05-30,88.089996,88.320000,88.010002,88.209999,82.576508,18300
2017-05-31,88.029999,88.029999,87.440002,87.540001,81.949310,61700
2017-06-01,88.040001,88.610001,87.930000,88.610001,82.950966,56200
2017-06-02,88.489998,88.760002,88.370003,88.760002,83.091393,46800
2017-06-05,88.529999,88.820000,88.449997,88.720001,83.053955,45600
2017-06-06,88.839996,89.300003,88.809998,89.089996,83.400307,59800
2017-06-07,89.150002,89.349998,89.029999,89.339996,83.634346,28700
2017-06-08,90.580002,91.379997,90.160004,90.910004,85.104080,52900
2017-06-09,90.779999,90.959999,88.980003,89.540001,83.821571,145500
2017-06-12,88.889999,89.120003,88.199997,88.820000,83.147568,86800
2017-06-13,89.440002,89.760002,89.010002,89.150002,83.456490,39900
2017-06-14,89.309998,89.440002,88.430000,88.699997,83.035225,84000
2017-06-15,87.800003,87.849998,87.349998,87.779999,82.173981,50800
2017-06-16,87.790001,87.790001,87.309998,87.669998,82.314812,36500
2017-06-19,88.940002,89.339996,88.940002,89.339996,83.882813,47800
2017-06-20,88.889999,88.949997,88.510002,88.559998,83.150444,111100
2017-06-21,88.919998,89.180000,88.919998,89.180000,83.732582,123500
2017-06-22,89.709999,89.919998,89.400002,89.580002,84.108154,48900
2017-06-23,89.440002,89.970001,89.400002,89.830002,84.342873,37400
2017-06-26,90.540001,90.940002,90.180000,90.419998,84.896828,36200
2017-06-27,90.269997,90.360001,89.580002,89.589996,84.117531,197400
2017-06-28,89.779999,90.290001,89.459999,90.239998,84.727821,37400
2017-06-29,89.940002,89.940002,88.410004,89.089996,83.648071,54200
2017-06-30,89.510002,89.610001,89.150002,89.279999,83.826462,54000
2017-07-03,90.010002,90.349998,89.889999,90.019997,84.521263,14000
2017-07-05,89.330002,89.980003,89.019997,89.879997,84.389816,113700
2017-07-06,89.349998,89.459999,88.769997,88.839996,83.413338,46500
2017-07-07,89.129997,89.220001,88.720001,89.059998,83.619904,63600
2017-07-10,89.010002,89.660004,89.010002,89.599998,84.126930,46800
2017-07-11,90.779999,91.139999,90.500000,91.010002,85.450798,62800
2017-07-12,92.129997,92.849998,92.129997,92.760002,87.093895,76600
2017-07-13,92.690002,93.010002,92.599998,92.900002,87.225349,52700
2017-07-14,93.430000,94.339996,93.430000,94.279999,88.521065,58800
2017-07-17,93.750000,93.830002,93.330002,93.599998,87.882599,55500
2017-07-18,93.440002,94.169998,93.169998,94.099998,88.352051,41500
2017-07-19,95.400002,95.809998,95.269997,95.440002,89.610207,133800
2017-07-20,95.470001,95.500000,94.980003,95.120003,89.309746,182400
2017-07-21,94.800003,94.980003,94.580002,94.980003,89.178299,36600
2017-07-24,95.360001,95.500000,95.160004,95.410004,89.582031,78300
2017-07-25,95.510002,95.629997,95.180000,95.349998,89.525696,24000
2017-07-26,95.379997,96.320000,95.370003,96.220001,90.342545,63900
2017-07-27,96.690002,96.959999,94.959999,95.760002,89.910645,90200
2017-07-28,95.639999,96.610001,95.639999,96.370003,90.483398,66600
2017-07-31,97.089996,97.300003,96.699997,96.779999,90.868340,47400
2017-08-01,97.629997,97.629997,97.209999,97.349998,91.403526,43600
2017-08-02,97.370003,97.459999,96.220001,96.820000,90.905899,61700
2017-08-03,96.570000,96.889999,96.199997,96.769997,90.858955,35000
2017-08-04,96.940002,97.199997,96.760002,97.199997,91.262680,60500
2017-08-07,97.610001,98.300003,97.519997,98.300003,92.295502,35100
2017-08-08,98.860001,99.599998,98.830002,99.000000,92.952736,45600
2017-08-09,98.519997,98.739998,98.029999,98.739998,92.708626,94300
2017-08-10,97.610001,97.610001,95.489998,95.540001,89.704094,148500
2017-08-11,95.139999,95.449997,94.550003,95.209999,89.394249,142200
2017-08-14,96.330002,96.650002,96.190002,96.500000,90.605446,21400
2017-08-15,96.339996,96.379997,95.919998,96.230003,90.351952,60400
2017-08-16,97.800003,98.029999,97.570000,97.739998,91.769707,107700
2017-08-17,97.279999,97.610001,96.129997,96.279999,90.398888,91500
2017-08-18,96.660004,97.160004,96.029999,96.660004,90.755684,75900
2017-08-21,97.449997,97.889999,97.360001,97.800003,91.826042,25800
2017-08-22,98.480003,99.260002,98.480003,99.230003,93.168701,47700
2017-08-23,98.919998,99.750000,98.919998,99.680000,93.591202,56500
2017-08-24,99.959999,100.000000,99.419998,99.720001,93.628769,79100
2017-08-25,100.830002,100.830002,100.150002,100.190002,94.070053,35000
2017-08-28,100.250000,100.360001,99.320000,99.480003,93.403419,82400
2017-08-29,98.629997,99.620003,98.199997,99.500000,93.422195,91000
2017-08-30,99.669998,100.449997,99.669998,100.330002,94.201508,20400
2017-08-31,100.449997,100.820000,100.389999,100.650002,94.501961,123700
2017-09-01,100.830002,101.110001,100.559998,100.889999,94.727295,78600
2017-09-05,100.019997,100.470001,99.220001,99.610001,93.525482,182900
2017-09-06,100.169998,100.400002,99.820000,100.050003,93.938606,54900
2017-09-07,100.349998,100.830002,100.330002,100.830002,94.670967,53800
2017-09-08,100.809998,100.849998,100.180000,100.300003,94.173332,38900
2017-09-11,101.379997,102.190002,101.379997,102.169998,95.929100,38400
2017-09-12,102.230003,102.540001,102.150002,102.410004,96.154442,87600
2017-09-13,102.349998,102.889999,102.349998,102.750000,96.473679,41600
2017-09-14,102.419998,102.879997,102.160004,102.650002,96.379791,37800
2017-09-15,102.720001,103.389999,102.599998,103.199997,96.896194,94100
2017-09-18,104.070000,104.440002,103.989998,104.379997,98.004105,45800
2017-09-19,104.320000,104.489998,104.040001,104.419998,98.041664,26600
2017-09-20,104.809998,105.089996,103.519997,104.599998,98.210678,29400
2017-09-21,104.889999,104.889999,104.190002,104.500000,98.116776,21800
2017-09-22,103.580002,104.269997,103.480003,103.699997,97.365639,21100
2017-09-25,101.779999,101.779999,99.889999,100.459999,94.323555,79400
2017-09-26,101.220001,101.480003,100.620003,100.760002,94.605240,32500
2017-09-27,101.480003,101.830002,101.019997,101.639999,95.431473,30200
2017-09-28,100.650002,101.160004,100.570000,101.050003,94.877533,32900
2017-09-29,101.519997,102.660004,101.260002,102.510002,96.248337,51900
2017-10-02,102.970001,103.410004,102.889999,102.970001,96.680237,38300
2017-10-03,104.730003,105.400002,104.500000,105.379997,98.943024,103800
2017-10-04,105.349998,105.820000,105.099998,105.349998,98.914856,36400
2017-10-05,105.500000,106.580002,105.500000,106.519997,100.013390,80300
2017-10-06,105.629997,105.970001,105.360001,105.930000,99.459435,42300
2017-10-09,105.699997,106.150002,105.519997,105.940002,99.468834,27900
2017-10-10,106.360001,107.000000,106.360001,107.000000,100.464066,117600
2017-10-11,106.000000,106.559998,105.959999,106.540001,100.032166,72400
2017-10-12,106.400002,106.410004,105.870003,105.989998,99.515770,68300
2017-10-13,106.589996,107.000000,106.559998,106.629997,100.116661,132700
2017-10-16,107.070000,107.279999,106.870003,107.250000,100.698799,46400
2017-10-17,106.889999,106.900002,106.290001,106.290001,99.797447,55600
2017-10-18,106.910004,107.500000,106.639999,107.220001,100.670639,36900
2017-10-19,105.300003,105.760002,104.610001,105.370003,98.933632,53000
2017-10-20,106.169998,106.480003,106.050003,106.089996,99.609650,43600
2017-10-23,105.989998,105.989998,105.220001,105.320000,98.886688,67700
2017-10-24,105.339996,105.820000,105.019997,105.250000,98.820969,75300
2017-10-25,105.879997,106.129997,104.120003,104.849998,98.445396,58100
2017-10-26,105.080002,105.250000,104.540001,104.599998,98.210678,132900
2017-10-27,104.980003,105.669998,104.470001,105.599998,99.149590,51200
2017-10-30,104.980003,105.669998,104.330002,104.769997,98.370285,52800
2017-10-31,105.309998,105.800003,105.279999,105.760002,99.299812,42500
2017-11-01,106.930000,107.279999,106.489998,106.559998,100.050941,61200
2017-11-02,106.949997,107.110001,106.230003,106.800003,100.276283,37100
2017-11-03,106.809998,107.000000,106.120003,106.570000,100.060333,89000
2017-11-06,106.989998,108.050003,106.989998,107.989998,101.393593,88400
2017-11-07,108.779999,108.930000,108.209999,108.330002,101.712845,51300
2017-11-08,108.500000,108.669998,108.230003,108.449997,101.825493,46400
2017-11-09,108.330002,108.489998,107.279999,108.230003,101.618935,70500
2017-11-10,108.739998,108.820000,108.480003,108.809998,102.163513,40700
2017-11-13,108.809998,109.199997,108.570000,108.930000,102.276176,76900
2017-11-14,108.459999,108.650002,107.440002,107.760002,101.177650,77600
2017-11-15,106.919998,107.169998,106.160004,107.000000,100.464066,101900
2017-11-16,108.239998,109.410004,108.239998,108.970001,102.313744,87900
2017-11-17,108.769997,109.070000,108.769997,108.800003,102.154129,104100
2017-11-20,109.550003,110.139999,109.540001,109.989998,103.271431,173500
2017-11-21,112.050003,112.620003,112.040001,112.199997,105.346428,246600
2017-11-22,112.300003,112.500000,111.889999,112.250000,105.393379,67600
2017-11-24,111.529999,111.730003,111.029999,111.370003,104.567131,32900
2017-11-27,110.430000,110.889999,109.389999,109.529999,102.839523,354800
2017-11-28,109.940002,110.379997,109.459999,110.320000,103.581276,78600
2017-11-29,109.290001,109.480003,106.849998,107.889999,101.299713,82500
2017-11-30,107.480003,107.800003,106.699997,106.830002,100.304451,191100
2017-12-01,106.000000,106.339996,104.699997,105.589996,99.140198,95800
2017-12-04,106.620003,106.980003,105.089996,105.099998,98.680122,73700
2017-12-05,104.739998,105.610001,104.010002,104.769997,98.370285,69900
2017-12-06,102.410004,103.320000,102.330002,103.199997,96.896194,94600
2017-12-07,103.000000,103.959999,103.000000,103.730003,97.393814,43100
2017-12-08,105.690002,105.940002,105.410004,105.669998,99.215309,50300
2017-12-11,106.599998,107.019997,106.500000,106.839996,100.313835,39200
2017-12-12,105.760002,105.760002,105.089996,105.449997,99.008743,40300
2017-12-13,106.589996,107.529999,106.589996,107.360001,100.802078,62800
2017-12-14,106.809998,106.900002,106.220001,106.290001,99.797447,76300
2017-12-15,103.959999,104.349998,103.379997,104.150002,99.389008,44100
2017-12-18,104.889999,105.360001,104.870003,105.209999,100.400551,43700
2017-12-19,105.360001,105.360001,104.629997,104.769997,99.980667,197500
2017-12-20,104.949997,104.949997,104.580002,104.680000,99.894775,34700
2017-12-21,105.879997,106.680000,105.879997,106.500000,101.631584,60000
2017-12-22,106.870003,107.180000,106.599998,107.180000,102.280487,48700
2017-12-26,107.139999,107.139999,106.150002,106.959999,102.070564,113100
2017-12-27,106.529999,106.790001,106.410004,106.480003,101.612503,71100
2017-12-28,107.489998,107.629997,106.879997,107.190002,102.290047,43500
2017-12-29,107.680000,107.680000,107.190002,107.190002,102.290047,49200
2018-01-02,109.989998,111.269997,109.750000,111.269997,106.183525,115800
2018-01-03,111.660004,112.279999,111.660004,112.190002,107.061485,109800
2018-01-04,112.750000,113.070000,112.599998,112.690002,107.538620,94600
2018-01-05,112.949997,113.830002,112.900002,113.800003,108.597885,44800
2018-01-08,113.870003,114.620003,113.870003,114.430000,109.199066,102400
2018-01-09,114.500000,114.629997,113.889999,114.529999,109.294510,157800
2018-01-10,114.190002,114.430000,113.709999,114.099998,108.884163,112400
2018-01-11,114.019997,114.550003,113.809998,114.550003,109.313591,54100
2018-01-12,115.070000,116.300003,115.070000,116.300003,110.983597,73200
2018-01-16,116.470001,116.900002,114.699997,115.040001,109.781204,69200
2018-01-17,116.290001,117.120003,115.959999,116.919998,111.575249,50300
2018-01-18,116.720001,117.070000,116.400002,116.839996,111.498901,67600
2018-01-19,118.120003,118.599998,117.660004,118.550003,113.130753,48300
2018-01-22,118.690002,119.470001,118.239998,119.389999,113.932343,121200
2018-01-23,119.970001,120.989998,119.760002,120.900002,115.373329,247700
2018-01-24,121.449997,122.330002,120.529999,121.320000,115.774117,154400
2018-01-25,120.589996,121.389999,119.779999,120.809998,115.287437,212700
2018-01-26,122.699997,123.910004,122.660004,123.839996,118.178917,143800
2018-01-29,121.910004,122.129997,121.370003,121.500000,115.945892,207300
2018-01-30,120.080002,120.349998,118.870003,119.430000,113.970512,111300
2018-01-31,121.160004,121.500000,120.029999,120.709999,115.192001,104800
2018-02-01,118.650002,119.480003,117.790001,117.889999,112.500916,206800
2018-02-02,118.349998,119.029999,115.779999,115.970001,110.668678,149200
2018-02-05,116.220001,117.669998,112.330002,112.739998,107.586334,172100
2018-02-06,110.050003,116.029999,110.000000,114.660004,109.418571,163500
2018-02-07,111.199997,112.699997,110.330002,110.360001,105.315125,153700
2018-02-08,110.349998,110.349998,105.690002,105.779999,100.944496,114900
2018-02-09,105.779999,107.129997,102.830002,106.389999,101.526611,204500
2018-02-12,107.389999,108.769997,106.699997,108.180000,103.234779,92100
2018-02-13,107.879997,109.209999,107.779999,108.949997,103.969582,362400
2018-02-14,108.919998,112.470001,108.919998,112.309998,107.175995,114500
2018-02-15,114.629997,115.540001,113.269997,114.870003,109.618973,83300
2018-02-16,114.849998,115.989998,114.239998,114.699997,109.456741,31600
2018-02-20,112.910004,114.389999,112.769997,113.790001,108.588341,43000
2018-02-21,115.769997,117.330002,114.760002,114.809998,109.561714,56600
2018-02-22,114.930000,115.779999,114.550003,114.760002,109.513992,56100
2018-02-23,115.970001,116.760002,115.400002,116.760002,111.422569,57200
2018-02-26,117.059998,117.699997,116.279999,117.699997,112.319603,60200
2018-02-27,115.489998,115.669998,113.410004,113.519997,108.330681,178800
2018-02-28,113.500000,113.620003,111.730003,111.870003,106.756111,83500
2018-03-01,113.489998,113.879997,110.919998,111.800003,106.689301,100500
2018-03-02,109.970001,111.779999,108.910004,111.639999,106.536613,58200
2018-03-05,109.800003,111.779999,109.730003,111.589996,106.488907,103000
2018-03-06,113.190002,113.370003,112.139999,112.730003,107.576797,196700
2018-03-07,111.779999,112.959999,111.500000,112.870003,107.710396,67100
2018-03-08,113.800003,114.029999,113.010002,113.570000,108.378395,80200
2018-03-09,114.730003,116.349998,114.690002,116.349998,111.031311,48200
2018-03-12,116.599998,116.949997,115.879997,116.610001,111.279427,57300
2018-03-13,116.919998,117.000000,114.410004,114.669998,109.428101,52700
2018-03-14,116.120003,116.269997,114.760002,115.629997,110.344223,36900
2018-03-15,116.970001,117.559998,116.349998,116.919998,111.575249,98300
2018-03-16,116.690002,117.190002,116.449997,117.019997,111.670677,111200
2018-03-19,116.250000,116.290001,114.650002,115.279999,110.010223,39500
2018-03-20,116.709999,117.599998,115.839996,117.379997,112.014221,37300
2018-03-21,115.930000,116.790001,115.510002,116.190002,110.878632,93000
2018-03-22,112.540001,113.480003,110.349998,110.480003,105.429642,97400
2018-03-23,110.470001,110.589996,108.059998,108.160004,103.215698,81900
2018-03-26,111.440002,112.529999,110.010002,112.320000,107.185532,95700
2018-03-27,112.669998,112.709999,109.480003,110.010002,104.981133,87800
2018-03-28,109.150002,109.559998,107.820000,108.900002,103.921875,64300
2018-03-29,109.279999,111.220001,109.220001,110.690002,105.630058,66800
2018-04-02,110.029999,110.419998,106.900002,108.089996,103.148895,107000
2018-04-03,109.470001,109.610001,108.250000,109.290001,104.294044,39200
2018-04-04,106.019997,109.540001,105.959999,109.480003,104.475365,61300
2018-04-05,110.099998,110.849998,109.370003,109.889999,104.866615,40100
2018-04-06,108.239998,109.360001,106.529999,107.120003,102.223251,74100
2018-04-09,108.629997,109.889999,108.260002,108.599998,103.635582,48100
2018-04-10,111.160004,112.010002,110.779999,111.790001,106.679771,55400
2018-04-11,111.349998,112.220001,111.129997,111.599998,106.498444,63000
2018-04-12,111.209999,112.120003,111.209999,111.820000,106.708397,56200
2018-04-13,111.169998,111.370003,109.330002,109.809998,104.790268,38400
2018-04-16,108.680000,109.199997,108.209999,109.169998,104.179520,61200
2018-04-17,108.379997,109.769997,108.379997,109.540001,104.532616,57800
2018-04-18,108.639999,109.599998,108.510002,109.410004,104.408554,40600
2018-04-19,110.250000,110.440002,109.089996,109.529999,104.523071,43100
2018-04-20,108.730003,108.730003,107.400002,107.860001,102.929420,39000
2018-04-23,107.800003,108.070000,107.089996,107.389999,102.480896,72500
2018-04-24,109.290001,109.690002,107.230003,107.699997,102.776726,45000
2018-04-25,107.230003,107.230003,106.070000,107.059998,102.165970,34000
2018-04-26,106.820000,108.019997,106.820000,107.910004,102.977127,39600
2018-04-27,108.070000,108.529999,107.480003,108.449997,103.492439,33400
2018-04-30,109.459999,109.540001,108.300003,108.360001,103.406563,48300
2018-05-01,107.930000,108.669998,107.379997,108.580002,103.616501,41700
2018-05-02,109.089996,109.199997,108.260002,108.400002,103.444733,29800
2018-05-03,107.970001,108.260002,106.010002,107.790001,102.862610,227600
2018-05-04,106.800003,109.360001,106.690002,108.919998,103.940941,74700
2018-05-07,108.370003,109.400002,108.370003,109.139999,104.150902,58800
2018-05-08,110.129997,110.510002,109.489998,110.470001,105.420097,56300
2018-05-09,111.059998,111.169998,110.459999,111.059998,105.983131,47600
2018-05-10,111.900002,113.150002,111.900002,112.980003,107.815369,140500
2018-05-11,113.070000,113.129997,112.320000,112.779999,107.624512,26100
2018-05-14,113.800003,114.459999,113.669998,113.800003,108.597885,115100
2018-05-15,111.860001,111.910004,111.269997,111.910004,106.794281,56300
2018-05-16,113.260002,114.309998,113.199997,114.190002,108.970055,45600
2018-05-17,113.169998,113.370003,112.260002,112.620003,107.471825,72600
2018-05-18,112.480003,112.480003,112.010002,112.199997,107.071014,33700
2018-05-21,113.389999,113.540001,112.610001,112.959999,107.796280,29200
2018-05-22,113.129997,113.550003,112.410004,112.570000,107.424095,44100
2018-05-23,111.120003,112.389999,111.000000,112.279999,107.147362,30500
2018-05-24,111.879997,112.209999,110.839996,111.879997,106.765648,25700
2018-05-25,111.690002,112.110001,111.550003,112.089996,106.966042,27200
2018-05-29,111.349998,111.690002,109.720001,110.269997,105.229248,43400
2018-05-30,110.220001,110.809998,109.889999,110.699997,105.639580,13700
2018-05-31,111.129997,112.029999,111.000000,111.330002,106.240791,42200
2018-06-01,111.959999,113.540001,111.959999,113.459999,108.273422,142100
2018-06-04,114.320000,115.309998,114.320000,115.080002,109.819366,41800
2018-06-05,115.339996,115.699997,114.860001,115.449997,110.172447,53500
2018-06-06,116.099998,116.820000,115.900002,116.820000,111.479820,29600
2018-06-07,117.000000,117.000000,115.059998,115.690002,110.401489,38800
2018-06-08,114.510002,115.570000,114.489998,115.430000,110.153366,56100
2018-06-11,115.480003,115.540001,115.040001,115.400002,110.124733,44000
2018-06-12,115.589996,115.959999,115.180000,115.830002,110.535080,67800
2018-06-13,115.720001,115.720001,114.199997,114.449997,109.218170,69600
2018-06-14,114.690002,114.820000,114.440002,114.620003,109.380402,21600
2018-06-15,112.500000,113.370003,112.230003,113.370003,108.717743,60600
2018-06-18,111.730003,112.209999,111.379997,112.209999,107.605347,37900
2018-06-19,109.709999,110.160004,108.720001,110.160004,105.639481,47900
2018-06-20,110.190002,110.290001,109.620003,110.070000,105.553162,43900
2018-06-21,109.330002,109.330002,107.820000,107.820000,103.395500,35900
2018-06-22,109.449997,109.449997,108.660004,108.849998,104.383224,34200
2018-06-25,107.089996,107.089996,104.839996,105.820000,101.477570,61800
2018-06-26,105.860001,106.180000,105.070000,105.529999,101.199471,47100
2018-06-27,104.809998,105.190002,102.000000,102.279999,98.082840,129700
2018-06-28,101.989998,103.330002,101.620003,103.220001,98.984268,58700
2018-06-29,104.550003,105.290001,104.510002,104.779999,100.480247,56100
2018-07-02,102.860001,103.230003,102.050003,103.160004,98.926735,61800
2018-07-03,104.059998,104.059998,102.949997,102.959999,98.734940,42300
2018-07-05,103.000000,103.000000,101.459999,102.269997,98.073250,46800
2018-07-06,102.180000,103.900002,101.940002,103.680000,99.425385,53000
2018-07-09,105.169998,105.889999,104.930000,105.779999,101.439217,34500
2018-07-10,104.720001,105.239998,103.900002,104.529999,100.240509,49200
2018-07-11,102.760002,103.419998,102.610001,102.830002,98.610268,45600
2018-07-12,104.260002,104.779999,104.010002,104.669998,100.374756,32200
2018-07-13,104.489998,104.769997,104.000000,104.620003,100.326820,27300
2018-07-16,103.820000,104.150002,103.639999,103.830002,99.569244,26700
2018-07-17,102.820000,104.040001,102.790001,103.930000,99.665131,34000
2018-07-18,103.269997,103.660004,102.900002,103.660004,99.406219,45400
2018-07-19,102.290001,102.400002,101.580002,101.820000,97.641716,55900
2018-07-20,102.500000,103.080002,102.440002,102.940002,98.715759,50500
2018-07-23,102.419998,102.559998,102.089996,102.559998,98.351349,20100
2018-07-24,104.769997,105.449997,104.300003,104.589996,100.298042,58200
2018-07-25,104.949997,106.620003,104.730003,106.300003,101.937866,95900
2018-07-26,104.389999,104.900002,104.220001,104.419998,100.135017,40400
2018-07-27,104.750000,105.010002,103.379997,103.930000,99.665131,24500
2018-07-30,103.739998,103.930000,102.400002,102.820000,98.600677,27500
2018-07-31,102.510002,103.570000,102.110001,103.160004,98.926735,30500
2018-08-01,101.459999,102.040001,101.040001,101.360001,97.200592,52400
2018-08-02,99.190002,100.180000,98.510002,99.989998,95.886810,289600
2018-08-03,99.690002,100.070000,99.570000,99.739998,95.647064,61200
2018-08-06,98.940002,99.239998,98.559998,99.029999,94.966202,266400
2018-08-07,100.720001,101.209999,100.639999,100.830002,96.692345,39000
2018-08-08,100.370003,100.559998,99.660004,100.199997,96.088196,40900
2018-08-09,101.570000,102.059998,101.169998,101.330002,97.171822,22700
2018-08-10,100.080002,100.690002,99.900002,100.550003,96.423828,22600
2018-08-13,99.750000,99.800003,98.730003,98.860001,94.803177,66200
2018-08-14,97.779999,98.029999,97.199997,97.669998,93.662010,96600
2018-08-15,93.379997,94.129997,92.760002,94.059998,90.200150,82300
2018-08-16,94.930000,95.919998,94.930000,95.099998,91.197472,58300
2018-08-17,94.519997,96.610001,94.000000,96.230003,92.281113,42000
2018-08-20,96.580002,97.080002,96.389999,97.019997,93.038673,51100
2018-08-21,98.150002,98.860001,98.150002,98.709999,94.659340,93600
2018-08-22,99.010002,99.339996,98.870003,99.239998,95.167595,20300
2018-08-23,99.279999,99.589996,97.379997,97.559998,93.556526,52400
2018-08-24,98.419998,98.860001,98.400002,98.860001,94.803177,35500
2018-08-27,100.430000,101.470001,100.430000,100.949997,96.807411,41600
2018-08-28,101.129997,101.160004,100.029999,100.360001,96.241623,40200
2018-08-29,100.050003,101.110001,99.930000,101.099998,96.951263,50800
2018-08-30,99.209999,99.279999,97.769997,97.980003,93.959297,49000
2018-08-31,97.699997,98.510002,97.500000,98.260002,94.227798,33600
2018-09-04,97.589996,97.820000,96.550003,97.019997,93.038673,68500
2018-09-05,95.419998,95.419998,94.320000,94.440002,90.564560,43300
2018-09-06,94.570000,94.889999,93.500000,94.199997,90.334404,129600
2018-09-07,93.320000,94.489998,93.150002,93.720001,89.874100,52700
2018-09-10,93.250000,93.250000,91.910004,92.199997,88.416473,78700
2018-09-11,90.650002,91.830002,90.510002,91.779999,88.013718,160500
2018-09-12,90.980003,93.070000,90.570000,92.570000,88.771294,67900
2018-09-13,94.639999,95.470001,94.349998,94.769997,90.881020,83800
2018-09-14,94.839996,95.059998,93.500000,94.000000,90.142609,83700
2018-09-17,93.220001,93.349998,92.470001,92.709999,88.905548,115500
2018-09-18,93.300003,94.000000,93.300003,93.839996,89.989182,140500
2018-09-19,95.129997,96.279999,95.129997,96.040001,92.098900,250700
2018-09-20,96.919998,97.099998,96.379997,97.010002,93.029091,55900
2018-09-21,98.570000,98.570000,97.709999,97.800003,93.786682,52600
2018-09-24,96.459999,96.459999,95.800003,96.370003,92.415367,126600
2018-09-25,96.769997,96.989998,96.510002,96.870003,92.894852,40500
2018-09-26,97.339996,98.279999,97.190002,97.209999,93.220894,260400
2018-09-27,97.160004,97.650002,96.980003,97.250000,93.259239,107600
2018-09-28,96.580002,97.220001,96.309998,96.669998,92.703049,64500
2018-10-01,97.250000,97.279999,96.559998,96.750000,92.779762,23100
2018-10-02,94.650002,94.919998,94.070000,94.480003,90.602928,42000
2018-10-03,95.000000,95.230003,93.989998,94.190002,90.324814,44300
2018-10-04,93.110001,93.110001,91.349998,91.900002,88.128784,50700
2018-10-05,92.129997,92.129997,90.589996,91.570000,87.812325,49600
2018-10-08,89.730003,90.570000,89.290001,90.519997,86.805420,71400
2018-10-09,89.519997,90.190002,89.209999,89.550003,85.875221,76500
2018-10-10,88.769997,88.769997,86.480003,86.500000,82.950386,108600
2018-10-11,85.379997,87.139999,84.790001,86.180000,82.643517,132900
2018-10-12,88.599998,89.000000,87.559998,88.830002,85.184776,120500
2018-10-15,87.250000,87.820000,86.709999,87.309998,83.727150,42400
2018-10-16,87.570000,88.940002,87.510002,88.910004,85.261497,75900
2018-10-17,88.709999,88.760002,87.550003,87.760002,84.158684,50100
2018-10-18,86.529999,86.529999,84.820000,85.220001,81.722916,74900
2018-10-19,87.019997,87.559998,86.300003,86.500000,82.950386,46900
2018-10-22,89.500000,89.910004,88.550003,89.279999,85.616302,64400
2018-10-23,86.000000,87.930000,85.669998,87.510002,83.918938,63000
2018-10-24,86.790001,87.000000,84.290001,84.430000,80.965324,109600
2018-10-25,85.330002,86.800003,85.220001,86.360001,82.816139,41700
2018-10-26,84.129997,85.919998,83.930000,84.900002,81.416039,70700
2018-10-29,84.949997,84.949997,81.760002,82.620003,79.229607,70200
2018-10-30,82.760002,83.900002,82.650002,83.900002,80.457077,58600
2018-10-31,85.449997,86.589996,85.449997,86.150002,82.614746,83300
2018-11-01,87.980003,90.660004,87.180000,90.480003,86.767067,80500
2018-11-02,92.190002,92.489998,89.629997,90.529999,86.815018,74100
2018-11-05,90.260002,90.559998,89.809998,90.250000,86.546494,61700
2018-11-06,89.930000,90.839996,89.889999,90.410004,86.699944,31000
2018-11-07,91.650002,92.610001,91.150002,92.540001,88.742523,85500
2018-11-08,90.879997,91.080002,89.279999,89.820000,86.134140,58100
2018-11-09,87.820000,87.910004,86.750000,87.449997,83.861397,64200
2018-11-12,87.300003,87.300003,85.930000,86.320000,82.777771,21500
2018-11-13,87.879997,89.470001,87.769997,88.360001,84.734062,57100
2018-11-14,89.620003,89.930000,88.440002,89.260002,85.597130,100500
2018-11-15,89.459999,91.690002,89.459999,91.230003,87.486290,77300
2018-11-16,90.550003,91.779999,90.209999,91.199997,87.457512,76100
2018-11-19,90.370003,90.620003,89.029999,89.320000,85.654655,80100
2018-11-20,87.599998,88.330002,87.099998,87.589996,83.995651,137500
2018-11-21,89.690002,90.419998,89.489998,89.610001,85.932762,65300
2018-11-23,88.540001,89.269997,88.480003,88.750000,85.108055,47100
2018-11-26,90.330002,90.879997,90.169998,90.779999,87.054756,52800
2018-11-27,90.080002,91.150002,89.919998,91.150002,87.409576,268300
2018-11-28,92.000000,93.459999,91.389999,93.419998,89.586411,98100
2018-11-29,92.019997,92.230003,91.059998,91.620003,87.860283,93100
2018-11-30,91.940002,93.089996,91.580002,93.040001,89.222000,68800
2018-12-03,95.660004,95.900002,94.559998,94.949997,91.053642,174100
2018-12-04,95.309998,95.309998,92.629997,92.980003,89.164474,58400
2018-12-06,90.000000,91.410004,89.400002,91.320000,87.572594,126100
2018-12-07,91.269997,91.820000,89.379997,89.720001,86.038246,77300
2018-12-10,89.000000,89.550003,87.660004,89.260002,85.597130,89400
2018-12-11,90.580002,90.620003,89.019997,89.739998,86.057434,136700
2018-12-12,91.269997,91.940002,90.519997,90.589996,86.872543,442000
2018-12-13,91.309998,91.660004,90.900002,90.900002,87.169830,42800
2018-12-14,89.489998,90.320000,89.330002,89.720001,86.038246,286400
2018-12-17,88.919998,89.389999,87.570000,87.919998,84.312119,127300
2018-12-18,88.139999,88.410004,87.269997,87.650002,84.053200,49600
2018-12-19,87.500000,88.080002,85.019997,85.889999,82.365425,117700
2018-12-20,86.930000,86.930000,85.070000,85.680000,82.164040,54600
2018-12-21,86.019997,86.519997,84.580002,85.080002,81.588661,88600
2018-12-24,84.050003,84.440002,83.070000,83.150002,80.843903,62400
2018-12-26,83.839996,85.199997,82.500000,85.160004,82.798164,73800
2018-12-27,83.660004,84.860001,83.169998,84.730003,82.380081,300200
2018-12-28,85.209999,85.720001,84.699997,85.000000,82.642593,67600
2018-12-31,86.239998,86.239998,84.620003,84.809998,82.457863,60400
2019-01-02,83.320000,84.360001,83.029999,84.309998,81.971725,67800
2019-01-03,83.250000,83.250000,82.000000,82.089996,79.813286,66400
2019-01-04,84.000000,85.930000,84.000000,85.349998,82.982880,41900
2019-01-07,85.389999,86.410004,85.199997,86.169998,83.780144,99400
2019-01-08,86.580002,86.959999,85.900002,86.680000,84.275993,25200
2019-01-09,87.820000,89.290001,87.820000,88.570000,86.113579,83700
2019-01-10,88.169998,89.349998,88.110001,89.269997,86.794167,49400
2019-01-11,88.529999,89.050003,88.309998,89.029999,86.560822,394700
2019-01-14,87.599998,88.290001,87.309998,88.050003,85.608009,245800
2019-01-15,88.699997,89.540001,88.699997,88.980003,86.512215,160500
2019-01-16,89.809998,90.800003,89.809998,90.470001,87.960884,63400
2019-01-17,89.779999,91.410004,89.620003,90.900002,88.378967,158800
2019-01-18,91.620003,92.400002,91.339996,92.080002,89.526237,257500
2019-01-22,90.550003,90.650002,88.970001,89.669998,87.183075,71700
2019-01-23,90.730003,90.730003,89.709999,90.260002,87.756714,66200
2019-01-24,90.589996,91.559998,90.589996,91.449997,88.913712,96700
2019-01-25,92.790001,93.480003,92.550003,93.160004,90.576286,907600
2019-01-28,91.860001,92.489998,91.559998,92.400002,89.837372,60200
2019-01-29,92.620003,92.779999,92.239998,92.349998,89.788750,32700
2019-01-30,93.150002,94.669998,92.919998,94.559998,91.937454,1826300
2019-01-31,94.790001,95.730003,94.790001,95.669998,93.016670,3540600
2019-02-01,95.019997,95.470001,94.949997,95.209999,92.569427,577900
2019-02-04,95.000000,95.529999,94.949997,95.339996,92.695816,74400
2019-02-05,95.820000,97.070000,95.809998,96.930000,94.241722,96700
2019-02-06,97.000000,97.129997,95.779999,96.019997,93.356956,25500
2019-02-07,95.180000,95.599998,93.660004,94.529999,91.908287,110600
2019-02-08,94.239998,94.809998,93.940002,94.720001,92.093025,33800
2019-02-11,95.480003,95.570000,94.730003,94.730003,92.102745,354400
2019-02-12,95.430000,95.629997,95.190002,95.300003,92.656937,124900
2019-02-13,96.510002,96.680000,95.800003,95.989998,93.327797,155700
2019-02-14,95.199997,95.680000,94.800003,95.459999,92.812500,116100
2019-02-15,95.050003,95.230003,94.389999,94.739998,92.112465,52100
2019-02-19,94.540001,96.000000,94.540001,95.769997,93.113884,121000
2019-02-20,96.269997,97.000000,96.110001,96.279999,93.609749,53900
2019-02-21,96.589996,96.629997,95.949997,96.220001,93.551422,31800
2019-02-22,97.629997,98.120003,97.440002,98.050003,95.330666,56800
2019-02-25,99.790001,100.120003,99.470001,99.699997,96.934891,123300
2019-02-26,98.680000,99.570000,98.500000,99.349998,96.594604,175100
2019-02-27,97.970001,98.480003,97.800003,98.000000,95.282051,3118000
2019-02-28,97.690002,97.879997,97.139999,97.449997,94.747299,342400
2019-03-01,98.830002,98.889999,98.129997,98.410004,95.680679,1137200
2019-03-04,99.940002,100.029999,98.529999,99.589996,96.827942,170900
2019-03-05,100.470001,101.440002,100.330002,101.160004,98.354408,141900
2019-03-06,101.000000,101.110001,100.269997,100.379997,97.596046,110400
2019-03-07,99.209999,99.209999,97.540001,97.800003,95.087601,482100
2019-03-08,95.669998,96.300003,95.239998,96.190002,93.522255,155400
2019-03-11,97.430000,98.820000,97.430000,98.620003,95.884850,128200
2019-03-12,99.419998,99.529999,98.889999,99.339996,96.584877,221100
2019-03-13,99.290001,99.639999,98.970001,99.250000,96.497383,118600
2019-03-14,98.599998,98.690002,98.059998,98.559998,95.826523,238000
2019-03-15,99.349998,99.900002,99.320000,99.779999,97.012672,95100
2019-03-18,100.919998,101.180000,100.610001,100.980003,98.179398,53400
2019-03-19,101.449997,101.709999,101.000000,101.330002,98.519699,406900
2019-03-20,100.480003,101.769997,99.800003,100.970001,98.169678,555300
2019-03-21,99.669998,100.949997,99.529999,100.949997,98.150223,118300
2019-03-22,99.410004,99.690002,98.050003,98.169998,95.447334,60500
2019-03-25,97.589996,98.400002,97.480003,98.300003,95.573730,39300
2019-03-26,98.309998,98.680000,97.900002,98.360001,95.632065,60500
2019-03-27,98.480003,98.820000,97.930000,98.269997,95.544556,36300
2019-03-28,98.570000,98.910004,98.150002,98.790001,96.050140,97000
2019-03-29,100.000000,100.510002,99.589996,100.300003,97.518257,60000
2019-04-01,101.720001,102.070000,101.349998,101.769997,98.947479,71800
2019-04-02,101.839996,101.839996,101.300003,101.580002,98.762764,35700
2019-04-03,102.449997,103.120003,101.970001,102.220001,99.385017,87600
2019-04-04,102.449997,103.349998,102.449997,103.180000,100.318382,101900
2019-04-05,103.830002,104.360001,103.779999,104.330002,101.436501,111300
2019-04-08,103.900002,104.419998,103.610001,104.309998,101.417046,50400
2019-04-09,104.279999,104.480003,104.089996,104.199997,101.310089,47200
2019-04-10,104.250000,104.480003,103.849998,104.370003,101.475388,603100
2019-04-11,103.349998,103.349998,102.800003,102.959999,100.104485,67200
2019-04-12,104.489998,104.739998,104.220001,104.470001,101.572609,46700
2019-04-15,103.730003,103.730003,102.570000,102.949997,100.094757,234500
2019-04-16,104.059998,104.129997,103.629997,103.919998,101.037857,329300
2019-04-17,104.769997,104.980003,104.010002,104.279999,101.387871,327700
2019-04-18,104.180000,104.440002,103.800003,104.389999,101.494827,49000
2019-04-22,103.150002,103.540001,102.980003,103.470001,100.600349,256000
2019-04-23,103.370003,103.870003,103.209999,103.800003,100.921188,230400
2019-04-24,103.389999,103.389999,102.370003,102.559998,99.715584,67100
2019-04-25,101.750000,102.029999,101.180000,102.029999,99.200279,87900
2019-04-26,102.099998,102.540001,101.760002,102.480003,99.637802,79200
2019-04-29,102.559998,102.809998,102.419998,102.790001,99.939201,35800
2019-04-30,102.459999,102.629997,101.349998,101.940002,99.112770,2884300
2019-05-01,102.370003,103.430000,101.790001,101.800003,98.976662,105900
2019-05-02,101.900002,102.519997,101.220001,101.709999,98.889145,445900
2019-05-03,102.820000,103.550003,102.820000,103.480003,100.610069,91200
2019-05-06,99.120003,100.849998,98.720001,100.669998,97.877991,769600
2019-05-07,99.230003,99.300003,96.989998,97.720001,95.009811,377100
2019-05-08,97.519997,98.209999,97.199997,97.550003,94.844536,986900
2019-05-09,95.330002,96.650002,94.300003,96.040001,93.376411,1171500
2019-05-10,96.449997,97.120003,95.199997,96.790001,94.105606,327800
2019-05-13,93.489998,93.870003,92.580002,93.250000,90.663780,243800
2019-05-14,94.720001,95.230003,94.360001,94.879997,92.248573,118500
2019-05-15,95.080002,95.849998,94.879997,95.589996,92.938873,159600
2019-05-16,96.099998,96.599998,95.870003,95.919998,93.259735,74800
2019-05-17,93.430000,93.820000,92.930000,93.169998,90.586006,56300
2019-05-20,91.279999,91.279999,90.449997,90.650002,88.135895,109200
2019-05-21,91.699997,91.919998,91.370003,91.779999,89.234550,255400
2019-05-22,91.440002,91.440002,90.779999,91.000000,88.476189,76700
2019-05-23,89.300003,89.629997,88.870003,89.349998,86.871948,388700
2019-05-24,89.769997,89.949997,88.809998,88.809998,86.346924,245900
2019-05-28,90.010002,90.339996,89.290001,89.400002,86.920563,208900
2019-05-29,89.370003,89.839996,89.019997,89.790001,87.299744,472200
2019-05-30,89.570000,89.839996,89.370003,89.500000,87.017784,72900
2019-05-31,89.019997,89.660004,88.940002,89.570000,87.085838,76000
2019-06-03,89.820000,90.290001,89.570000,89.910004,87.416420,65900
2019-06-04,89.230003,90.059998,89.050003,90.059998,87.562263,372700
2019-06-05,90.050003,90.050003,88.589996,89.230003,86.755280,281800
2019-06-06,89.070000,89.440002,88.860001,89.239998,86.764999,88300
2019-06-07,90.040001,91.120003,89.919998,90.379997,87.873383,116600
2019-06-10,91.750000,92.430000,91.440002,91.790001,89.244278,35900
2019-06-11,92.879997,93.610001,92.839996,93.160004,90.576286,697700
2019-06-12,91.739998,91.739998,91.019997,91.349998,88.816483,34500
2019-06-13,92.019997,92.019997,91.279999,91.620003,89.078987,75300
2019-06-14,90.930000,91.290001,90.500000,90.570000,88.058113,79500
2019-06-17,90.870003,91.379997,90.830002,91.059998,88.534523,31000
2019-06-18,92.309998,94.320000,92.309998,93.989998,91.383263,105500
2019-06-19,94.290001,95.000000,93.889999,94.660004,92.034676,69200
2019-06-20,96.580002,96.580002,95.599998,96.139999,93.473633,45000
2019-06-21,95.629997,96.029999,95.470001,95.540001,92.890274,69100
2019-06-24,94.910004,95.080002,94.610001,94.830002,92.985382,21800
2019-06-25,94.019997,94.019997,93.230003,93.389999,91.573402,41000
2019-06-26,94.470001,95.019997,94.470001,94.779999,92.936356,99300
2019-06-27,95.400002,95.760002,95.209999,95.739998,93.877678,50700
2019-06-28,95.610001,95.610001,95.320000,95.589996,93.730591,106500
2019-07-01,98.290001,98.489998,97.150002,97.540001,95.642677,409800
2019-07-02,97.480003,97.690002,97.199997,97.510002,95.613258,61900
2019-07-03,97.000000,97.139999,96.779999,97.110001,95.221039,40900
2019-07-05,96.230003,96.230003,95.800003,96.099998,94.230675,56000
2019-07-08,94.989998,95.309998,94.709999,94.940002,93.093246,64400
2019-07-09,93.849998,94.739998,93.849998,94.660004,92.818687,28700
2019-07-10,95.489998,95.720001,94.779999,94.779999,92.936356,25500
2019-07-11,94.989998,95.199997,94.180000,94.519997,92.681412,76000
2019-07-12,94.739998,94.879997,94.580002,94.699997,92.857903,28600
2019-07-15,95.309998,95.650002,95.220001,95.440002,93.583527,43100
2019-07-16,95.750000,95.989998,95.459999,95.599998,93.740402,36200
2019-07-17,95.699997,95.820000,95.330002,95.370003,93.514885,20100
2019-07-18,95.169998,95.470001,94.820000,95.370003,93.514885,247200
2019-07-19,96.160004,96.220001,95.529999,95.610001,93.750206,38200
2019-07-22,95.300003,95.739998,94.980003,95.099998,93.250130,33400
2019-07-23,95.720001,96.220001,95.489998,96.220001,94.348351,22700
2019-07-24,96.150002,96.720001,96.150002,96.610001,94.730759,23400
2019-07-25,96.769997,96.959999,95.849998,96.059998,94.191452,259900
2019-07-26,96.250000,96.250000,95.900002,96.129997,94.260101,38700
2019-07-29,95.800003,96.099998,95.320000,95.629997,93.769814,37700
2019-07-30,94.959999,95.150002,94.540001,95.089996,93.240326,385000
2019-07-31,94.760002,94.760002,92.800003,93.980003,92.151917,58300
2019-08-01,94.510002,94.820000,90.959999,91.129997,89.357353,612600
2019-08-02,90.769997,91.000000,90.029999,90.209999,88.455254,200800
2019-08-05,87.639999,87.639999,85.690002,86.389999,84.709557,214300
2019-08-06,87.540001,88.000000,86.830002,87.209999,85.513611,127800
2019-08-07,86.650002,87.970001,86.430000,87.970001,86.258827,59500
2019-08-08,88.620003,89.040001,88.260002,88.930000,87.200157,336700
2019-08-09,88.089996,88.440002,87.449997,87.820000,86.111740,35100
2019-08-12,86.589996,87.150002,86.389999,87.019997,85.327309,338400
2019-08-13,86.570000,89.529999,86.470001,88.610001,86.886368,108300
2019-08-14,86.510002,86.639999,85.889999,86.129997,84.454620,156000
2019-08-15,87.599998,87.839996,86.809998,87.139999,85.444969,107800
2019-08-16,87.900002,89.029999,87.900002,88.900002,87.170738,115500
2019-08-19,90.900002,91.129997,90.370003,90.629997,88.867081,74100
2019-08-20,90.620003,90.919998,90.480003,90.529999,88.769028,47900
2019-08-21,91.440002,91.440002,90.879997,90.949997,89.180855,68300
2019-08-22,90.419998,90.650002,89.620003,90.120003,88.367012,51900
2019-08-23,89.360001,90.320000,87.809998,88.029999,86.317657,82900
2019-08-26,89.180000,89.449997,88.739998,88.879997,87.151123,64500
2019-08-27,89.739998,90.080002,89.309998,89.320000,87.582558,146200
2019-08-28,88.690002,89.480003,88.610001,89.419998,87.680618,47200
2019-08-29,90.230003,90.599998,90.010002,90.400002,88.641556,70700
2019-08-30,90.699997,90.730003,90.010002,90.459999,88.700386,53200
2019-09-03,90.129997,90.459999,90.040001,90.199997,88.445442,152300
2019-09-04,91.870003,92.209999,91.709999,91.889999,90.102570,51800
2019-09-05,92.889999,93.529999,92.889999,93.370003,91.553795,128500
2019-09-06,93.589996,93.690002,93.290001,93.290001,91.475342,99100
2019-09-09,93.610001,93.870003,93.379997,93.760002,91.936195,35600
2019-09-10,93.570000,93.660004,93.089996,93.430000,91.612617,22000
2019-09-11,94.120003,94.599998,93.769997,94.449997,92.612778,111900
2019-09-12,95.019997,95.839996,94.800003,95.440002,93.583527,738800
2019-09-13,95.930000,96.180000,95.839996,96.080002,94.211067,98000
2019-09-16,95.290001,95.330002,94.830002,95.080002,93.230522,82300
2019-09-17,93.820000,94.930000,93.820000,94.930000,93.083435,35400
2019-09-18,94.599998,94.709999,93.830002,94.650002,92.808884,38400
2019-09-19,94.440002,94.879997,94.099998,94.099998,92.269585,116700
2019-09-20,94.300003,94.459999,93.279999,93.720001,91.896973,125300
2019-09-23,93.120003,93.209999,92.709999,93.099998,91.289040,73700
2019-09-24,92.769997,92.769997,91.480003,91.650002,89.867241,94100
2019-09-25,91.480003,92.110001,91.059998,92.080002,90.288879,48300
2019-09-26,91.690002,91.699997,91.160004,91.349998,89.573082,81400
2019-09-27,91.639999,91.639999,88.839996,89.309998,87.572754,141200
2019-09-30,90.589996,90.839996,90.150002,90.260002,88.504280,43200
2019-10-01,90.559998,90.559998,89.379997,89.769997,88.023804,74600
2019-10-02,89.599998,89.760002,89.250000,89.660004,87.915955,90300
2019-10-03,90.330002,91.050003,89.919998,91.019997,89.249496,58700
2019-10-04,90.400002,91.180000,90.300003,91.019997,89.249496,32300
2019-10-07,90.400002,91.050003,90.320000,90.339996,88.582726,32800
2019-10-08,89.690002,89.860001,89.220001,89.300003,87.562958,40200
2019-10-09,90.580002,90.800003,90.150002,90.389999,88.631744,48000
2019-10-10,91.110001,92.010002,91.000000,91.669998,89.886848,44200
2019-10-11,93.029999,94.110001,92.980003,93.169998,91.357674,57600
2019-10-14,93.379997,93.449997,93.019997,93.139999,91.328262,19700
2019-10-15,93.309998,94.209999,93.309998,94.019997,92.191139,23100
2019-10-16,93.750000,94.129997,93.570000,94.050003,92.220566,21300
2019-10-17,94.559998,94.559998,94.050003,94.180000,92.348030,27200
2019-10-18,93.690002,93.919998,92.760002,92.889999,91.083122,64600
2019-10-21,93.500000,93.849998,93.400002,93.830002,92.004837,50200
2019-10-22,93.620003,93.900002,93.000000,93.120003,91.308655,93200
2019-10-23,92.459999,92.900002,92.320000,92.830002,91.024284,25800
2019-10-24,93.059998,93.290001,92.980003,93.199997,91.387093,40400
2019-10-25,93.279999,94.199997,93.190002,94.169998,92.338219,38900
2019-10-28,94.889999,95.519997,94.889999,95.349998,93.495270,41800
2019-10-29,94.230003,94.519997,94.129997,94.300003,92.465698,27600
2019-10-30,93.790001,94.370003,93.489998,94.349998,92.514725,35100
2019-10-31,94.199997,94.209999,93.480003,93.790001,91.965614,103700
2019-11-01,95.349998,95.769997,95.139999,95.349998,93.495270,282100
2019-11-04,96.889999,97.190002,96.699997,96.860001,94.975899,41300
2019-11-05,97.610001,97.620003,97.110001,97.529999,95.632874,193300
2019-11-06,97.760002,97.849998,97.250000,97.400002,95.505394,28600
2019-11-07,98.599998,99.029999,98.339996,98.599998,96.682053,86500
2019-11-08,98.150002,98.309998,97.370003,98.099998,96.191772,45300
2019-11-11,96.150002,96.989998,95.800003,96.820000,94.936676,63200
2019-11-12,96.309998,96.570000,95.989998,96.209999,94.338539,55600
2019-11-13,95.019997,95.370003,94.889999,95.120003,93.269745,51800
2019-11-14,94.980003,95.209999,94.650002,94.980003,93.132469,32400
2019-11-15,95.000000,95.330002,95.000000,95.199997,93.348190,61800
2019-11-18,95.809998,95.839996,95.320000,95.389999,93.534492,39400
2019-11-19,96.690002,97.000000,96.190002,96.279999,94.407181,44600
2019-11-20,95.879997,95.930000,95.070000,95.370003,93.514885,43200
2019-11-21,95.040001,95.459999,95.019997,95.419998,93.563911,82600
2019-11-22,95.320000,95.379997,95.040001,95.379997,93.524681,32200
2019-11-25,96.099998,96.879997,96.099998,96.709999,94.828812,107900
2019-11-26,96.540001,97.080002,96.239998,96.980003,95.093567,26900
2019-11-27,96.919998,97.489998,96.639999,97.400002,95.505394,14900
2019-11-29,95.650002,96.000000,95.320000,95.620003,93.760017,14800
2019-12-02,95.730003,95.750000,95.120003,95.379997,93.524681,52800
2019-12-03,94.269997,94.870003,93.739998,94.860001,93.014801,54200
2019-12-04,95.510002,95.629997,95.269997,95.349998,93.495270,123600
2019-12-05,95.720001,96.300003,95.680000,96.180000,94.309128,140000
2019-12-06,97.089996,97.220001,96.870003,96.970001,95.083755,22100
2019-12-09,96.720001,97.180000,96.110001,96.300003,94.426796,25200
2019-12-10,96.709999,97.110001,96.709999,96.809998,94.926865,45900
2019-12-11,97.550003,98.379997,97.540001,98.250000,96.338860,41400
2019-12-12,98.160004,99.879997,98.160004,99.800003,97.858711,114500
2019-12-13,100.000000,100.800003,99.290001,99.440002,97.505722,60400
2019-12-16,100.610001,101.080002,100.379997,100.760002,98.800034,36300
2019-12-17,101.769997,102.110001,101.599998,101.949997,99.966881,530000
2019-12-18,102.080002,102.370003,102.080002,102.360001,100.368912,300100
2019-12-19,101.739998,102.150002,101.680000,102.000000,100.015915,34100
2019-12-20,102.150002,102.489998,102.129997,102.389999,100.398323,29100
2019-12-23,101.320000,101.610001,101.260002,101.570000,100.410194,243600
2019-12-24,101.750000,101.800003,101.449997,101.500000,100.340996,29400
2019-12-26,102.129997,102.550003,102.050003,102.430000,101.260376,24300
2019-12-27,102.959999,103.070000,102.639999,102.650002,101.477859,46400
2019-12-30,103.230003,103.230003,102.239998,102.300003,101.131859,121200
2019-12-31,102.489998,102.750000,102.290001,102.650002,101.477859,15900
2020-01-02,104.379997,105.900002,104.379997,105.879997,104.670967,78400
2020-01-03,104.040001,104.730003,103.919998,104.080002,102.891533,411100
2020-01-06,103.510002,104.139999,103.510002,104.050003,102.861870,75500
2020-01-07,104.290001,104.699997,104.290001,104.489998,103.296844,22200
2020-01-08,103.970001,105.250000,103.809998,104.580002,103.385826,71500
2020-01-09,105.720001,105.820000,105.519997,105.809998,104.601776,40900
2020-01-10,106.199997,106.510002,105.940002,106.269997,105.056519,39400
2020-01-13,107.459999,108.489998,107.269997,108.400002,107.162201,79800
2020-01-14,107.379997,107.580002,106.940002,107.309998,106.084641,115100
2020-01-15,106.900002,107.190002,106.699997,106.720001,105.501389,58200
2020-01-16,107.339996,107.480003,107.089996,107.320000,106.094528,24100
2020-01-17,107.900002,108.059998,107.589996,107.919998,106.687675,35500
2020-01-21,104.269997,104.580002,103.940002,103.940002,102.753128,147200
2020-01-22,105.470001,105.550003,104.440002,104.489998,103.296844,90900
2020-01-23,102.260002,103.209999,101.709999,103.040001,101.863403,520400
2020-01-24,102.800003,103.139999,100.860001,101.339996,100.182816,145200
2020-01-27,95.610001,98.080002,95.250000,97.360001,96.248268,298100
2020-01-28,98.059998,98.650002,97.169998,98.370003,97.246735,58600
2020-01-29,99.610001,99.790001,99.070000,99.230003,98.096916,108000
2020-01-30,97.000000,97.910004,96.209999,97.769997,96.653580,70500
2020-01-31,96.209999,96.209999,95.400002,95.940002,94.844482,82400
2020-02-03,96.239998,97.419998,96.239998,96.940002,95.833061,65600
2020-02-04,100.199997,101.120003,100.050003,100.489998,99.342522,96700
2020-02-05,102.349998,102.489998,100.349998,100.790001,99.639099,89500
2020-02-06,101.980003,101.980003,101.089996,101.230003,100.074074,39300
2020-02-07,100.860001,100.860001,99.970001,100.129997,98.986633,477900
2020-02-10,100.410004,101.330002,100.410004,101.190002,100.034531,386900
2020-02-11,102.720001,103.430000,102.629997,102.809998,101.636024,332200
2020-02-12,104.070000,104.790001,103.870003,104.599998,103.405594,59300
2020-02-13,103.260002,103.709999,103.010002,103.160004,101.982040,45600
2020-02-14,103.690002,103.690002,102.949997,103.190002,102.011696,26600
2020-02-18,103.389999,103.760002,103.070000,103.260002,102.080894,391900
2020-02-19,103.989998,104.209999,103.839996,103.879997,102.693810,261000
2020-02-20,103.970001,103.970001,102.599998,102.860001,101.685455,15100
2020-02-21,103.330002,103.330002,102.459999,102.690002,101.517410,53200
2020-02-24,98.690002,99.930000,98.389999,99.309998,98.175995,688400
2020-02-25,100.809998,101.129997,98.930000,98.930000,97.800339,77300
2020-02-26,100.290001,101.190002,100.050003,100.050003,98.907547,36100
2020-02-27,99.860001,100.480003,98.250000,98.760002,97.632278,360500
2020-02-28,96.410004,98.970001,95.690002,98.970001,97.839882,262400
2020-03-02,99.559998,100.790001,99.019997,100.690002,99.540237,110500
2020-03-03,100.650002,102.000000,99.470001,100.470001,99.322754,307000
2020-03-04,101.489998,101.980003,101.050003,101.699997,100.538704,123100
2020-03-05,101.750000,102.639999,101.250000,101.519997,100.360764,64700
2020-03-06,99.410004,100.059998,98.410004,99.459999,98.324287,48000
2020-03-09,94.660004,96.510002,94.010002,95.480003,94.389740,203200
2020-03-10,98.900002,99.389999,97.269997,99.220001,98.087029,126200
2020-03-11,96.580002,97.360001,95.370003,95.820000,94.725845,536300
2020-03-12,89.879997,90.110001,87.470001,88.480003,87.469666,297400
2020-03-13,95.139999,95.139999,89.949997,92.769997,91.710670,138500
2020-03-16,83.419998,87.529999,80.120003,83.820000,82.862877,81500
2020-03-17,85.849998,88.739998,84.739998,88.099998,87.094002,142100
2020-03-18,82.269997,85.370003,81.519997,83.639999,82.684929,172700
2020-03-19,83.900002,85.970001,82.860001,84.730003,83.762489,96600
2020-03-20,87.660004,87.690002,84.430000,84.820000,83.851456,231800
2020-03-23,85.050003,85.790001,83.019997,84.680000,83.713058,81100
2020-03-24,88.580002,89.830002,88.190002,89.540001,88.517555,113100
2020-03-25,90.519997,92.320000,89.599998,90.870003,89.832375,71400
2020-03-26,90.940002,94.250000,90.940002,93.699997,92.630051,102100
2020-03-27,89.550003,90.339996,88.879997,89.290001,88.270416,60400
2020-03-30,89.809998,91.169998,89.029999,91.000000,89.960892,133400
2020-03-31,90.680000,92.089996,90.680000,91.250000,90.208038,35500
2020-04-01,89.760002,90.230003,88.209999,88.339996,87.331253,62400
2020-04-02,89.750000,90.949997,89.720001,90.809998,89.773056,113500
2020-04-03,90.989998,91.190002,89.400002,89.690002,88.665848,52400
2020-04-06,92.309998,93.190002,91.750000,93.139999,92.076454,56700
2020-04-07,95.190002,95.599998,92.910004,93.209999,92.145653,102400
2020-04-08,93.199997,93.589996,92.739998,93.449997,92.382904,43700
2020-04-09,93.860001,94.559998,93.089996,93.209999,92.145653,120800
2020-04-13,93.050003,93.540001,92.339996,93.239998,92.175308,68300
2020-04-14,95.089996,95.680000,95.040001,95.279999,94.192017,56800
2020-04-15,93.730003,94.339996,93.370003,93.919998,92.847542,23500
2020-04-16,94.989998,95.290001,94.480003,95.129997,94.043724,67300
2020-04-17,96.430000,96.860001,95.370003,96.059998,94.963104,77400
2020-04-20,95.400002,96.800003,95.400002,95.919998,94.824707,45700
2020-04-21,94.029999,94.370003,93.389999,93.580002,92.511429,50800
2020-04-22,95.849998,96.449997,95.489998,95.669998,94.577560,25900
2020-04-23,96.320000,96.320000,94.769997,94.839996,93.757034,82800
2020-04-24,95.370003,95.370003,94.599998,94.970001,93.885559,59200
2020-04-27,96.059998,96.440002,95.930000,96.440002,95.338776,64800
2020-04-28,97.610001,97.949997,96.050003,96.089996,94.992760,57400
2020-04-29,97.339996,97.900002,97.180000,97.540001,96.426216,41800
2020-04-30,97.440002,97.650002,95.040001,95.760002,94.666534,54500
2020-05-01,93.489998,93.790001,91.699997,91.839996,90.791290,410000
2020-05-04,92.230003,92.790001,91.750000,92.580002,91.522842,309300
2020-05-05,93.730003,94.339996,93.330002,93.860001,92.788231,114000
2020-05-06,95.139999,95.449997,94.610001,94.699997,93.618629,69100
2020-05-07,95.610001,95.690002,95.169998,95.419998,94.330421,75600
2020-05-08,96.959999,97.849998,96.959999,97.680000,96.564606,29600
2020-05-11,97.559998,98.220001,97.559998,97.930000,96.811752,24700
2020-05-12,98.309998,98.879997,97.269997,97.320000,96.208725,43100
2020-05-13,98.639999,98.910004,97.000000,97.639999,96.525063,29900
2020-05-14,95.970001,97.620003,95.589996,97.570000,96.455864,36200
2020-05-15,95.970001,96.779999,95.970001,96.570000,95.467278,45000
2020-05-18,99.080002,100.550003,98.540001,100.300003,99.154694,31200
2020-05-19,100.160004,100.750000,99.660004,99.720001,98.581314,25800
2020-05-20,101.349998,101.610001,99.800003,100.610001,99.461159,57600
2020-05-21,98.290001,98.690002,97.669998,98.059998,96.940269,58200
2020-05-22,95.750000,95.860001,94.599998,94.910004,93.826241,165300
2020-05-26,97.580002,97.940002,96.540001,96.739998,95.635338,92600
2020-05-27,96.680000,96.680000,95.110001,95.809998,94.715958,99700
2020-05-28,96.089996,96.410004,95.110001,95.239998,94.152473,84700
2020-05-29,96.389999,97.919998,95.779999,97.919998,96.801865,82200
2020-06-01,98.639999,99.860001,98.610001,99.809998,98.670280,57500
2020-06-02,100.570000,101.989998,100.510002,101.720001,100.558472,79900
2020-06-03,102.410004,103.309998,102.220001,103.160004,101.982040,46400
2020-06-04,102.129997,102.650002,101.519997,101.910004,100.746307,22900
2020-06-05,103.680000,104.300003,103.589996,103.970001,102.782784,38800
2020-06-08,103.250000,103.720001,102.699997,103.610001,102.426903,20700
2020-06-09,102.750000,103.669998,102.669998,103.580002,102.397240,184300
2020-06-10,104.190002,105.160004,103.849998,104.730003,103.534111,98400
2020-06-11,102.300003,102.900002,100.849998,101.129997,99.975212,38300
2020-06-12,103.019997,103.070000,101.449997,102.660004,101.487755,30300
2020-06-15,100.989998,102.720001,100.750000,102.239998,101.072540,20100
2020-06-16,104.870003,104.940002,102.959999,103.410004,102.229187,58800
2020-06-17,104.169998,104.739998,103.809998,104.430000,103.237534,49700
2020-06-18,104.629997,105.370003,104.629997,104.970001,103.771362,140900
2020-06-19,106.330002,106.339996,104.529999,104.820000,103.623077,181900
2020-06-22,104.940002,105.690002,104.720001,105.690002,105.048370,27000
2020-06-23,106.900002,107.410004,106.820000,106.919998,106.270905,21200
2020-06-24,106.389999,106.769997,105.019997,105.879997,105.237213,63400
2020-06-25,105.180000,105.639999,104.900002,105.610001,104.968857,43800
2020-06-26,105.650002,105.800003,104.419998,105.000000,104.362564,19800
2020-06-29,104.739998,105.139999,104.120003,105.000000,104.362564,14400
2020-06-30,105.330002,105.360001,104.540001,104.919998,104.283043,40500
2020-07-01,105.730003,106.480003,105.540001,105.839996,105.197456,44700
2020-07-02,108.910004,109.610001,108.709999,109.209999,108.547005,84500
2020-07-06,115.870003,117.500000,115.650002,117.500000,116.786674,56800
2020-07-07,115.449997,116.139999,115.190002,115.370003,114.669609,310500
2020-07-08,117.529999,120.199997,117.529999,120.089996,119.360947,52900
2020-07-09,121.889999,122.040001,119.750000,120.529999,119.798279,33500
2020-07-10,119.550003,119.820000,118.709999,119.440002,118.714897,53300
2020-07-13,120.389999,121.230003,118.220001,118.349998,117.631516,58400
2020-07-14,116.660004,117.639999,115.750000,117.300003,116.587891,298200
2020-07-15,117.620003,117.919998,116.680000,117.139999,116.428864,252600
2020-07-16,112.720001,113.720001,112.379997,113.470001,112.781143,39000
2020-07-17,114.220001,114.349998,113.739998,114.290001,113.596161,27000
2020-07-20,115.879997,116.779999,115.580002,116.709999,116.001472,28700
2020-07-21,118.400002,118.580002,117.209999,117.349998,116.637581,32300
2020-07-22,116.610001,116.610001,115.190002,116.010002,115.305725,449200
2020-07-23,116.610001,117.089996,115.449997,115.690002,114.987663,28700
2020-07-24,112.980003,113.910004,112.309998,113.910004,113.218475,41300
2020-07-27,113.300003,114.389999,113.029999,114.110001,113.417259,29100
2020-07-28,114.559998,114.559998,113.699997,113.730003,113.039566,11200
2020-07-29,115.470001,116.110001,115.449997,115.949997,115.246078,13600
