Date,Open,High,Low,Close,Adj Close,Volume
2010-01-04,49.689999,50.099998,49.689999,49.959999,33.750957,798300
2010-01-05,50.049999,50.189999,49.650002,49.880001,33.696918,430500
2010-01-06,49.799999,50.180000,49.689999,50.180000,33.899574,247800
2010-01-07,49.810001,49.939999,49.500000,49.860001,33.683407,937700
2010-01-08,49.930000,50.400002,49.840000,50.360001,34.021183,450500
2010-01-11,50.889999,50.919998,50.480000,50.759998,34.291397,503900
2010-01-12,49.970001,50.240002,49.779999,50.020000,33.791492,1347900
2010-01-13,50.240002,50.700001,49.970001,50.700001,34.250874,525000
2010-01-14,50.410000,50.770000,50.310001,50.599998,34.183323,896400
2010-01-15,50.250000,50.279999,49.480000,49.540001,33.467224,477700
2010-01-19,49.619999,50.570000,49.520000,50.570000,34.163055,525800
2010-01-20,49.340000,49.360001,48.619999,49.000000,33.102421,540800
2010-01-21,48.930000,48.970001,47.299999,47.480000,32.075577,773000
2010-01-22,47.290001,47.599998,46.419998,46.450001,31.379751,774000
2010-01-25,47.509998,47.660000,47.080002,47.299999,31.953976,1306000
2010-01-26,46.900002,47.439999,46.720001,46.930000,31.704025,430600
2010-01-27,46.849998,47.150002,46.480000,47.119999,31.832375,484800
2010-01-28,47.070000,47.110001,45.720001,45.970001,31.055477,686000
2010-01-29,46.259998,46.590000,45.389999,45.439999,30.697433,833800
2010-02-01,46.189999,46.590000,46.189999,46.580002,31.467567,500000
2010-02-02,46.869999,47.360001,46.650002,47.299999,31.953976,460400
2010-02-03,46.980000,47.150002,46.509998,46.709999,31.555391,577200
2010-02-04,45.770000,45.860001,44.419998,44.419998,30.008362,993100
2010-02-05,44.080002,44.310001,42.810001,44.009998,29.731379,1533000
2010-02-08,43.770000,44.150002,43.250000,43.369999,29.299028,759400
2010-02-09,44.389999,45.400002,43.959999,45.169998,30.515030,1243700
2010-02-10,44.700001,44.840000,44.200001,44.650002,30.163742,1358600
2010-02-11,44.400002,45.049999,43.959999,45.029999,30.420443,491500
2010-02-12,44.060001,44.540001,43.830002,44.419998,30.008362,707800
2010-02-16,44.610001,45.740002,44.570000,45.590000,30.798763,483700
2010-02-17,45.889999,45.959999,45.450001,45.540001,30.764982,337400
2010-02-18,45.500000,45.950001,45.480000,45.919998,31.021694,1073400
2010-02-19,45.250000,45.740002,45.119999,45.720001,30.886585,832600
2010-02-22,45.880001,45.939999,45.580002,45.650002,30.839302,465800
2010-02-23,45.349998,45.650002,44.619999,44.740002,30.224533,1889800
2010-02-24,44.950001,45.389999,44.750000,45.209999,30.542053,2104400
2010-02-25,44.169998,44.849998,44.000000,44.840000,30.292095,1891100
2010-02-26,44.700001,45.290001,44.340000,45.189999,30.528540,1151900
2010-03-01,45.000000,45.389999,44.779999,45.330002,30.623131,760900
2010-03-02,45.759998,46.060001,45.450001,45.810001,30.947395,1143000
2010-03-03,46.200001,46.740002,46.160000,46.500000,31.413527,982500
2010-03-04,46.650002,46.740002,46.130001,46.320000,31.291916,791200
2010-03-05,46.669998,47.570000,46.619999,47.549999,32.122860,1109400
2010-03-08,47.520000,47.619999,47.209999,47.400002,32.021534,753700
2010-03-09,46.849998,47.340000,46.790001,47.080002,31.805359,565200
2010-03-10,47.209999,47.730000,47.150002,47.520000,32.102596,449000
2010-03-11,47.430000,47.799999,47.220001,47.799999,32.291748,699500
2010-03-12,48.119999,48.200001,47.779999,47.970001,32.406597,752400
2010-03-15,47.650002,47.720001,47.209999,47.509998,32.095840,478100
2010-03-16,47.790001,48.380001,47.680000,48.349998,32.663315,743800
2010-03-17,48.580002,48.799999,48.480000,48.570000,32.811932,445100
2010-03-18,48.459999,48.480000,47.849998,48.150002,32.528202,556100
2010-03-19,47.509998,48.110001,47.279999,47.509998,32.095840,536400
2010-03-22,46.810001,47.700001,46.730000,47.650002,32.190426,639000
2010-03-23,47.650002,47.990002,47.470001,47.900002,32.359303,1164600
2010-03-24,47.119999,47.250000,46.830002,46.990002,31.744539,1080500
2010-03-25,47.610001,47.820000,47.090000,47.150002,31.852640,613900
2010-03-26,47.380001,47.790001,47.320000,47.639999,32.183674,565000
2010-03-29,47.759998,48.049999,47.650002,48.040001,32.453884,695400
2010-03-30,48.180000,48.180000,47.619999,47.790001,32.285007,419800
2010-03-31,47.860001,48.299999,47.689999,48.130001,32.514687,578400
2010-04-01,48.599998,49.049999,48.599998,49.009998,33.109177,1196800
2010-04-05,48.910000,49.240002,48.799999,49.150002,33.203758,325600
2010-04-06,48.480000,48.880001,48.310001,48.849998,33.001091,902600
2010-04-07,48.509998,48.570000,48.119999,48.230000,32.582249,574000
2010-04-08,47.720001,48.230000,47.549999,48.169998,32.541714,688100
2010-04-09,48.459999,49.130001,48.430000,49.110001,33.176743,534900
2010-04-12,49.360001,49.549999,49.310001,49.459999,33.413177,410200
2010-04-13,49.549999,49.560001,49.020000,49.430000,33.392918,283100
2010-04-14,49.790001,50.169998,49.610001,50.080002,33.832016,1192000
2010-04-15,49.779999,50.130001,49.680000,50.040001,33.805008,330700
2010-04-16,49.610001,49.730000,48.619999,48.889999,33.028111,777400
2010-04-19,48.250000,48.820000,48.200001,48.709999,32.906513,626200
2010-04-20,49.230000,49.299999,49.040001,49.230000,33.257809,597600
2010-04-21,48.799999,48.970001,48.450001,48.700001,32.899761,668400
2010-04-22,47.930000,48.330002,47.599998,48.180000,32.548470,479000
2010-04-23,48.139999,48.799999,47.990002,48.799999,32.967304,534300
2010-04-26,48.750000,48.930000,48.610001,48.650002,32.865971,615900
2010-04-27,47.770000,48.200001,46.189999,46.230000,31.231123,1459900
2010-04-28,46.580002,46.720001,45.610001,46.080002,31.129791,811200
2010-04-29,46.840000,47.119999,46.669998,47.119999,31.832375,1590500
2010-04-30,47.130001,47.130001,46.279999,46.299999,31.278418,1221600
2010-05-03,46.400002,46.830002,46.270000,46.639999,31.508108,1529900
2010-05-04,45.360001,45.369999,44.450001,44.630001,30.150232,2704500
2010-05-05,43.419998,44.110001,43.299999,43.470001,29.366589,3105700
2010-05-06,43.150002,43.540001,39.400002,41.150002,27.799278,5924200
2010-05-07,41.529999,42.029999,40.060001,40.869999,27.610126,4000300
2010-05-10,44.209999,44.660000,43.759998,44.340000,29.954309,5671200
2010-05-11,43.270000,44.389999,43.180000,43.599998,29.454397,3150300
2010-05-12,44.060001,44.549999,43.970001,44.340000,29.954309,1816700
2010-05-13,43.830002,44.099998,43.400002,43.410000,29.326044,2936700
2010-05-14,42.830002,42.910000,41.580002,41.990002,28.366753,5229000
2010-05-17,42.130001,42.340000,40.950001,42.090000,28.434313,4869300
2010-05-18,42.759998,44.610001,40.880001,41.150002,27.799278,1928600
2010-05-19,41.200001,41.619999,40.650002,41.529999,28.055986,2533300
2010-05-20,40.080002,40.799999,39.419998,40.099998,27.089945,7128500
2010-05-21,39.660000,41.279999,39.500000,41.060001,27.738487,4464100
2010-05-24,40.619999,40.680000,39.939999,39.939999,26.981852,2411000
2010-05-25,38.779999,39.939999,38.500000,39.919998,26.968336,1923800
2010-05-26,40.000000,40.410000,39.139999,39.189999,26.475187,2863100
2010-05-27,40.689999,41.910000,40.590000,41.759998,28.211369,2275300
2010-05-28,41.639999,41.779999,40.830002,40.860001,27.603365,3269200
2010-06-01,40.540001,41.669998,40.369999,40.540001,27.387194,1464300
2010-06-02,40.820000,41.930000,40.610001,41.900002,28.305946,6653200
2010-06-03,42.049999,42.240002,41.340000,41.700001,28.170841,2268500
2010-06-04,40.570000,40.720001,39.599998,39.660000,26.792696,6418700
2010-06-07,40.009998,40.189999,39.209999,39.230000,26.502205,1053800
2010-06-08,39.310001,39.830002,38.959999,39.830002,26.907543,1465000
2010-06-09,40.020000,40.560001,39.450001,39.599998,26.752163,1012300
2010-06-10,41.169998,41.660000,40.869999,41.650002,28.137054,2632500
2010-06-11,41.200001,41.759998,41.119999,41.619999,28.116800,972400
2010-06-14,42.430000,42.689999,41.910000,42.040001,28.400530,3284900
2010-06-15,42.790001,43.630001,42.660000,43.599998,29.454397,2514600
2010-06-16,42.860001,43.450001,42.810001,43.250000,29.217955,1608200
2010-06-17,43.520000,43.619999,43.049999,43.570000,29.434128,2754900
2010-06-18,43.500000,43.650002,43.290001,43.419998,29.332798,522000
2010-06-21,43.959999,44.110001,43.080002,43.230000,29.204447,869800
2010-06-22,43.369999,43.580002,42.650002,42.720001,28.859907,1135200
2010-06-23,43.090000,43.410000,42.560001,43.169998,29.163910,1197500
2010-06-24,42.790001,42.869999,42.180000,42.259998,28.549160,839200
2010-06-25,42.009998,42.549999,41.810001,42.439999,28.670750,1082000
2010-06-28,42.369999,42.820000,42.080002,42.180000,28.495108,742600
2010-06-29,41.369999,41.369999,40.330002,40.639999,27.454739,5265400
2010-06-30,40.580002,41.040001,40.139999,40.189999,27.150732,1941200
2010-07-01,40.840000,41.020000,40.279999,40.990002,27.691193,2475400
2010-07-02,41.189999,41.360001,40.470001,40.900002,27.630392,2153400
2010-07-06,42.020000,42.330002,41.320000,41.669998,28.150572,2452200
2010-07-07,41.910000,43.200001,41.889999,43.160000,29.157152,2159500
2010-07-08,43.299999,43.660000,43.040001,43.590000,29.447647,1565400
2010-07-09,43.209999,43.770000,43.200001,43.750000,29.555735,737200
2010-07-12,43.299999,43.660000,43.240002,43.450001,29.353064,2422900
2010-07-13,44.250000,44.740002,44.209999,44.660000,30.170500,1246300
2010-07-14,44.320000,44.869999,44.230000,44.750000,30.231287,659000
2010-07-15,45.060001,45.279999,44.480000,45.279999,30.589340,1133000
2010-07-16,44.750000,44.750000,43.750000,43.750000,29.555735,1207500
2010-07-19,44.250000,44.410000,43.730000,44.160000,29.832710,588900
2010-07-20,43.220001,44.189999,43.160000,44.180000,29.846220,488000
2010-07-21,44.189999,44.259998,43.259998,43.320000,29.265251,1270000
2010-07-22,44.610001,45.240002,44.570000,45.169998,30.515030,1349100
2010-07-23,44.959999,45.680000,44.720001,45.650002,30.839302,1234300
2010-07-26,45.450001,45.980000,45.360001,45.970001,31.055477,1118000
2010-07-27,46.349998,46.410000,45.860001,46.209999,31.217613,1136300
2010-07-28,46.060001,46.189999,45.709999,45.810001,30.947395,994400
2010-07-29,46.509998,46.779999,45.660000,45.930000,31.028454,1618400
2010-07-30,45.450001,46.230000,45.380001,45.889999,31.001434,600100
2010-08-02,47.040001,47.750000,46.990002,47.669998,32.203926,1386300
2010-08-03,47.540001,47.790001,47.220001,47.680000,32.210693,1119000
2010-08-04,47.529999,47.849998,47.340000,47.639999,32.183674,738300
2010-08-05,47.549999,47.639999,47.250000,47.630001,32.176914,1097800
2010-08-06,47.259998,47.810001,47.130001,47.759998,32.264713,485200
2010-08-09,47.799999,47.939999,47.660000,47.830002,32.312023,843100
2010-08-10,47.000000,47.669998,46.639999,47.410000,32.028282,598600
2010-08-11,45.790001,45.810001,45.060001,45.090000,30.460987,1388800
2010-08-12,44.709999,45.230000,44.680000,45.060001,30.440723,524400
2010-08-13,44.919998,45.270000,44.849998,44.860001,30.305613,716300
2010-08-16,44.820000,45.439999,44.700001,45.259998,30.575827,564300
2010-08-17,45.770000,45.970001,45.459999,45.790001,30.933867,718100
2010-08-18,45.939999,46.040001,45.560001,45.759998,30.913607,297600
2010-08-19,45.730000,45.810001,44.549999,44.750000,30.231287,1100700
2010-08-20,44.200001,44.310001,43.930000,44.189999,29.852983,825100
2010-08-23,44.439999,44.770000,44.150002,44.180000,29.846220,382200
2010-08-24,43.419998,43.730000,43.070000,43.430000,29.339556,1267100
2010-08-25,43.009998,43.549999,42.759998,43.419998,29.332798,1566900
2010-08-26,43.750000,44.060001,43.259998,43.410000,29.326044,1022700
2010-08-27,44.000000,44.400002,43.240002,44.400002,29.994850,926400
2010-08-30,44.110001,44.110001,43.490002,43.490002,29.380091,865800
2010-08-31,43.570000,44.060001,43.430000,43.790001,29.582758,685000
2010-09-01,45.040001,45.680000,44.930000,45.520000,30.751480,1387700
2010-09-02,45.610001,45.900002,45.430000,45.900002,31.008192,817700
2010-09-03,46.310001,46.480000,46.009998,46.380001,31.332472,925400
2010-09-07,45.689999,45.779999,45.389999,45.389999,30.663658,871500
2010-09-08,45.759998,46.220001,45.759998,45.900002,31.008192,784000
2010-09-09,46.630001,46.720001,46.130001,46.330002,31.298677,1191700
2010-09-10,46.450001,46.560001,46.349998,46.450001,31.379751,360000
2010-09-13,47.230000,47.400002,47.130001,47.360001,31.994497,613600
2010-09-14,47.279999,47.970001,47.070000,47.810001,32.298512,652900
2010-09-15,47.470001,47.849998,47.340000,47.790001,32.285007,400000
2010-09-16,47.660000,47.770000,47.470001,47.689999,32.217442,445000
2010-09-17,47.610001,47.759998,47.169998,47.290001,31.947216,783900
2010-09-20,47.599998,48.250000,47.490002,48.220001,32.575485,522400
2010-09-21,48.400002,48.740002,47.840000,48.299999,32.629536,1267300
2010-09-22,48.520000,48.810001,48.139999,48.389999,32.690331,575600
2010-09-23,47.689999,48.139999,47.500000,47.660000,32.197166,602400
2010-09-24,48.849998,49.299999,48.669998,49.279999,33.291584,1027100
2010-09-27,49.080002,49.130001,48.759998,48.759998,32.940292,836500
2010-09-28,48.820000,49.279999,48.259998,49.250000,33.271317,1601500
2010-09-29,49.099998,49.200001,48.799999,48.980000,33.088917,595200
2010-09-30,49.419998,49.650002,48.500000,48.720001,32.913269,849600
2010-10-01,49.419998,49.509998,48.930000,49.330002,33.325363,736800
2010-10-04,48.930000,49.139999,48.400002,48.529999,32.784908,727000
2010-10-05,49.490002,50.240002,49.380001,50.110001,33.852287,1035200
2010-10-06,50.250000,50.500000,50.139999,50.369999,34.027943,783000
2010-10-07,50.810001,50.830002,49.910000,50.230000,33.933353,354000
2010-10-08,50.299999,50.570000,50.110001,50.540001,34.142784,808800
2010-10-11,50.549999,50.619999,50.230000,50.310001,33.987396,345200
2010-10-12,50.169998,50.520000,49.740002,50.480000,34.102249,844300
2010-10-13,51.090000,51.529999,50.970001,51.230000,34.608917,713500
2010-10-14,51.619999,51.740002,51.250000,51.590000,34.852116,1127200
2010-10-15,51.779999,51.799999,51.040001,51.349998,34.689995,704500
2010-10-18,51.150002,51.750000,51.080002,51.360001,34.696751,1386600
2010-10-19,50.500000,50.770000,49.900002,50.130001,33.865810,1245100
2010-10-20,50.540001,51.480000,50.540001,51.279999,34.642693,796900
2010-10-21,51.540001,51.900002,50.900002,51.150002,34.554882,604800
2010-10-22,51.480000,51.509998,51.150002,51.299999,34.656212,457100
2010-10-25,51.820000,51.959999,51.380001,51.410000,34.730511,661900
2010-10-26,50.869999,51.180000,50.730000,51.029999,34.473820,1399200
2010-10-27,50.770000,50.860001,50.150002,50.549999,34.149532,632600
2010-10-28,51.230000,51.240002,50.790001,51.180000,34.575153,667400
2010-10-29,51.080002,51.259998,50.849998,51.099998,34.521103,845100
2010-11-01,51.169998,51.330002,50.540001,50.790001,34.311672,1144100
2010-11-02,51.759998,51.930000,51.639999,51.849998,35.027775,1511600
2010-11-03,51.910000,52.169998,51.250000,52.090000,35.189903,1214500
2010-11-04,53.099998,53.419998,53.009998,53.419998,36.088398,1331400
2010-11-05,52.880001,53.130001,52.610001,52.759998,35.642525,1615800
2010-11-08,52.330002,52.500000,52.029999,52.340000,35.358795,868500
2010-11-09,52.720001,52.860001,51.630001,51.849998,35.027775,1002800
2010-11-10,51.950001,52.020000,51.119999,51.919998,35.075050,1555800
2010-11-11,51.299999,51.410000,51.009998,51.270000,34.635952,761600
2010-11-12,51.230000,51.580002,50.779999,51.070000,34.500820,1169800
2010-11-15,51.520000,51.570000,50.959999,51.000000,34.453545,876100
2010-11-16,50.580002,50.580002,49.349998,49.599998,33.507774,1480200
2010-11-17,49.830002,50.209999,49.759998,49.919998,33.723942,857100
2010-11-18,50.910000,51.180000,50.910000,51.139999,34.548119,1350600
2010-11-19,50.770000,51.290001,50.490002,51.279999,34.642693,377300
2010-11-22,50.529999,50.770000,49.910000,50.509998,34.122520,823800
2010-11-23,49.389999,49.549999,48.750000,48.799999,32.967304,1145700
2010-11-24,49.150002,49.560001,49.130001,49.430000,33.392918,1065700
2010-11-26,48.650002,49.009998,48.500000,48.500000,32.764641,588300
2010-11-29,47.820000,48.060001,47.279999,47.860001,32.332291,1743300
2010-11-30,46.840000,47.520000,46.810001,47.110001,31.825603,1510200
2010-12-01,48.240002,48.730000,48.090000,48.700001,32.899761,2333600
2010-12-02,48.590000,49.830002,48.560001,49.830002,33.663147,1583400
2010-12-03,49.880001,50.430000,49.790001,50.410000,34.054955,1479500
2010-12-06,49.910000,50.119999,49.639999,49.980000,33.764481,617000
2010-12-07,50.900002,50.990002,50.180000,50.200001,33.913090,607500
2010-12-08,50.419998,50.730000,50.090000,50.540001,34.142784,638200
2010-12-09,50.619999,50.630001,50.139999,50.570000,34.163055,509300
2010-12-10,50.480000,50.840000,50.279999,50.799999,34.318447,438200
2010-12-13,51.099998,51.560001,50.980000,51.320000,34.669720,775900
2010-12-14,51.369999,51.599998,51.169998,51.310001,34.662968,484400
2010-12-15,51.000000,51.169998,50.369999,50.500000,34.115761,798600
2010-12-16,50.610001,50.910000,50.360001,50.869999,34.365723,624200
2010-12-17,50.549999,50.599998,50.189999,50.389999,34.041447,636300
2010-12-20,50.759998,50.770000,50.369999,50.490002,34.109013,584700
2010-12-21,51.020000,51.099998,50.919998,51.009998,34.460300,798500
2010-12-22,48.700001,48.750000,48.590000,48.730000,34.478699,1141100
2010-12-23,48.599998,48.759998,48.520000,48.720001,34.471622,860100
2010-12-27,48.330002,48.480000,48.029999,48.430000,34.266430,573200
2010-12-28,48.610001,48.650002,48.240002,48.340000,34.202751,654300
2010-12-29,48.709999,49.009998,48.570000,48.799999,34.528217,685100
2010-12-30,48.740002,48.860001,48.340000,48.570000,34.365486,655000
2010-12-31,48.540001,49.180000,48.540001,49.090000,34.733414,745100
2011-01-03,49.070000,49.470001,49.070000,49.360001,34.924450,1422700
2011-01-04,49.689999,49.740002,48.959999,49.240002,34.839546,918500
2011-01-05,48.419998,48.910000,48.380001,48.840000,34.556526,836100
2011-01-06,48.980000,48.990002,48.119999,48.259998,34.146145,911400
2011-01-07,48.240002,48.389999,47.639999,47.889999,33.884350,1385800
2011-01-10,47.509998,47.759998,47.279999,47.680000,33.735779,866300
2011-01-11,48.049999,48.220001,47.799999,48.180000,34.089554,1067900
2011-01-12,48.939999,49.610001,48.820000,49.590000,35.087185,1398900
2011-01-13,49.980000,50.060001,49.599998,49.779999,35.221619,975300
2011-01-14,49.680000,50.270000,49.610001,50.240002,35.547096,1163000
2011-01-18,50.540001,50.779999,50.439999,50.619999,35.815960,1118000
2011-01-19,50.709999,50.740002,49.980000,50.090000,35.440964,1017600
2011-01-20,49.680000,49.980000,49.270000,49.770000,35.214554,1341100
2011-01-21,50.520000,50.709999,50.259998,50.500000,35.731045,1278500
2011-01-24,50.369999,50.970001,50.340000,50.930000,36.035294,1253300
2011-01-25,50.410000,50.830002,50.310001,50.820000,35.957462,775000
2011-01-26,51.070000,51.240002,50.910000,51.139999,36.183876,1938100
2011-01-27,51.430000,51.540001,51.180000,51.470001,36.417374,1770100
2011-01-28,51.139999,51.250000,50.060001,50.150002,35.483418,2458600
2011-01-31,50.689999,51.009998,50.619999,50.900002,36.014084,1254800
2011-02-01,51.480000,52.160000,51.410000,52.040001,36.820671,1309300
2011-02-02,51.840000,52.000000,51.619999,51.770000,36.629635,1506000
2011-02-03,51.410000,51.639999,50.990002,51.580002,36.495209,669200
2011-02-04,51.360001,51.540001,51.000000,51.480000,36.424435,476500
2011-02-07,51.470001,51.820000,51.419998,51.759998,36.622555,1219400
2011-02-08,51.889999,52.240002,51.669998,52.160000,36.905579,850100
2011-02-09,52.070000,52.299999,51.910000,52.220001,36.948025,1099700
2011-02-10,51.320000,51.770000,51.130001,51.619999,36.523487,676100
2011-02-11,51.230000,51.869999,51.200001,51.840000,36.679157,974600
2011-02-14,51.490002,51.740002,51.400002,51.639999,36.537655,638100
2011-02-15,51.689999,51.790001,51.500000,51.580002,36.495209,508700
2011-02-16,51.779999,52.279999,51.700001,52.270000,36.983410,1232500
2011-02-17,52.099998,52.500000,52.020000,52.470001,37.124916,564200
2011-02-18,52.450001,52.720001,52.330002,52.680000,37.273499,425500
2011-02-22,51.610001,52.029999,51.080002,51.099998,36.155582,1389000
2011-02-23,51.389999,51.619999,50.950001,51.209999,36.233410,610500
2011-02-24,51.330002,51.520000,50.900002,51.299999,36.297089,952800
2011-02-25,51.590000,51.919998,51.560001,51.919998,36.735760,876500
2011-02-28,52.529999,52.709999,52.180000,52.490002,37.139080,872000
2011-03-01,52.610001,52.610001,51.480000,51.490002,36.431522,1448600
2011-03-02,51.730000,52.240002,51.709999,52.020000,36.806530,989900
2011-03-03,52.599998,52.799999,52.259998,52.730000,37.308876,699500
2011-03-04,52.669998,52.700001,51.790001,52.099998,36.863125,949000
2011-03-07,52.540001,52.650002,51.610001,51.750000,36.615486,637000
2011-03-08,51.520000,52.020000,51.310001,51.880001,36.707458,495700
2011-03-09,51.990002,52.099998,51.750000,51.869999,36.700386,791200
2011-03-10,51.009998,51.020000,50.500000,50.570000,35.780579,844800
2011-03-11,50.330002,51.000000,50.330002,50.910000,36.021141,966700
2011-03-14,50.540001,50.990002,50.250000,50.630001,35.823032,846300
2011-03-15,48.439999,49.540001,48.220001,49.320000,34.896149,2925000
2011-03-16,49.070000,49.290001,47.369999,47.759998,33.792362,2293600
2011-03-17,49.509998,49.669998,49.240002,49.509998,35.030579,2424400
2011-03-18,50.400002,50.470001,49.880001,50.119999,35.462189,1355600
2011-03-21,51.130001,51.380001,50.869999,51.360001,36.339546,1543700
2011-03-22,51.330002,51.360001,50.930000,50.970001,36.063599,916400
2011-03-23,50.799999,51.189999,50.619999,51.040001,36.113144,1221000
2011-03-24,51.490002,51.889999,51.279999,51.860001,36.693321,819400
2011-03-25,51.590000,51.799999,51.320000,51.320000,36.311237,863100
2011-03-28,51.490002,51.700001,51.320000,51.320000,36.311237,776000
2011-03-29,51.250000,51.639999,51.029999,51.630001,36.530579,1125200
2011-03-30,51.889999,52.209999,51.770000,52.160000,36.905579,615200
2011-03-31,51.919998,52.189999,51.680000,51.950001,36.756992,976800
2011-04-01,52.080002,52.660000,51.849998,52.610001,37.223980,623700
2011-04-04,52.930000,53.000000,52.590000,52.830002,37.379635,539600
2011-04-05,52.520000,53.049999,52.470001,52.910000,37.436237,593700
2011-04-06,53.250000,53.630001,53.240002,53.619999,37.938591,578800
2011-04-07,53.389999,53.630001,53.080002,53.349998,37.747559,989100
2011-04-08,53.889999,53.959999,53.540001,53.810001,38.073036,771400
2011-04-11,53.849998,54.000000,53.590000,53.680000,37.981045,687200
2011-04-12,53.459999,53.459999,52.880001,53.029999,37.521137,878800
2011-04-13,53.599998,53.689999,53.029999,53.270000,37.690945,931400
2011-04-14,52.980000,53.529999,52.790001,53.490002,37.846615,807100
2011-04-15,53.180000,53.439999,52.950001,53.180000,37.627277,1445500
2011-04-18,51.950001,52.090000,51.230000,51.849998,36.686245,1231200
2011-04-19,52.160000,52.549999,52.080002,52.500000,37.146156,1553400
2011-04-20,53.759998,54.020000,53.720001,54.020000,38.221615,1053200
2011-04-21,54.480000,54.509998,54.189999,54.340000,38.448025,1366000
2011-04-25,54.509998,54.619999,54.259998,54.480000,38.547089,2318200
2011-04-26,54.689999,55.000000,54.570000,54.970001,38.893787,2100000
2011-04-27,55.290001,55.990002,54.970001,55.959999,39.594254,1258800
2011-04-28,55.720001,56.139999,55.720001,56.090000,39.686234,1056600
2011-04-29,56.240002,56.450001,56.160000,56.270000,39.813599,1579000
2011-05-02,56.560001,56.689999,56.139999,56.189999,39.756992,1328300
2011-05-03,55.849998,56.209999,55.529999,55.730000,39.431522,1501900
2011-05-04,55.930000,55.970001,55.139999,55.259998,39.098965,2361000
2011-05-05,54.439999,54.590000,53.660000,53.849998,38.101337,2000000
2011-05-06,54.450001,54.730000,53.299999,53.599998,37.924435,1877300
2011-05-09,53.610001,54.049999,53.330002,54.020000,38.221615,1254800
2011-05-10,54.240002,54.680000,54.110001,54.660000,38.674438,1024200
2011-05-11,54.470001,54.480000,53.369999,53.689999,37.988113,2135100
2011-05-12,53.470001,54.139999,53.130001,53.959999,38.179157,1800000
2011-05-13,53.740002,53.830002,52.650002,52.980000,37.485767,1587300
2011-05-16,52.930000,53.580002,52.810001,52.959999,37.471607,868200
2011-05-17,52.770000,53.099998,52.439999,53.040001,37.528214,1833500
2011-05-18,52.950001,53.560001,52.810001,53.450001,37.818314,738900
2011-05-19,53.730000,54.029999,53.389999,54.020000,38.221615,746500
2011-05-20,53.660000,53.689999,52.950001,53.080002,37.556515,1044800
2011-05-23,51.820000,52.040001,51.549999,51.810001,36.657936,1200000
2011-05-24,52.259998,52.410000,51.880001,52.080002,36.848972,864700
2011-05-25,51.930000,52.700001,51.930000,52.549999,37.181519,865200
2011-05-26,52.759998,53.119999,52.290001,53.000000,37.499916,916200
2011-05-27,53.320000,53.639999,53.240002,53.509998,37.860764,710200
2011-05-31,54.529999,54.680000,54.130001,54.669998,38.681522,912700
2011-06-01,54.380001,54.419998,53.139999,53.250000,37.676811,1494500
2011-06-02,53.509998,53.669998,52.980000,53.610001,37.931522,976800
2011-06-03,53.099998,54.070000,53.009998,53.770000,38.044727,904000
2011-06-06,53.680000,53.720001,52.919998,52.919998,37.443314,1100300
2011-06-07,53.740002,53.919998,53.439999,53.439999,37.811237,1000400
2011-06-08,53.009998,53.130001,52.430000,52.509998,37.153217,1674300
2011-06-09,52.689999,53.320000,52.560001,53.200001,37.641415,901900
2011-06-10,52.610001,52.619999,51.500000,51.630001,36.530579,1420800
2011-06-13,52.000000,52.189999,51.490002,51.880001,36.707458,992200
2011-06-14,52.580002,52.939999,52.549999,52.730000,37.308876,644100
2011-06-15,51.570000,51.709999,50.599998,50.720001,35.886723,1744600
2011-06-16,50.459999,50.869999,50.160000,50.570000,35.780579,2146100
2011-06-17,51.500000,51.599998,51.189999,51.389999,36.360767,1318100
2011-06-20,50.919998,51.400002,50.919998,51.209999,36.233410,1058600
2011-06-21,51.750000,52.490002,51.700001,52.459999,37.117840,1902300
2011-06-22,51.980000,52.299999,51.680000,51.740002,36.608410,2041500
2011-06-23,50.560001,51.150002,50.209999,51.070000,36.134346,2464400
2011-06-24,50.919998,50.950001,50.220001,50.299999,35.589546,1016400
2011-06-27,50.310001,51.119999,50.270000,51.009998,36.091900,886700
2011-06-28,51.230000,51.689999,51.099998,51.650002,36.544731,1335200
2011-06-29,52.220001,52.700001,51.900002,52.650002,37.252277,1200400
2011-06-30,52.820000,53.580002,52.730000,53.529999,37.874908,1089000
2011-07-01,53.380001,54.139999,53.209999,54.070000,38.256989,2110200
2011-07-05,53.910000,54.060001,53.560001,53.680000,37.981045,1509100
2011-07-06,53.029999,53.250000,52.750000,53.119999,37.584820,1133200
2011-07-07,53.509998,53.750000,53.400002,53.630001,37.945675,1040900
2011-07-08,53.009998,53.169998,52.500000,52.740002,37.315945,1747100
2011-07-11,51.220001,51.439999,50.730000,50.799999,35.943333,3414400
2011-07-12,50.389999,50.950001,50.189999,50.310001,35.596603,3843300
2011-07-13,50.770000,51.630001,50.680000,51.119999,36.169731,3113700
2011-07-14,51.400002,51.540001,50.490002,50.669998,35.851337,2373800
2011-07-15,50.880001,51.130001,50.540001,50.790001,35.936241,4069000
2011-07-18,50.029999,50.130001,49.240002,49.770000,35.214554,4396400
2011-07-19,50.209999,50.700001,50.209999,50.619999,35.815960,2400200
2011-07-20,51.130001,51.320000,50.770000,51.310001,36.304165,1820200
2011-07-21,52.040001,52.740002,51.880001,52.680000,37.273499,2600600
2011-07-22,52.639999,52.730000,52.209999,52.680000,37.273499,2152400
2011-07-25,52.459999,52.599998,52.259998,52.330002,37.025860,1067400
2011-07-26,52.630001,52.919998,52.400002,52.759998,37.330097,1524800
2011-07-27,52.290001,52.310001,51.180000,51.200001,36.226337,1879100
2011-07-28,51.060001,51.610001,51.009998,51.040001,36.113144,1227300
2011-07-29,50.910000,51.730000,50.759998,51.070000,36.134346,3309200
2011-08-01,51.590000,51.630001,49.720001,50.180000,35.504623,1792500
2011-08-02,49.439999,49.990002,48.619999,48.619999,34.400867,2667400
2011-08-03,49.230000,49.320000,48.180000,49.070000,34.719261,2948500
2011-08-04,47.509998,47.619999,45.330002,45.349998,32.087193,3528500
2011-08-05,46.779999,47.040001,44.639999,46.700001,33.042381,7650800
2011-08-08,44.549999,45.209999,42.450001,42.450001,30.035309,5361100
2011-08-09,44.459999,46.040001,43.119999,46.009998,32.554157,8127600
2011-08-10,44.490002,44.490002,42.549999,42.549999,30.106058,5801000
2011-08-11,42.709999,45.189999,42.570000,44.910000,31.775864,5847800
2011-08-12,45.730000,46.130001,44.970001,45.720001,32.348980,2057200
2011-08-15,46.250000,46.950001,46.250000,46.840000,33.141441,1892600
2011-08-16,45.950001,46.779999,45.549999,45.939999,32.504639,1984200
2011-08-17,46.430000,46.939999,45.959999,46.200001,32.688614,1780600
2011-08-18,44.500000,44.549999,43.369999,43.730000,30.940962,2789600
2011-08-19,43.099998,44.290001,42.820000,42.880001,30.339550,2675700
2011-08-22,44.610001,44.669998,43.369999,43.509998,30.785301,1805600
2011-08-23,44.009998,45.040001,43.630001,45.000000,31.839552,2651000
2011-08-24,44.779999,45.509998,44.549999,45.189999,31.973984,1267900
2011-08-25,44.980000,45.139999,43.680000,43.820000,31.004652,2269800
2011-08-26,43.470001,44.540001,42.950001,44.380001,31.400879,2534900
2011-08-29,45.139999,45.759998,45.080002,45.740002,32.363144,2808400
2011-08-30,45.110001,45.580002,44.689999,45.360001,32.094280,1414000
2011-08-31,46.139999,46.619999,46.060001,46.330002,32.780582,2153900
2011-09-01,46.110001,46.639999,45.650002,45.669998,32.313614,1463100
2011-09-02,44.799999,45.180000,44.500000,44.549999,31.521156,2964000
2011-09-06,42.169998,42.700001,41.910000,42.590000,30.134361,4685600
2011-09-07,43.200001,44.040001,43.049999,43.950001,31.096634,2013600
2011-09-08,43.250000,43.910000,42.939999,42.990002,30.417389,2493500
2011-09-09,42.060001,42.259998,41.060001,41.230000,29.172106,3636100
2011-09-12,40.220001,41.049999,39.820000,41.020000,29.023527,3119400
2011-09-13,40.889999,41.500000,40.680000,41.320000,29.235779,1905200
2011-09-14,41.700001,42.590000,40.889999,42.310001,29.936253,4249900
2011-09-15,43.169998,43.430000,42.790001,43.400002,30.707481,2079300
2011-09-16,43.419998,43.520000,42.779999,43.169998,30.544743,1250000
2011-09-19,41.580002,42.200001,41.290001,41.799999,29.575403,2503600
2011-09-20,42.049999,42.610001,41.720001,42.240002,29.886732,2715800
2011-09-21,42.139999,42.310001,40.730000,40.790001,28.860792,3092600
2011-09-22,39.320000,39.570000,38.779999,39.250000,27.771158,4267100
2011-09-23,38.840000,40.349998,38.779999,40.349998,28.549458,3149600
2011-09-26,40.340000,41.070000,39.590000,41.070000,29.058901,2606200
2011-09-27,42.299999,42.939999,41.919998,42.169998,29.837196,2332700
2011-09-28,42.360001,42.630001,41.230000,41.259998,29.193331,2000900
2011-09-29,42.619999,42.820000,41.610001,42.349998,29.964565,2978300
2011-09-30,41.160000,41.590000,40.630001,40.660000,28.768808,3250600
2011-10-03,40.160000,40.810001,39.380001,39.430000,27.898518,2814300
2011-10-04,38.910000,40.290001,38.400002,40.220001,28.457485,3376500
2011-10-05,40.320000,41.110001,39.950001,41.099998,29.080124,2186100
2011-10-06,41.029999,42.450001,40.799999,42.400002,29.999931,2450600
2011-10-07,42.660000,42.810001,41.840000,41.860001,29.617863,2519000
2011-10-10,43.049999,43.869999,43.049999,43.840000,31.018789,1806600
2011-10-11,43.180000,43.869999,43.060001,43.740002,30.948051,5019500
2011-10-12,44.560001,45.169998,44.450001,44.790001,31.690966,1626800
2011-10-13,44.340000,44.680000,43.860001,44.560001,31.528233,1958100
2011-10-14,45.259998,45.419998,44.840000,45.330002,32.073051,1611200
2011-10-17,44.770000,44.830002,43.759998,43.759998,30.962198,2264900
2011-10-18,43.919998,44.959999,43.270000,44.689999,31.620209,1963400
2011-10-19,44.419998,44.570000,43.650002,43.680000,30.905588,1175700
2011-10-20,43.950001,44.090000,43.160000,43.889999,31.054174,1895800
2011-10-21,44.820000,45.360001,44.720001,45.360001,32.094280,1866600
2011-10-24,45.160000,46.060001,45.090000,45.990002,32.540024,1634400
2011-10-25,45.720001,45.860001,44.970001,45.220001,31.995220,2765000
2011-10-26,46.090000,46.240002,44.860001,46.049999,32.582470,1985700
2011-10-27,48.150002,49.000000,47.720001,48.720001,34.471622,4297700
2011-10-28,48.000000,48.220001,47.799999,48.090000,34.025879,1897600
2011-10-31,46.970001,47.060001,45.660000,45.709999,32.341915,3491100
2011-11-01,43.520000,44.459999,43.279999,43.810001,30.997572,3616600
2011-11-02,44.369999,44.840000,44.139999,44.540001,31.514086,2041900
2011-11-03,45.450001,46.060001,44.660000,46.000000,32.547100,2610200
2011-11-04,45.220001,45.419998,44.630001,45.080002,31.896164,1513500
2011-11-07,44.950001,45.299999,44.549999,45.209999,31.988134,1089000
2011-11-08,45.610001,46.110001,45.150002,46.110001,32.624928,1755500
2011-11-09,43.860001,44.000000,42.970001,43.009998,30.431530,2854800
2011-11-10,44.040001,44.160000,43.240002,43.820000,31.004652,2126000
2011-11-11,44.650002,45.139999,44.570000,45.099998,31.910311,2884300
2011-11-14,44.410000,44.490002,43.810001,43.869999,31.040024,1870100
2011-11-15,43.750000,44.119999,43.480000,43.869999,31.040024,1880700
2011-11-16,43.439999,43.860001,42.950001,42.950001,30.389078,1877200
2011-11-17,43.189999,43.340000,42.259998,42.439999,30.028231,4989300
2011-11-18,42.970001,43.029999,42.470001,42.639999,30.169741,5277800
2011-11-21,41.689999,41.720001,41.150002,41.450001,29.327759,2588600
2011-11-22,41.270000,41.500000,40.939999,41.160000,29.122585,1831600
2011-11-23,40.650002,40.740002,39.880001,39.900002,28.231066,4682700
2011-11-25,39.820000,40.380001,39.669998,39.700001,28.089556,1408400
2011-11-28,41.700001,41.880001,41.459999,41.830002,29.596632,4177000
2011-11-29,41.869999,42.259998,41.669998,42.119999,29.801825,2881800
2011-11-30,43.900002,44.490002,43.750000,44.400002,31.415026,4339400
2011-12-01,44.150002,44.590000,43.810001,43.919998,31.075411,2117100
2011-12-02,44.520000,44.580002,43.840000,43.880001,31.047110,819800
2011-12-05,44.860001,44.910000,44.070000,44.389999,31.407953,2451200
2011-12-06,44.299999,44.720001,44.189999,44.410000,31.422096,988100
2011-12-07,43.980000,44.790001,43.730000,44.669998,31.606070,1656600
2011-12-08,43.840000,43.930000,42.840000,42.980000,30.410315,3568800
2011-12-09,43.459999,44.220001,43.400002,44.220001,31.287663,2760200
2011-12-12,43.160000,43.220001,42.400002,42.480000,30.056536,2484500
2011-12-13,42.750000,43.110001,41.639999,41.860001,29.617863,4078200
2011-12-14,41.540001,41.750000,41.099998,41.259998,29.193331,3199300
2011-12-15,41.980000,42.000000,41.450001,41.680000,29.490503,2238400
2011-12-16,41.790001,41.889999,41.160000,41.299999,29.221636,1676100
2011-12-19,41.720001,41.830002,41.070000,41.130001,29.101360,2130700
2011-12-20,42.209999,42.830002,42.180000,42.830002,30.304188,2827900
2011-12-21,40.650002,40.750000,40.270000,40.660000,30.110170,2920200
2011-12-22,40.740002,41.150002,40.650002,41.150002,30.473019,1489700
2011-12-23,41.220001,41.509998,41.090000,41.509998,30.739607,1928800
2011-12-27,41.400002,41.439999,41.200001,41.240002,30.539671,1258200
2011-12-28,41.230000,41.240002,40.470001,40.480000,29.976864,1982000
2011-12-29,40.599998,41.299999,40.549999,41.299999,30.584101,2759900
2011-12-30,41.240002,41.500000,41.180000,41.430000,30.680380,1116800
2012-01-03,42.320000,42.860001,42.320000,42.810001,31.702312,2421600
2012-01-04,42.340000,42.439999,42.000000,42.290001,31.317228,2004200
2012-01-05,41.549999,41.650002,41.279999,41.520000,30.747015,2231900
2012-01-06,41.389999,41.419998,40.880001,40.950001,30.324924,2884100
2012-01-09,41.240002,41.259998,40.869999,41.259998,30.554476,1417600
2012-01-10,41.880001,41.959999,41.740002,41.889999,31.021013,1779800
2012-01-11,41.419998,41.599998,41.209999,41.549999,30.769239,1196100
2012-01-12,41.860001,41.980000,41.490002,41.959999,31.072853,1321100
2012-01-13,41.209999,41.279999,40.669998,41.130001,30.458216,2808700
2012-01-17,41.840000,42.080002,41.740002,41.900002,31.028429,1933800
2012-01-18,42.189999,42.799999,42.110001,42.799999,31.694902,1807100
2012-01-19,43.049999,43.439999,42.830002,43.419998,32.154034,1402800
2012-01-20,43.240002,43.470001,43.150002,43.470001,32.191063,1014100
2012-01-23,43.590000,43.880001,43.480000,43.779999,32.420624,3793300
2012-01-24,43.209999,43.599998,43.060001,43.509998,32.220680,1401100
2012-01-25,43.150002,44.029999,42.910000,43.939999,32.539104,1485900
2012-01-26,44.380001,44.439999,43.959999,44.070000,32.635384,1267500
2012-01-27,43.880001,44.180000,43.779999,44.110001,32.665009,951100
2012-01-30,43.240002,43.520000,43.119999,43.410000,32.146626,1806900
2012-01-31,43.970001,43.980000,43.400002,43.689999,32.353989,1102600
2012-02-01,44.360001,44.849998,44.360001,44.599998,33.027870,1985800
2012-02-02,44.650002,44.849998,44.520000,44.669998,33.079704,680000
2012-02-03,44.980000,45.560001,44.910000,45.549999,33.731373,1708600
2012-02-06,45.020000,45.310001,44.919998,45.200001,33.472195,1251600
2012-02-07,45.150002,45.630001,45.000000,45.619999,33.783215,1084500
2012-02-08,45.669998,45.860001,45.410000,45.779999,33.901695,1229300
2012-02-09,46.029999,46.029999,45.580002,45.810001,33.923923,1310200
2012-02-10,44.959999,45.090000,44.759998,44.869999,33.227806,1761900
2012-02-13,45.480000,45.509998,45.200001,45.439999,33.649914,1159600
2012-02-14,45.150002,45.220001,44.669998,44.959999,33.294456,1198700
2012-02-15,45.290001,45.290001,44.770000,44.810001,33.183380,1128200
2012-02-16,44.750000,45.599998,44.650002,45.599998,33.768398,1817600
2012-02-17,45.900002,45.910000,45.560001,45.840000,33.946133,1262500
2012-02-21,46.009998,46.180000,45.730000,45.830002,33.938732,1456000
2012-02-22,45.650002,45.830002,45.470001,45.660000,33.812832,1658500
2012-02-23,45.740002,46.139999,45.459999,46.119999,34.153481,1037600
2012-02-24,46.290001,46.570000,46.250000,46.520000,34.449696,975800
2012-02-27,45.770000,46.279999,45.660000,46.130001,34.160896,902700
2012-02-28,46.150002,46.540001,46.009998,46.540001,34.464504,1041000
2012-02-29,46.680000,46.860001,46.040001,46.060001,34.109043,2058300
2012-03-01,46.360001,46.680000,46.310001,46.669998,34.560772,1174200
2012-03-02,46.290001,46.310001,45.970001,46.070000,34.116459,969400
2012-03-05,46.009998,46.060001,45.709999,45.889999,33.983162,1337500
2012-03-06,44.639999,44.680000,44.000000,44.009998,32.590950,2673900
2012-03-07,44.369999,44.709999,44.270000,44.709999,33.109322,1548100
2012-03-08,45.410000,46.009998,45.310001,45.919998,34.005363,1741600
2012-03-09,45.500000,45.730000,45.389999,45.459999,33.664726,983900
2012-03-12,45.410000,45.639999,45.209999,45.630001,33.790627,678800
2012-03-13,45.759998,46.439999,45.689999,46.439999,34.390442,2451400
2012-03-14,46.360001,46.430000,45.939999,46.029999,34.086830,1075400
2012-03-15,46.169998,46.610001,45.990002,46.549999,34.471901,983400
2012-03-16,46.880001,47.099998,46.880001,47.029999,34.827362,1158300
2012-03-19,46.889999,47.389999,46.860001,47.240002,34.982880,956100
2012-03-20,46.549999,46.830002,46.389999,46.660000,34.553364,1190100
2012-03-21,46.590000,46.630001,46.220001,46.380001,34.346024,1104600
2012-03-22,45.740002,45.990002,45.639999,45.849998,33.953533,987000
2012-03-23,45.820000,46.230000,45.580002,46.200001,34.212715,1204800
2012-03-26,46.689999,47.080002,46.639999,47.029999,34.827362,1198400
2012-03-27,46.840000,46.860001,46.430000,46.430000,34.383038,844700
2012-03-28,46.439999,46.480000,45.730000,45.939999,34.020176,1118400
2012-03-29,45.369999,45.650002,45.169998,45.590000,33.761002,835700
2012-03-30,46.049999,46.180000,45.700001,46.090000,34.131275,970800
2012-04-02,45.880001,46.950001,45.779999,46.830002,34.679260,1699400
2012-04-03,46.580002,46.590000,45.630001,45.810001,33.923923,1810000
2012-04-04,44.880001,45.009998,44.480000,44.650002,33.064899,1762900
2012-04-05,44.139999,44.540001,44.070000,44.209999,32.739056,1534300
2012-04-09,43.720001,44.189999,43.650002,43.990002,32.576130,1770800
2012-04-10,43.830002,43.990002,42.830002,42.830002,31.717125,3051400
2012-04-11,43.880001,43.970001,43.509998,43.610001,32.294743,2696000
2012-04-12,43.830002,44.610001,43.810001,44.520000,32.968620,1826200
2012-04-13,43.970001,43.980000,43.290001,43.299999,32.065170,1953500
2012-04-16,43.740002,43.900002,43.320000,43.790001,32.428036,2122600
2012-04-17,44.279999,44.779999,44.119999,44.709999,33.109322,1424200
2012-04-18,44.189999,44.599998,44.160000,44.279999,32.790894,1127000
2012-04-19,44.310001,44.549999,43.799999,44.040001,32.613167,1817500
2012-04-20,44.419998,44.759998,44.389999,44.599998,33.027870,1186400
2012-04-23,43.599998,43.700001,43.230000,43.619999,32.302139,2388600
2012-04-24,43.750000,44.200001,43.689999,44.020000,32.598347,1414900
2012-04-25,44.639999,44.830002,44.419998,44.740002,33.131550,2021800
2012-04-26,44.459999,45.040001,44.410000,44.959999,33.294456,1259000
2012-04-27,45.259998,45.349998,44.980000,45.220001,33.487000,1356000
2012-04-30,45.070000,45.070000,44.750000,44.939999,33.279652,1474700
2012-05-01,45.099998,45.520000,44.939999,45.340000,33.575859,853200
2012-05-02,44.599998,44.860001,44.349998,44.779999,33.161160,952300
2012-05-03,44.730000,44.840000,44.349998,44.419998,32.894558,821900
2012-05-04,44.119999,44.270000,43.610001,43.639999,32.316948,1412800
2012-05-07,43.680000,44.119999,43.639999,44.090000,32.650192,1103100
2012-05-08,43.520000,43.599998,42.869999,43.369999,32.117012,1617500
2012-05-09,42.349998,43.009998,42.139999,42.709999,31.628250,1967200
2012-05-10,43.200001,43.270000,42.900002,42.990002,31.835598,1078600
2012-05-11,42.480000,43.189999,42.450001,42.750000,31.657866,1583900
2012-05-14,41.950001,42.169998,41.770000,41.810001,30.961773,2159900
2012-05-15,41.520000,41.750000,41.150002,41.200001,30.510048,2706900
2012-05-16,41.380001,41.650002,40.910000,40.910000,30.295288,1859300
2012-05-17,40.750000,40.810001,40.240002,40.240002,29.799133,4445800
2012-05-18,40.520000,40.540001,40.000000,40.090000,29.688047,2236900
2012-05-21,40.490002,41.180000,40.400002,41.130001,30.458216,4695100
2012-05-22,41.209999,41.509998,40.720001,40.889999,30.280483,2661100
2012-05-23,40.470001,40.520000,39.779999,40.480000,29.976864,2532000
2012-05-24,40.480000,40.610001,39.990002,40.240002,29.799133,3281100
2012-05-25,40.060001,40.450001,40.060001,40.230000,29.791721,1030300
2012-05-29,40.700001,40.849998,40.259998,40.599998,30.065731,1997000
2012-05-30,39.930000,39.939999,39.410000,39.430000,29.199299,4043800
2012-05-31,39.619999,39.730000,39.009998,39.560001,29.295568,2794100
2012-06-01,38.790001,39.049999,38.470001,38.639999,28.614279,4631200
2012-06-04,38.990002,39.110001,38.660000,39.009998,28.888269,2382900
2012-06-05,38.830002,39.150002,38.799999,39.130001,28.977142,1554500
2012-06-06,39.520000,40.549999,39.490002,40.480000,29.976864,4087300
2012-06-07,41.130001,41.230000,40.549999,40.549999,30.028704,3356300
2012-06-08,40.070000,40.700001,39.930000,40.639999,30.095346,1271900
2012-06-11,41.080002,41.150002,40.080002,40.080002,29.680653,2871900
2012-06-12,40.500000,40.939999,40.110001,40.919998,30.302698,1742900
2012-06-13,40.509998,40.990002,40.400002,40.500000,29.991673,2692100
2012-06-14,40.529999,41.020000,40.419998,40.910000,30.295288,1612600
2012-06-15,41.130001,41.509998,41.020000,41.509998,30.739607,2152200
2012-06-18,41.150002,41.360001,40.950001,41.119999,30.450802,1186900
2012-06-19,41.689999,42.389999,41.630001,42.160000,31.220955,2959900
2012-06-20,42.340000,42.740002,42.020000,42.369999,31.376471,5782700
2012-06-21,42.330002,42.410000,41.130001,41.169998,30.487827,2421100
2012-06-22,41.680000,41.700001,41.259998,41.590000,30.798857,1376800
2012-06-25,40.750000,40.770000,40.369999,40.439999,29.947231,3268800
2012-06-26,40.590000,40.779999,40.250000,40.720001,30.154594,1652400
2012-06-27,40.730000,41.110001,40.610001,41.080002,30.421190,1615900
2012-06-28,40.520000,41.000000,40.320000,40.930000,30.310095,1785200
2012-06-29,42.490002,42.830002,42.369999,42.830002,31.717125,4322200
2012-07-02,42.860001,43.160000,42.669998,43.130001,31.939278,1897300
2012-07-03,43.070000,43.540001,43.070000,43.500000,32.213272,1197900
2012-07-05,42.650002,42.740002,42.330002,42.509998,31.480150,2545400
2012-07-06,42.139999,42.209999,41.790001,41.970001,31.080256,1956200
2012-07-09,41.820000,41.980000,41.669998,41.980000,31.087662,1290500
2012-07-10,42.230000,42.349998,41.700001,41.779999,30.939556,2687200
2012-07-11,41.910000,42.099998,41.669998,41.939999,31.058035,930800
2012-07-12,41.410000,41.630001,41.110001,41.480000,30.717384,1744500
2012-07-13,41.560001,42.259998,41.540001,42.209999,31.257978,1818800
2012-07-16,42.070000,42.369999,41.840000,42.200001,31.250582,1355300
2012-07-17,42.369999,42.500000,41.770000,42.419998,31.413496,1467700
2012-07-18,42.209999,42.759998,42.189999,42.730000,31.643072,1405600
2012-07-19,42.930000,43.220001,42.830002,43.139999,31.946688,1447600
2012-07-20,42.290001,42.349998,41.990002,41.990002,31.095060,2328400
2012-07-23,40.700001,41.099998,40.520000,40.959999,30.332312,2325500
2012-07-24,40.880001,40.880001,40.119999,40.360001,29.887993,2841100
2012-07-25,40.849998,40.939999,40.520000,40.750000,30.176802,1618800
2012-07-26,42.070000,42.389999,42.020000,42.330002,31.346849,4223200
2012-07-27,42.759998,43.529999,42.639999,43.369999,32.117012,2227300
2012-07-30,43.139999,43.459999,43.099998,43.330002,32.087391,1721700
2012-07-31,43.150002,43.340000,42.970001,42.970001,31.820793,2175900
2012-08-01,43.320000,43.430000,43.040001,43.049999,31.880041,1353200
2012-08-02,42.529999,42.860001,41.910000,42.189999,31.243179,2569800
2012-08-03,43.419998,44.189999,43.400002,44.090000,32.650192,2962900
2012-08-06,44.290001,44.570000,44.209999,44.380001,32.864956,1649400
2012-08-07,44.689999,44.919998,44.630001,44.730000,33.124134,2267500
2012-08-08,44.430000,44.790001,44.419998,44.700001,33.101933,1018500
2012-08-09,44.560001,44.849998,44.470001,44.630001,33.050079,779500
2012-08-10,44.310001,44.770000,44.189999,44.759998,33.146351,775300
2012-08-13,44.619999,44.770000,44.400002,44.549999,32.990829,812400
2012-08-14,44.770000,44.830002,44.590000,44.709999,33.109322,887500
2012-08-15,44.610001,44.790001,44.590000,44.700001,33.101933,904300
2012-08-16,44.840000,45.299999,44.720001,45.200001,33.472195,1231600
2012-08-17,45.240002,45.250000,45.000000,45.240002,33.501812,932700
2012-08-20,45.040001,45.189999,44.830002,45.139999,33.427757,723600
2012-08-21,45.509998,45.820000,45.320000,45.480000,33.679531,1788200
2012-08-22,45.080002,45.529999,45.049999,45.439999,33.649914,736300
2012-08-23,45.169998,45.349998,44.990002,45.090000,33.390736,1378800
2012-08-24,44.770000,45.310001,44.689999,45.020000,33.338882,710000
2012-08-27,45.259998,45.400002,45.160000,45.180000,33.457386,719900
2012-08-28,45.080002,45.250000,44.959999,45.139999,33.427757,576000
2012-08-29,45.060001,45.139999,44.950001,44.950001,33.287052,3575300
2012-08-30,44.910000,44.910000,44.389999,44.450001,32.916786,1591300
2012-08-31,45.169998,45.290001,44.759998,44.980000,33.309269,1909600
2012-09-04,45.099998,45.099998,44.720001,44.849998,33.213009,2774800
2012-09-05,44.990002,45.099998,44.790001,44.880001,33.235218,1015600
2012-09-06,45.310001,46.290001,45.310001,46.240002,34.242344,4439600
2012-09-07,46.779999,46.919998,46.669998,46.889999,34.723690,5352600
2012-09-10,46.639999,46.810001,46.369999,46.410000,34.368237,1961100
2012-09-11,46.610001,47.169998,46.599998,47.090000,34.871803,3185600
2012-09-12,47.389999,47.400002,47.040001,47.250000,34.990273,2331300
2012-09-13,47.139999,48.160000,46.959999,48.040001,35.575306,3230600
2012-09-14,48.509998,48.900002,48.380001,48.540001,35.945568,6243600
2012-09-17,48.480000,48.669998,48.200001,48.270000,35.745625,1560300
2012-09-18,47.950001,48.150002,47.860001,48.000000,35.545681,1288600
2012-09-19,48.040001,48.340000,47.860001,48.189999,35.686378,1470800
2012-09-20,47.549999,47.910000,47.369999,47.820000,35.412392,2051600
2012-09-21,48.189999,48.250000,47.980000,48.009998,35.553093,1671400
2012-09-24,46.480000,46.799999,46.410000,46.720001,35.392487,2433700
2012-09-25,46.790001,47.029999,46.279999,46.299999,35.074314,1626100
2012-09-26,45.869999,45.919998,45.570000,45.639999,34.574345,2825200
2012-09-27,45.910000,46.380001,45.689999,46.259998,35.044006,1809800
2012-09-28,45.770000,45.810001,45.200001,45.259998,34.286476,2824300
2012-10-01,45.880001,46.259998,45.630001,45.770000,34.672821,3318400
2012-10-02,46.349998,46.419998,45.900002,46.080002,34.907661,1218100
2012-10-03,46.000000,46.099998,45.790001,45.849998,34.733418,1045200
2012-10-04,46.209999,46.509998,46.049999,46.509998,35.233414,1677700
2012-10-05,46.900002,47.080002,46.500000,46.610001,35.309155,1478600
2012-10-08,46.230000,46.330002,46.110001,46.250000,35.036449,2901200
2012-10-09,45.950001,46.029999,45.430000,45.430000,34.415249,1843400
2012-10-10,45.560001,45.669998,45.270000,45.419998,34.407684,1141900
2012-10-11,46.020000,46.150002,45.779999,45.790001,34.687965,1135500
2012-10-12,45.959999,46.139999,45.669998,45.750000,34.657673,1565300
2012-10-15,46.070000,46.270000,45.799999,46.240002,35.028866,1338800
2012-10-16,46.790001,47.110001,46.740002,47.080002,35.665207,1640800
2012-10-17,47.299999,47.560001,47.200001,47.509998,35.990952,1151300
2012-10-18,47.290001,47.580002,47.130001,47.200001,35.756119,2421100
2012-10-19,47.099998,47.099998,46.549999,46.590000,35.294006,1258800
2012-10-22,46.860001,46.959999,46.540001,46.889999,35.521278,1050100
2012-10-23,45.810001,45.840000,45.480000,45.700001,34.619793,2289000
2012-10-24,45.959999,46.029999,45.689999,45.689999,34.612213,665400
2012-10-25,46.259998,46.330002,45.779999,45.970001,34.824333,827700
2012-10-26,45.939999,46.139999,45.799999,46.000000,34.847065,2811900
2012-10-31,46.430000,46.430000,45.869999,46.060001,34.892509,1414100
2012-11-01,46.400002,46.680000,46.330002,46.560001,35.271282,1445900
2012-11-02,46.540001,46.540001,46.070000,46.070000,34.900085,1461900
2012-11-05,45.900002,46.000000,45.770000,45.889999,34.763729,1402900
2012-11-06,46.110001,46.480000,46.080002,46.400002,35.150078,992100
2012-11-07,45.810001,45.810001,45.369999,45.599998,34.544052,1741100
2012-11-08,45.410000,45.610001,45.099998,45.110001,34.172844,3079000
2012-11-09,44.849998,45.310001,44.810001,45.040001,34.119820,2281700
2012-11-12,45.180000,45.259998,45.040001,45.130001,34.188000,1243700
2012-11-13,44.689999,45.290001,44.619999,44.900002,34.013752,1180800
2012-11-14,45.189999,45.209999,44.410000,44.500000,33.710739,1700200
2012-11-15,44.720001,44.830002,44.349998,44.480000,33.695599,937500
2012-11-16,44.369999,44.380001,43.840000,44.200001,33.483471,2986300
2012-11-19,44.810001,45.310001,44.779999,45.310001,34.324352,1920200
2012-11-20,45.220001,45.509998,45.080002,45.470001,34.445560,1158300
2012-11-21,45.529999,45.650002,45.480000,45.599998,34.544052,1532600
2012-11-23,46.439999,46.740002,46.380001,46.740002,35.407658,1285600
2012-11-26,46.410000,46.570000,46.310001,46.560001,35.271282,1352600
2012-11-27,46.410000,46.570000,46.259998,46.299999,35.074314,1111000
2012-11-28,46.080002,46.759998,45.939999,46.730000,35.400063,2403000
2012-11-29,47.099998,47.270000,46.869999,47.180000,35.740959,3147000
2012-11-30,47.279999,47.439999,47.130001,47.200001,35.756119,1581700
2012-12-03,47.599998,47.660000,47.330002,47.380001,35.892471,9623400
2012-12-04,47.580002,47.669998,47.459999,47.619999,36.074268,2467900
2012-12-05,47.590000,47.910000,47.439999,47.730000,36.157604,3911200
2012-12-06,47.810001,47.810001,47.490002,47.700001,36.134880,1071600
2012-12-07,47.509998,47.580002,47.290001,47.520000,35.998520,2469000
2012-12-10,47.470001,47.680000,47.430000,47.650002,36.097012,1961100
2012-12-11,47.869999,48.060001,47.869999,47.990002,36.354572,1553600
2012-12-12,48.169998,48.490002,48.080002,48.189999,36.506077,1762900
2012-12-13,48.130001,48.279999,47.950001,48.029999,36.384872,1341700
2012-12-14,48.110001,48.470001,48.040001,48.320000,36.604561,1134200
2012-12-17,48.209999,48.490002,48.189999,48.490002,36.733341,2537300
2012-12-18,48.540001,49.000000,48.540001,48.990002,37.112122,3910600
2012-12-19,49.330002,49.380001,49.009998,49.060001,37.165146,2361700
2012-12-20,48.810001,48.880001,48.599998,48.880001,37.326279,2161600
2012-12-21,48.240002,48.480000,48.180000,48.439999,36.990265,1646600
2012-12-24,48.590000,48.599998,48.299999,48.310001,36.891003,1536100
2012-12-26,48.560001,48.599998,48.180000,48.360001,36.929184,952100
2012-12-27,48.759998,48.759998,48.270000,48.540001,37.066639,2862800
2012-12-28,48.169998,48.279999,47.900002,47.900002,36.577915,3636800
2012-12-31,48.240002,48.869999,48.119999,48.840000,37.295727,2526900
2013-01-02,49.490002,49.560001,49.060001,49.430000,37.746265,3894700
2013-01-03,48.990002,49.150002,48.799999,48.849998,37.303368,2685000
2013-01-04,48.840000,49.330002,48.810001,49.259998,37.616444,2106400
2013-01-07,48.900002,49.130001,48.820000,49.060001,37.463726,2824400
2013-01-08,48.990002,49.070000,48.759998,48.900002,37.341557,1543600
2013-01-09,48.930000,49.130001,48.919998,49.049999,37.456085,1802300
2013-01-10,49.639999,49.860001,49.450001,49.840000,38.059357,3088800
2013-01-11,50.000000,50.090000,49.759998,50.049999,38.219715,1049100
2013-01-14,49.919998,50.009998,49.750000,50.009998,38.189175,1225500
2013-01-15,49.590000,49.910000,49.549999,49.830002,38.051723,2571100
2013-01-16,49.509998,49.750000,49.480000,49.599998,37.876091,1583700
2013-01-17,50.070000,50.279999,49.980000,50.130001,38.280823,1782300
2013-01-18,50.070000,50.119999,49.779999,50.020000,38.196815,1929600
2013-01-22,49.990002,50.130001,49.820000,50.130001,38.280823,1686100
2013-01-23,50.060001,50.189999,49.910000,50.150002,38.296085,2540700
2013-01-24,50.250000,50.509998,50.200001,50.439999,38.517529,2158900
2013-01-25,50.919998,51.119999,50.770000,51.119999,39.036804,1809600
2013-01-28,51.040001,51.049999,50.830002,50.919998,38.884083,1800900
2013-01-29,50.930000,51.240002,50.900002,51.209999,39.105530,1560800
2013-01-30,51.150002,51.330002,51.080002,51.189999,39.090256,1143700
2013-01-31,51.029999,51.220001,50.830002,50.930000,38.891727,1248200
2013-02-01,51.349998,51.590000,51.200001,51.459999,39.296440,2768300
2013-02-04,50.590000,50.700001,49.959999,50.049999,38.219715,2953800
2013-02-05,50.400002,50.610001,50.310001,50.459999,38.532822,1370600
2013-02-06,49.980000,50.270000,49.939999,50.250000,38.372440,1833200
2013-02-07,50.130001,50.189999,49.439999,49.689999,37.944794,2717700
2013-02-08,49.959999,50.160000,49.919998,50.070000,38.234993,2669200
2013-02-11,49.990002,49.990002,49.639999,49.779999,38.013531,2773600
2013-02-12,50.000000,50.400002,49.930000,50.270000,38.387722,1113700
2013-02-13,50.590000,50.770000,50.380001,50.520000,38.578621,852100
2013-02-14,49.950001,50.160000,49.869999,50.099998,38.257904,1033900
2013-02-15,50.189999,50.259998,49.790001,49.950001,38.143360,1221600
2013-02-19,50.369999,50.560001,50.330002,50.560001,38.609173,1483000
2013-02-20,50.580002,50.610001,49.869999,49.869999,38.082268,3396500
2013-02-21,49.209999,49.270000,48.900002,49.110001,37.501907,2441800
2013-02-22,49.490002,49.849998,49.310001,49.840000,38.059357,1400800
2013-02-25,50.169998,50.279999,48.259998,48.259998,36.852810,2727500
2013-02-26,48.830002,49.049999,48.410000,48.730000,37.211723,4097300
2013-02-27,48.669998,49.540001,48.669998,49.459999,37.769176,2253800
2013-02-28,49.360001,49.650002,49.200001,49.200001,37.570625,2177700
2013-03-01,48.740002,49.180000,48.529999,49.070000,37.471352,1471200
2013-03-04,48.900002,49.360001,48.820000,49.360001,37.692822,2687700
2013-03-05,49.900002,50.060001,49.860001,49.939999,38.135731,2821900
2013-03-06,50.130001,50.130001,49.680000,49.840000,38.059357,1692600
2013-03-07,50.119999,50.279999,50.099998,50.230000,38.357170,1425800
2013-03-08,50.250000,50.270000,49.880001,50.200001,38.334259,2411800
2013-03-11,50.049999,50.380001,50.000000,50.369999,38.464081,1662300
2013-03-12,50.439999,50.529999,50.130001,50.220001,38.349545,1861800
2013-03-13,50.060001,50.220001,49.790001,50.049999,38.219715,1272700
2013-03-14,50.310001,50.799999,50.279999,50.779999,38.777164,2708100
2013-03-15,50.810001,50.889999,50.599998,50.730000,38.738991,1253200
2013-03-18,49.970001,50.470001,49.900002,49.990002,38.173908,4131100
2013-03-19,50.200001,50.299999,49.439999,49.770000,38.005901,6975700
2013-03-20,50.259998,50.330002,50.049999,50.180000,38.318989,2179700
2013-03-21,49.580002,49.889999,49.419998,49.520000,37.814995,3669300
2013-03-22,49.619999,49.930000,49.570000,49.799999,38.212467,3331000
2013-03-25,49.740002,49.840000,48.830002,49.000000,37.598618,7225500
2013-03-26,49.119999,49.330002,48.959999,49.240002,37.782764,2042000
2013-03-27,48.430000,48.770000,48.299999,48.680000,37.353077,2401400
2013-03-28,49.020000,49.279999,48.930000,49.130001,37.698372,3441300
2013-04-01,49.040001,49.209999,48.750000,48.849998,37.483517,1836400
2013-04-02,49.439999,49.770000,49.400002,49.480000,37.966930,1586700
2013-04-03,49.630001,49.740002,49.180000,49.189999,37.744408,1890300
2013-04-04,48.860001,49.230000,48.740002,49.160000,37.721390,1673800
2013-04-05,48.400002,48.880001,48.320000,48.860001,37.491196,1840400
2013-04-08,48.889999,48.959999,48.700001,48.959999,37.567924,1285600
2013-04-09,49.029999,49.360001,48.810001,49.189999,37.744408,3074700
2013-04-10,49.680000,50.090000,49.650002,50.020000,38.381279,1996600
2013-04-11,50.299999,50.590000,50.180000,50.299999,38.596123,2161500
2013-04-12,50.009998,50.160000,49.779999,50.150002,38.481033,1218200
2013-04-15,49.610001,49.689999,49.000000,49.000000,37.598618,2831000
2013-04-16,49.740002,49.830002,49.369999,49.790001,38.204784,1472200
2013-04-17,49.000000,49.000000,48.099998,48.330002,37.084511,2696800
2013-04-18,48.560001,48.570000,48.110001,48.340000,37.092190,1932700
2013-04-19,48.680000,48.849998,48.540001,48.680000,37.353077,1122700
2013-04-22,48.810001,49.000000,48.430000,48.919998,37.537224,2872500
2013-04-23,49.459999,49.790001,49.459999,49.790001,38.204784,2979300
2013-04-24,49.930000,50.290001,49.930000,50.290001,38.588455,1458700
2013-04-25,50.470001,50.669998,50.369999,50.430000,38.695877,1225400
2013-04-26,50.439999,50.630001,50.360001,50.580002,38.810978,876800
2013-04-29,50.900002,51.389999,50.880001,51.340000,39.394123,1354500
2013-04-30,51.220001,51.369999,51.090000,51.360001,39.409485,1297700
2013-05-01,51.349998,51.540001,50.950001,51.029999,39.156269,1176000
2013-05-02,50.910000,51.310001,50.840000,51.290001,39.355774,1662800
2013-05-03,51.750000,52.060001,51.730000,51.919998,39.839188,1574600
2013-05-06,51.810001,51.889999,51.599998,51.860001,39.793152,1523200
2013-05-07,52.150002,52.209999,51.840000,52.020000,39.915909,2115800
2013-05-08,52.430000,52.759998,52.430000,52.689999,40.430016,1892600
2013-05-09,52.430000,52.509998,51.939999,52.119999,39.992641,1370000
2013-05-10,52.180000,52.340000,51.919998,52.330002,40.153790,897500
2013-05-13,52.110001,52.139999,51.919998,52.049999,39.938934,998200
2013-05-14,52.049999,52.320000,52.040001,52.209999,40.061703,1309700
2013-05-15,52.029999,52.400002,52.000000,52.360001,40.176807,1683000
2013-05-16,52.259998,52.520000,52.049999,52.130001,40.000324,3154600
2013-05-17,52.160000,52.520000,52.070000,52.509998,40.291904,1291700
2013-05-20,52.380001,52.779999,52.330002,52.669998,40.414669,1652600
2013-05-21,52.450001,52.950001,52.330002,52.820000,40.529766,1487500
2013-05-22,52.810001,53.320000,52.150002,52.330002,40.153790,2049800
2013-05-23,51.700001,52.150002,51.540001,52.049999,39.938934,2291200
2013-05-24,51.779999,52.029999,51.610001,52.000000,39.900566,1467300
2013-05-28,52.740002,52.790001,52.180000,52.299999,40.130756,1422500
2013-05-29,51.959999,52.060001,51.730000,51.950001,39.862198,1206300
2013-05-30,52.119999,52.520000,52.119999,52.380001,40.192150,1375000
2013-05-31,51.840000,51.950001,51.349998,51.369999,39.417156,2565500
2013-06-03,51.540001,51.889999,51.279999,51.880001,39.808491,2118900
2013-06-04,51.810001,51.959999,51.389999,51.630001,39.616665,1578900
2013-06-05,51.400002,51.419998,50.889999,50.889999,39.048840,1773300
2013-06-06,51.060001,51.310001,50.759998,51.310001,39.371128,3161900
2013-06-07,51.299999,51.790001,51.099998,51.680000,39.655025,1799500
2013-06-10,51.639999,51.740002,51.410000,51.660000,39.639679,1763500
2013-06-11,50.950001,51.330002,50.790001,51.110001,39.217659,2642600
2013-06-12,51.630001,51.680000,51.029999,51.099998,39.209976,1488900
2013-06-13,51.049999,51.720001,50.950001,51.700001,39.670368,1313200
2013-06-14,51.290001,51.639999,51.080002,51.270000,39.340420,2563700
2013-06-17,52.000000,52.099998,51.490002,51.820000,39.762459,1601100
2013-06-18,51.880001,52.099998,51.849998,52.070000,39.954292,869500
2013-06-19,51.889999,52.080002,50.980000,50.980000,39.117897,2040800
2013-06-20,50.029999,50.040001,49.310001,49.369999,37.882523,4899300
2013-06-21,49.490002,49.540001,48.540001,48.939999,37.552570,2232500
2013-06-24,47.009998,47.520000,46.849998,47.250000,36.973511,3284600
2013-06-25,47.639999,47.869999,47.270000,47.770000,37.380428,2880900
2013-06-26,48.169998,48.240002,47.930000,48.110001,37.646477,1606400
2013-06-27,48.349998,48.680000,48.299999,48.450001,37.912529,2074600
2013-06-28,48.270000,48.439999,48.029999,48.130001,37.662125,2276700
2013-07-01,48.720001,48.919998,48.610001,48.720001,38.123810,2720300
2013-07-02,48.400002,48.650002,48.060001,48.220001,37.732544,1987400
2013-07-03,47.860001,48.360001,47.790001,48.270000,37.771667,1332700
2013-07-05,48.410000,48.540001,48.029999,48.389999,37.865582,1723000
2013-07-08,48.869999,49.040001,48.680000,48.950001,38.303780,2260000
2013-07-09,49.099998,49.209999,48.759998,49.049999,38.382023,2242100
2013-07-10,48.970001,49.680000,48.939999,49.389999,38.648090,2148100
2013-07-11,50.299999,50.750000,50.029999,50.709999,39.680996,2239400
2013-07-12,50.290001,50.349998,50.099998,50.250000,39.321041,1515100
2013-07-15,50.470001,50.580002,50.330002,50.549999,39.555790,1126200
2013-07-16,50.480000,50.590000,50.349998,50.580002,39.579269,954900
2013-07-17,50.919998,50.919998,50.509998,50.630001,39.618389,1091300
2013-07-18,50.830002,51.110001,50.790001,51.049999,39.947056,1250400
2013-07-19,50.980000,51.270000,50.889999,51.230000,40.087898,1265300
2013-07-22,51.400002,51.560001,51.310001,51.480000,40.283531,2378000
2013-07-23,51.599998,51.680000,51.400002,51.560001,40.346127,2580900
2013-07-24,51.889999,51.900002,51.450001,51.689999,40.447857,2638400
2013-07-25,51.349998,52.020000,51.349998,52.009998,40.698257,4696900
2013-07-26,51.599998,51.860001,51.389999,51.820000,40.549587,6248000
2013-07-29,51.560001,51.680000,51.400002,51.639999,40.408726,3028700
2013-07-30,51.750000,51.759998,51.330002,51.480000,40.283531,2192500
2013-07-31,51.470001,52.180000,51.470001,51.799999,40.533936,6672800
2013-08-01,52.180000,52.380001,52.029999,52.310001,40.933002,5404800
2013-08-02,52.250000,52.590000,52.220001,52.560001,41.128643,3353000
2013-08-05,52.369999,52.490002,52.209999,52.480000,41.066036,3312500
2013-08-06,52.619999,52.660000,52.180000,52.320000,40.940834,2191800
2013-08-07,52.360001,52.509998,52.299999,52.400002,41.003437,2829300
2013-08-08,52.820000,53.099998,52.720001,52.959999,41.441631,4707100
2013-08-09,53.000000,53.200001,52.930000,53.090000,41.543381,3506000
2013-08-12,52.730000,52.939999,52.730000,52.820000,41.332085,3112900
2013-08-13,52.939999,53.230000,52.689999,53.150002,41.590317,3724000
2013-08-14,53.220001,53.330002,53.160000,53.220001,41.645084,3712700
2013-08-15,52.529999,52.980000,52.180000,52.950001,41.433823,3973100
2013-08-16,53.040001,53.180000,52.939999,53.090000,41.543381,3401300
2013-08-19,52.950001,52.980000,52.619999,52.619999,41.175591,3006300
2013-08-20,52.639999,52.919998,52.540001,52.779999,41.300789,2907500
2013-08-21,52.500000,52.700001,52.070000,52.240002,40.878242,3968300
2013-08-22,52.669998,52.910000,52.660000,52.900002,41.394699,3869900
2013-08-23,53.000000,53.189999,52.860001,53.169998,41.605972,2205000
2013-08-26,52.980000,53.060001,52.840000,52.910000,41.402519,3085500
2013-08-27,52.099998,52.320000,51.779999,51.779999,40.518288,3801000
2013-08-28,51.419998,51.820000,51.380001,51.720001,40.471325,2556700
2013-08-29,51.450001,51.759998,51.430000,51.570000,40.353939,3527800
2013-08-30,51.380001,51.380001,50.970001,51.040001,39.939220,3239400
2013-09-03,51.970001,52.000000,51.509998,51.779999,40.518288,3923700
2013-09-04,51.480000,52.139999,51.430000,52.070000,40.745216,2735600
2013-09-05,51.939999,52.130001,51.849998,52.040001,40.721725,2102700
2013-09-06,52.369999,52.500000,51.980000,52.380001,40.987785,4041300
2013-09-09,52.560001,52.990002,52.560001,52.910000,41.402519,2966300
2013-09-10,53.419998,53.610001,53.360001,53.570000,41.918968,5098000
2013-09-11,53.599998,53.970001,53.560001,53.950001,42.216324,2803900
2013-09-12,53.730000,53.950001,53.669998,53.709999,42.028519,4965400
2013-09-13,53.770000,53.980000,53.560001,53.959999,42.224148,9123000
2013-09-16,54.599998,54.630001,54.290001,54.360001,42.537163,3304600
2013-09-17,54.279999,54.389999,54.189999,54.389999,42.560623,1831000
2013-09-18,54.380001,55.810001,54.169998,55.759998,43.632664,5745900
2013-09-19,55.799999,55.799999,55.380001,55.490002,43.421383,6182800
2013-09-20,55.410000,55.410000,55.130001,55.130001,43.139679,6603200
2013-09-23,54.980000,55.009998,54.570000,54.849998,43.079990,4473600
2013-09-24,54.759998,54.959999,54.590000,54.700001,42.962181,4185500
2013-09-25,54.700001,54.959999,54.639999,54.849998,43.079990,4126300
2013-09-26,54.709999,54.970001,54.650002,54.830002,43.064278,1375400
2013-09-27,54.770000,54.930000,54.669998,54.820000,43.056431,2340900
2013-09-30,54.270000,54.599998,54.259998,54.500000,42.805096,4166100
2013-10-01,54.680000,54.970001,54.520000,54.860001,43.087841,4587400
2013-10-02,54.779999,54.910000,54.500000,54.869999,43.095699,5747700
2013-10-03,54.810001,54.830002,54.500000,54.580002,42.867924,3085200
2013-10-04,54.500000,54.730000,54.480000,54.549999,42.844368,5057700
2013-10-07,54.139999,54.500000,54.080002,54.290001,42.640156,3791300
2013-10-08,54.259998,54.299999,53.700001,53.720001,42.192474,2905700
2013-10-09,53.619999,53.730000,53.310001,53.549999,42.058956,8422600
2013-10-10,54.209999,54.759998,54.169998,54.680000,42.946468,3696300
2013-10-11,54.740002,55.000000,54.700001,54.990002,43.189957,2931400
2013-10-14,54.820000,55.200001,54.790001,55.119999,43.292057,4549400
2013-10-15,55.040001,55.110001,54.919998,54.919998,43.134968,4261400
2013-10-16,55.180000,55.380001,55.119999,55.299999,43.433430,4639200
2013-10-17,55.770000,56.259998,55.720001,56.220001,44.156013,6360400
2013-10-18,56.400002,56.590000,56.290001,56.570000,44.430908,4198300
2013-10-21,56.520000,56.720001,56.490002,56.720001,44.548714,2813500
2013-10-22,57.080002,57.490002,57.029999,57.349998,45.043522,4603200
2013-10-23,57.020000,57.090000,56.869999,57.090000,44.839310,2995800
2013-10-24,57.349998,57.459999,57.200001,57.459999,45.129929,3109200
2013-10-25,57.380001,57.470001,57.230000,57.470001,45.137783,4999200
2013-10-28,57.150002,57.330002,57.040001,57.200001,44.925705,5004000
2013-10-29,57.320000,57.369999,57.169998,57.299999,45.004253,4607500
2013-10-30,57.380001,57.389999,56.820000,57.080002,44.831470,7082900
2013-10-31,56.939999,57.049999,56.650002,56.779999,44.595829,4402500
2013-11-01,56.430000,56.509998,56.080002,56.419998,44.313087,5570400
2013-11-04,56.580002,56.770000,56.470001,56.759998,44.580124,4995900
2013-11-05,56.139999,56.349998,55.910000,56.240002,44.171722,6483200
2013-11-06,56.799999,56.959999,56.650002,56.779999,44.595829,3610700
2013-11-07,56.549999,56.590000,55.820000,55.880001,43.888969,6616700
2013-11-08,55.689999,56.180000,55.650002,56.180000,44.124592,6080800
2013-11-11,56.259998,56.389999,56.220001,56.349998,44.258110,3551400
2013-11-12,56.119999,56.240002,55.900002,56.020000,43.998932,4092200
2013-11-13,55.570000,56.259998,55.529999,56.259998,44.187424,2766000
2013-11-14,56.130001,56.480000,56.070000,56.410000,44.305244,3834600
2013-11-15,56.549999,56.709999,56.490002,56.709999,44.540867,2468800
2013-11-18,57.180000,57.200001,56.730000,56.790001,44.603703,2684100
2013-11-19,56.709999,56.840000,56.509998,56.669998,44.509445,3393400
2013-11-20,56.750000,56.860001,56.029999,56.150002,44.101040,3508600
2013-11-21,56.450001,56.650002,56.310001,56.639999,44.485889,4177300
2013-11-22,56.770000,56.970001,56.700001,56.950001,44.729366,1773200
2013-11-25,56.939999,56.970001,56.770000,56.840000,44.642967,2951700
2013-11-26,56.840000,56.970001,56.740002,56.849998,44.650814,1844800
2013-11-27,57.189999,57.330002,57.040001,57.139999,44.878586,2159400
2013-11-29,57.610001,57.630001,57.330002,57.360001,45.051380,2667600
2013-12-02,57.110001,57.189999,56.840000,56.840000,44.642967,3544400
2013-12-03,56.529999,56.639999,56.220001,56.340000,44.250248,3099800
2013-12-04,55.639999,56.070000,55.639999,56.029999,44.006771,4773700
2013-12-05,56.000000,56.119999,55.740002,55.790001,43.818275,3468600
2013-12-06,56.259998,56.560001,56.150002,56.540001,44.407333,2743800
2013-12-09,56.459999,56.660000,56.439999,56.599998,44.454475,1953600
2013-12-10,56.439999,56.540001,56.270000,56.410000,44.305244,3555200
2013-12-11,56.560001,56.570000,55.939999,55.990002,43.975361,4059100
2013-12-12,55.619999,55.700001,55.250000,55.400002,43.511971,3461100
2013-12-13,55.419998,55.480000,55.189999,55.360001,43.480560,2910400
2013-12-16,56.000000,56.209999,55.910000,56.090000,44.053898,2923100
2013-12-17,55.889999,55.900002,55.590000,55.770000,43.802570,3225300
2013-12-18,56.150002,56.770000,55.660000,56.639999,44.485889,3982600
2013-12-19,56.560001,56.849998,56.459999,56.810001,44.619392,4776600
2013-12-20,56.660000,56.959999,56.660000,56.860001,44.845760,5397900
2013-12-23,57.139999,57.410000,57.119999,57.400002,45.271667,3851500
2013-12-24,57.470001,57.799999,57.400002,57.799999,45.587147,1195300
2013-12-26,58.049999,58.099998,57.930000,58.040001,45.776432,2712600
2013-12-27,58.500000,58.509998,58.259998,58.349998,46.020931,3245700
2013-12-30,58.419998,58.619999,58.349998,58.599998,46.218109,3341500
2013-12-31,58.709999,59.130001,58.669998,58.799999,46.375851,3452300
2014-01-02,57.860001,57.880001,57.400002,57.549999,45.389969,6412200
2014-01-03,57.650002,57.799999,57.540001,57.560001,45.397850,2534800
2014-01-06,57.790001,57.820000,57.610001,57.610001,45.437290,3622000
2014-01-07,57.980000,58.090000,57.889999,58.000000,45.744877,3620500
2014-01-08,58.020000,58.090000,57.830002,57.970001,45.721222,7384900
2014-01-09,58.070000,58.070000,57.599998,58.020000,45.760658,4290600
2014-01-10,58.310001,58.619999,58.259998,58.590000,46.210217,3836600
2014-01-13,58.290001,58.459999,58.000000,58.110001,45.831650,7633700
2014-01-14,58.459999,58.820000,58.279999,58.790001,46.367958,4130700
2014-01-15,58.730000,59.099998,58.700001,59.020000,46.549366,4546300
2014-01-16,59.000000,59.070000,58.730000,59.070000,46.588787,4178000
2014-01-17,58.930000,59.000000,58.660000,58.689999,46.289089,5101800
2014-01-21,59.099998,59.200001,58.820000,59.080002,46.596672,4306600
2014-01-22,59.020000,59.150002,58.930000,59.090000,46.604565,3722000
2014-01-23,59.189999,59.189999,58.799999,59.070000,46.588787,5354400
2014-01-24,58.040001,58.110001,57.189999,57.189999,45.106030,9460300
2014-01-27,57.230000,57.279999,56.669998,56.919998,44.893082,5217800
2014-01-28,57.279999,57.549999,57.230000,57.459999,45.318985,5692100
2014-01-29,56.689999,57.029999,56.529999,56.750000,44.759010,6199300
2014-01-30,56.980000,57.020000,56.630001,56.910000,44.885197,3782500
2014-01-31,55.900002,56.439999,55.810001,56.110001,44.254227,5023700
2014-02-03,56.110001,56.180000,55.000000,55.009998,43.386646,7847300
2014-02-04,55.500000,55.619999,55.380001,55.599998,43.851990,5010800
2014-02-05,55.689999,55.889999,55.549999,55.790001,44.001842,4131200
2014-02-06,56.380001,56.919998,56.380001,56.919998,44.893082,5470400
2014-02-07,57.090000,57.660000,57.029999,57.650002,45.468822,3813200
2014-02-10,57.400002,57.500000,57.299999,57.480000,45.334755,4569200
2014-02-11,57.790001,58.459999,57.730000,58.400002,46.060364,6484700
2014-02-12,58.349998,58.529999,58.299999,58.490002,46.131355,3644500
2014-02-13,58.189999,58.889999,58.160000,58.880001,46.438946,4866100
2014-02-14,58.959999,59.250000,58.889999,59.150002,46.651897,3299400
2014-02-18,59.500000,59.630001,59.310001,59.549999,46.967373,5704800
2014-02-19,59.450001,59.720001,59.150002,59.150002,46.651897,3459900
2014-02-20,59.180000,59.580002,59.099998,59.520000,46.943722,4184900
2014-02-21,59.599998,59.880001,59.540001,59.560001,46.975266,2291200
2014-02-24,59.619999,60.310001,59.619999,60.020000,47.338070,4374200
2014-02-25,60.150002,60.279999,59.790001,59.950001,47.282864,4683400
2014-02-26,59.770000,59.810001,59.509998,59.709999,47.093563,3199100
2014-02-27,59.549999,59.980000,59.450001,59.980000,47.306515,2287800
2014-02-28,60.200001,60.500000,59.950001,60.230000,47.503693,4563900
2014-03-03,59.000000,59.200001,58.599998,58.689999,46.289089,7757300
2014-03-04,59.880001,59.939999,59.750000,59.889999,47.235546,4078500
2014-03-05,59.889999,60.040001,59.810001,59.880001,47.227650,3138600
2014-03-06,60.439999,60.630001,60.389999,60.500000,47.716648,2619000
2014-03-07,60.369999,60.380001,59.759998,60.090000,47.393276,4961400
2014-03-10,59.619999,59.750000,59.279999,59.660000,47.054131,5014500
2014-03-11,59.610001,59.869999,59.310001,59.349998,46.809639,3808800
2014-03-12,58.889999,59.290001,58.779999,59.200001,46.691334,3000900
2014-03-13,59.320000,59.380001,57.810001,57.910000,45.673893,7365500
2014-03-14,57.770000,58.259998,57.770000,58.000000,45.744877,6612500
2014-03-17,58.410000,58.919998,58.410000,58.779999,46.360073,4827700
2014-03-18,58.939999,59.360001,58.910000,59.259998,46.738651,4434800
2014-03-19,59.220001,59.270000,58.049999,58.400002,46.060364,7960900
2014-03-20,58.020000,58.599998,57.980000,58.459999,46.107693,3401200
2014-03-21,58.599998,58.840000,58.189999,58.259998,45.949936,4114300
2014-03-24,58.490002,58.580002,57.880001,58.310001,45.989384,6751000
2014-03-25,57.900002,58.290001,57.689999,58.150002,46.564335,5497200
2014-03-26,58.480000,58.520000,58.029999,58.049999,46.484249,4124000
2014-03-27,58.189999,58.330002,58.060001,58.209999,46.612381,4010900
2014-03-28,58.610001,58.750000,58.520000,58.599998,46.924664,2668500
2014-03-31,59.099998,59.169998,58.830002,58.950001,47.204933,4044200
2014-04-01,59.430000,59.480000,59.230000,59.430000,47.589306,2905800
2014-04-02,59.400002,59.410000,59.250000,59.389999,47.557278,3281100
2014-04-03,59.389999,59.419998,59.099998,59.310001,47.493210,3180800
2014-04-04,59.439999,59.549999,59.000000,59.070000,47.301025,4411000
2014-04-07,59.040001,59.110001,58.650002,58.810001,47.092831,2963100
2014-04-08,58.740002,59.099998,58.700001,58.990002,47.236965,2494700
2014-04-09,59.509998,59.720001,59.220001,59.720001,47.821526,6636200
2014-04-10,59.610001,59.610001,58.630001,58.650002,46.964710,4982300
2014-04-11,58.290001,58.680000,58.189999,58.209999,46.612381,3473400
2014-04-14,58.400002,58.580002,58.180000,58.459999,46.812572,5052600
2014-04-15,58.470001,58.529999,57.570000,58.209999,46.612381,5491300
2014-04-16,58.630001,58.880001,58.430000,58.880001,47.148876,4661000
2014-04-17,59.000000,59.310001,58.889999,59.240002,47.437168,2291900
2014-04-21,59.369999,59.410000,59.180000,59.389999,47.557278,2326000
2014-04-22,59.720001,59.860001,59.660000,59.770000,47.861565,2496800
2014-04-23,59.689999,59.750000,59.490002,59.580002,47.709415,3966100
2014-04-24,59.639999,59.799999,59.200001,59.650002,47.765484,3309900
2014-04-25,59.500000,59.570000,59.160000,59.389999,47.557278,3739300
2014-04-28,59.639999,59.750000,59.110001,59.529999,47.669376,4227900
2014-04-29,59.959999,60.160000,59.900002,60.020000,48.061760,4409000
2014-04-30,60.270000,60.570000,60.139999,60.509998,48.454124,3259100
2014-05-01,60.560001,60.639999,60.380001,60.570000,48.502171,2214000
2014-05-02,60.340000,60.509998,60.189999,60.430000,48.390079,4915400
2014-05-05,59.939999,60.439999,59.799999,60.380001,48.350033,2957900
2014-05-06,60.369999,60.459999,60.250000,60.290001,48.277954,2308200
2014-05-07,60.439999,60.570000,60.169998,60.470001,48.422096,3120100
2014-05-08,60.650002,60.840000,60.439999,60.509998,48.454124,3756800
2014-05-09,60.369999,60.380001,60.040001,60.259998,48.253933,2374000
2014-05-12,60.689999,60.790001,60.570000,60.779999,48.670326,2329100
2014-05-13,60.680000,60.680000,60.509998,60.639999,48.558220,3042200
2014-05-14,60.590000,60.730000,60.480000,60.560001,48.494164,2050700
2014-05-15,60.410000,60.410000,59.970001,60.299999,48.285965,2981200
2014-05-16,60.240002,60.369999,60.119999,60.340000,48.318001,3390900
2014-05-19,60.180000,60.380001,60.169998,60.340000,48.318001,3207800
2014-05-20,60.209999,60.240002,59.849998,60.029999,48.069756,3070200
2014-05-21,60.220001,60.480000,60.189999,60.480000,48.430099,4548100
2014-05-22,60.380001,60.480000,60.320000,60.410000,48.374062,2429700
2014-05-23,60.340000,60.500000,60.270000,60.419998,48.382061,1898800
2014-05-27,60.939999,60.990002,60.689999,60.910000,48.774441,3390400
2014-05-28,60.770000,60.790001,60.580002,60.660000,48.574238,2127600
2014-05-29,60.880001,60.950001,60.759998,60.939999,48.798462,1972700
2014-05-30,60.880001,61.020000,60.810001,60.980000,48.830486,2725500
2014-06-02,61.049999,61.049999,60.810001,60.939999,48.798462,3198400
2014-06-03,60.759998,60.830002,60.689999,60.759998,48.654320,1806900
2014-06-04,60.680000,60.759998,60.590000,60.700001,48.606277,2256600
2014-06-05,61.070000,61.299999,60.820000,61.259998,49.054699,3722400
2014-06-06,61.490002,61.720001,61.380001,61.720001,49.423054,2798400
2014-06-09,61.369999,61.650002,61.369999,61.580002,49.310944,3382700
2014-06-10,61.419998,61.560001,61.340000,61.540001,49.278919,2921900
2014-06-11,61.240002,61.259998,61.060001,61.139999,48.958611,2949000
2014-06-12,61.250000,61.320000,60.990002,61.099998,48.926582,2785200
2014-06-13,61.080002,61.189999,60.849998,61.009998,48.854504,2383500
2014-06-16,60.939999,61.160000,60.919998,61.049999,48.886536,3041500
2014-06-17,60.799999,61.090000,60.779999,61.049999,48.886536,2390100
2014-06-18,61.160000,61.570000,61.009998,61.570000,49.302933,2944400
2014-06-19,61.820000,61.889999,61.590000,61.650002,49.367001,3601300
2014-06-20,61.610001,61.660000,61.430000,61.540001,49.278919,2843700
2014-06-23,61.410000,61.470001,61.150002,61.430000,49.190838,3967500
2014-06-24,60.290001,60.299999,59.910000,59.980000,48.811596,3813600
2014-06-25,59.630001,59.860001,59.610001,59.830002,48.689529,4414100
2014-06-26,59.680000,59.810001,59.189999,59.799999,48.665112,2888700
2014-06-27,59.700001,59.950001,59.590000,59.950001,48.787189,1881300
2014-06-30,59.799999,60.070000,59.790001,59.950001,48.787189,2818100
2014-07-01,60.250000,60.590000,60.250000,60.439999,49.185940,3606900
2014-07-02,60.389999,60.509998,60.320000,60.509998,49.242908,2186700
2014-07-03,60.639999,60.860001,60.639999,60.810001,49.487053,1989600
2014-07-07,60.230000,60.279999,60.049999,60.169998,48.966217,3365700
2014-07-08,59.660000,59.660000,59.139999,59.290001,48.250084,5758400
2014-07-09,59.230000,59.580002,59.180000,59.500000,48.420982,2785800
2014-07-10,58.389999,58.830002,58.389999,58.779999,47.835045,4191100
2014-07-11,58.630001,58.810001,58.480000,58.770000,47.826908,3577600
2014-07-14,59.349998,59.389999,59.169998,59.180000,48.160557,3932600
2014-07-15,59.250000,59.270000,58.669998,58.930000,47.957115,4479000
2014-07-16,59.480000,59.529999,59.340000,59.430000,48.364002,2061600
2014-07-17,59.049999,59.290001,58.509998,58.520000,47.623455,4297600
2014-07-18,58.650002,59.070000,58.580002,58.970001,47.989666,5236500
2014-07-21,58.540001,58.740002,58.430000,58.680000,47.753658,5320700
2014-07-22,59.000000,59.119999,58.919998,58.990002,48.005936,2747000
2014-07-23,59.240002,59.250000,59.040001,59.080002,48.079166,2175100
2014-07-24,59.320000,59.450001,59.220001,59.330002,48.282619,2184600
2014-07-25,59.139999,59.180000,58.689999,58.930000,47.957115,2129900
2014-07-28,58.860001,58.939999,58.470001,58.820000,47.867599,3628400
2014-07-29,59.000000,59.040001,58.639999,58.660000,47.737385,3381800
2014-07-30,58.599998,58.709999,58.240002,58.509998,47.615311,3978100
2014-07-31,57.849998,57.889999,57.340000,57.360001,46.679447,6985500
2014-08-01,57.099998,57.330002,56.740002,56.860001,46.272556,7438700
2014-08-04,57.250000,57.310001,56.810001,57.220001,46.565517,4397700
2014-08-05,56.980000,57.029999,56.410000,56.490002,45.971451,7300700
2014-08-06,56.049999,56.540001,56.009998,56.400002,45.898197,8796500
2014-08-07,56.480000,56.529999,55.660000,55.790001,45.401775,7591000
2014-08-08,55.849998,56.320000,55.740002,56.290001,45.808689,4656900
2014-08-11,56.470001,56.630001,56.380001,56.400002,45.898197,7568900
2014-08-12,56.270000,56.439999,56.169998,56.389999,45.890072,3102500
2014-08-13,56.689999,56.740002,56.480000,56.610001,46.069099,3410500
2014-08-14,56.939999,56.959999,56.810001,56.950001,46.345791,3508000
2014-08-15,57.349998,57.450001,56.360001,56.910000,46.313244,7914700
2014-08-18,57.230000,57.349998,57.169998,57.349998,46.671310,6547200
2014-08-19,57.320000,57.439999,57.279999,57.439999,46.744560,2210400
2014-08-20,57.119999,57.299999,57.040001,57.209999,46.557384,3817600
2014-08-21,57.419998,57.630001,57.389999,57.560001,46.842209,3056700
2014-08-22,57.410000,57.470001,57.029999,57.240002,46.581799,3772400
2014-08-25,57.619999,57.990002,57.580002,57.849998,47.078201,8122400
2014-08-26,58.000000,58.209999,57.900002,57.930000,47.143314,5638400
2014-08-27,58.200001,58.250000,58.000000,58.139999,47.314198,5162300
2014-08-28,57.680000,57.810001,57.599998,57.750000,46.996834,2924300
2014-08-29,57.730000,57.869999,57.500000,57.779999,47.021244,2525200
2014-09-02,57.770000,57.810001,57.540001,57.709999,46.964283,13664800
2014-09-03,58.360001,58.389999,58.099998,58.230000,47.387447,3012600
2014-09-04,58.160000,58.310001,57.740002,57.900002,47.118904,3930800
2014-09-05,57.880001,58.060001,57.709999,58.040001,47.232822,2862500
2014-09-08,57.450001,57.570000,57.099998,57.230000,46.573662,4121700
2014-09-09,57.189999,57.290001,57.020000,57.209999,46.557384,4335100
2014-09-10,57.200001,57.470001,57.029999,57.450001,46.752693,4544100
2014-09-11,57.119999,57.250000,56.970001,57.200001,46.549244,4061000
2014-09-12,57.230000,57.340000,57.029999,57.220001,46.565517,3173700
2014-09-15,57.150002,57.279999,57.070000,57.189999,46.541103,2831400
2014-09-16,56.880001,57.480000,56.849998,57.400002,46.712002,3724500
2014-09-17,57.459999,57.580002,57.049999,57.150002,46.508556,4580100
2014-09-18,57.549999,57.740002,57.549999,57.669998,46.931732,3064600
2014-09-19,57.759998,57.770000,57.380001,57.439999,46.744560,3178200
2014-09-22,57.419998,57.450001,57.040001,57.230000,46.573662,3607200
2014-09-23,56.599998,56.799999,56.410000,56.480000,45.963306,5579500
2014-09-24,56.150002,56.470001,55.950001,56.450001,46.157917,2975500
2014-09-25,56.099998,56.099998,55.439999,55.509998,45.389294,5654300
2014-09-26,55.630001,55.849998,55.450001,55.730000,45.569191,5434000
2014-09-29,55.119999,55.410000,55.080002,55.310001,45.225754,4571700
2014-09-30,55.130001,55.520000,55.049999,55.220001,45.152172,3970500
2014-10-01,54.980000,55.029999,54.490002,54.619999,44.661560,6010100
2014-10-02,54.450001,54.500000,53.560001,53.980000,44.138248,7033300
2014-10-03,53.700001,53.880001,53.580002,53.759998,43.958355,4646400
2014-10-06,54.090000,54.340000,53.820000,54.220001,44.334496,3589200
2014-10-07,53.669998,53.750000,53.070000,53.090000,43.410511,6381400
2014-10-08,53.220001,54.130001,53.029999,54.060001,44.203659,19589800
2014-10-09,53.490002,53.590000,52.380001,52.430000,42.870850,17635500
2014-10-10,52.200001,52.389999,51.689999,51.720001,42.290295,12114600
2014-10-13,52.320000,52.490002,51.689999,51.709999,42.282127,11140500
2014-10-14,51.990002,52.230000,51.669998,51.790001,42.347538,11592100
2014-10-15,51.299999,51.389999,50.209999,51.230000,41.889645,17231500
2014-10-16,49.810001,51.139999,49.810001,50.689999,41.448097,14838400
2014-10-17,51.770000,52.080002,51.540001,51.840000,42.388424,9299000
2014-10-20,51.549999,52.080002,51.549999,52.060001,42.568302,5086700
2014-10-21,52.439999,52.950001,52.410000,52.889999,43.246979,7381800
2014-10-22,52.770000,52.869999,52.299999,52.310001,42.772724,4930700
2014-10-23,52.860001,53.220001,52.799999,53.020000,43.353287,6963600
2014-10-24,53.040001,53.250000,52.930000,53.240002,43.533161,4170200
2014-10-27,52.590000,53.119999,52.520000,52.959999,43.304214,3814300
2014-10-28,53.480000,53.790001,53.450001,53.790001,43.982895,3552700
2014-10-29,53.830002,53.990002,53.040001,53.220001,43.516819,5465500
2014-10-30,52.930000,53.680000,52.869999,53.570000,43.802990,5045700
2014-10-31,53.889999,54.189999,53.750000,54.169998,44.293606,4326500
2014-11-03,53.700001,53.720001,53.330002,53.439999,43.696701,4246100
2014-11-04,53.439999,53.490002,53.049999,53.349998,43.623100,4565000
2014-11-05,53.680000,53.830002,53.500000,53.720001,43.925648,3127200
2014-11-06,53.799999,53.950001,53.389999,53.500000,43.745770,3701500
2014-11-07,53.320000,53.549999,53.099998,53.540001,43.778473,3583800
2014-11-10,53.709999,53.820000,53.529999,53.779999,43.974716,2460000
2014-11-11,53.889999,54.209999,53.740002,54.139999,44.269081,2304500
2014-11-12,53.480000,53.680000,53.380001,53.500000,43.745770,2885800
2014-11-13,53.400002,53.840000,53.400002,53.730000,43.933834,3032000
2014-11-14,53.320000,53.849998,53.320000,53.740002,43.942013,4660800
2014-11-17,53.630001,53.950001,53.549999,53.889999,44.064663,2744700
2014-11-18,54.389999,54.700001,54.380001,54.650002,44.686096,5216700
2014-11-19,54.730000,54.849998,54.340000,54.630001,44.669746,4161100
2014-11-20,54.160000,54.500000,54.160000,54.400002,44.481674,1969600
2014-11-21,54.990002,55.040001,54.619999,54.820000,44.825096,3778300
2014-11-24,55.220001,55.299999,55.040001,55.290001,45.209408,3492400
2014-11-25,55.349998,55.590000,55.290001,55.500000,45.381119,2621400
2014-11-26,55.570000,55.720001,55.470001,55.720001,45.561008,1807100
2014-11-28,55.439999,55.470001,55.220001,55.290001,45.209408,1623400
2014-12-01,55.380001,55.430000,55.139999,55.259998,45.184883,6396300
2014-12-02,55.259998,55.290001,55.099998,55.279999,45.201229,3367300
2014-12-03,55.160000,55.270000,55.049999,55.169998,45.111282,3193800
2014-12-04,55.029999,55.270000,54.730000,54.970001,44.947758,4466600
2014-12-05,55.200001,55.380001,55.040001,55.240002,45.168518,4324400
2014-12-08,54.959999,55.009998,54.709999,54.810001,44.816917,2999100
2014-12-09,54.189999,54.470001,53.980000,54.299999,44.399910,5663200
2014-12-10,54.259998,54.259998,53.630001,53.689999,43.901123,4395000
2014-12-11,53.580002,53.919998,53.400002,53.450001,43.704880,4818400
2014-12-12,53.310001,53.439999,52.220001,52.259998,42.731838,6355300
2014-12-15,52.490002,52.639999,51.230000,51.380001,42.012287,11042800
2014-12-16,51.470001,52.660000,51.310001,51.950001,42.478367,8191700
2014-12-17,51.980000,52.910000,51.980000,52.529999,42.952621,7081100
2014-12-18,53.060001,53.650002,53.029999,53.639999,43.860241,5990600
2014-12-19,53.169998,53.630001,53.080002,53.439999,43.696701,6199500
2014-12-22,53.500000,53.529999,53.230000,53.500000,43.985279,4701900
2014-12-23,53.349998,53.459999,53.200001,53.299999,43.820850,6958800
2014-12-24,53.380001,53.720001,53.380001,53.680000,44.133263,2566300
2014-12-26,53.639999,53.860001,53.639999,53.720001,44.166161,1597800
2014-12-29,53.209999,53.500000,53.160000,53.259998,43.787964,4780500
2014-12-30,52.980000,53.080002,52.790001,52.799999,43.409763,5389500
2014-12-31,52.849998,53.000000,52.369999,52.410000,43.089130,4019600
2015-01-02,52.490002,52.619999,52.049999,52.139999,42.867153,3700800
2015-01-05,51.250000,51.259998,50.480000,50.619999,41.617466,6173600
2015-01-06,50.549999,50.880001,49.950001,50.049999,41.148846,8452900
2015-01-07,50.369999,50.639999,49.970001,50.570000,41.576374,10564800
2015-01-08,50.889999,51.509998,50.840000,51.299999,42.176537,3690900
2015-01-09,51.250000,51.310001,50.650002,51.000000,41.929893,4978300
2015-01-12,51.169998,51.220001,50.689999,50.990002,41.921673,5515300
2015-01-13,51.570000,51.720001,50.799999,51.220001,42.110767,7526300
2015-01-14,51.000000,51.240002,50.740002,51.160000,42.061440,7230700
2015-01-15,51.540001,51.720001,51.230000,51.450001,42.299862,8017600
2015-01-16,51.570000,52.270000,51.400002,52.169998,42.891804,8147100
2015-01-20,52.660000,52.720001,52.270000,52.529999,43.187790,4045700
2015-01-21,52.720001,52.970001,52.380001,52.959999,43.541317,6779500
2015-01-22,52.860001,53.290001,52.680000,53.110001,43.664646,7959600
2015-01-23,53.020000,53.270000,52.810001,52.810001,43.417999,8108800
2015-01-26,53.240002,53.810001,53.119999,53.660000,44.116821,6221200
2015-01-27,53.509998,53.799999,53.310001,53.680000,44.133263,6338100
2015-01-28,53.619999,53.630001,52.630001,52.639999,43.278225,10725900
2015-01-29,53.209999,53.599998,53.070000,53.590000,44.059277,5946700
2015-01-30,53.099998,53.209999,52.680000,52.680000,43.311104,9604900
2015-02-02,52.939999,53.360001,52.750000,53.290001,43.812626,5971100
2015-02-03,53.860001,54.570000,53.840000,54.490002,44.799210,7061500
2015-02-04,54.000000,54.310001,53.689999,53.759998,44.199039,4964200
2015-02-05,54.130001,54.570000,54.060001,54.509998,44.815651,4439900
2015-02-06,54.040001,54.139999,53.529999,53.689999,44.141495,5503900
2015-02-09,53.240002,53.630001,53.150002,53.480000,43.968842,3209100
2015-02-10,53.849998,54.080002,53.580002,54.009998,44.404568,2789200
2015-02-11,53.669998,53.779999,53.380001,53.630001,44.092163,3914500
2015-02-12,54.209999,54.799999,54.209999,54.779999,45.037632,5593000
2015-02-13,54.919998,55.000000,54.750000,54.959999,45.185627,3850600
2015-02-17,54.840000,55.189999,54.580002,55.119999,45.317173,4788400
2015-02-18,55.099998,55.439999,54.959999,55.310001,45.473377,6732600
2015-02-19,55.259998,55.480000,55.150002,55.230000,45.407608,2983200
2015-02-20,55.070000,56.119999,54.889999,55.939999,45.991337,7955100
2015-02-23,55.639999,55.790001,55.509998,55.669998,45.769352,4745700
2015-02-24,55.720001,56.130001,55.540001,56.049999,46.081768,6243200
2015-02-25,56.070000,56.150002,55.840000,56.099998,46.122883,5634400
2015-02-26,55.849998,55.959999,55.740002,55.810001,45.884460,4145600
2015-02-27,55.860001,56.189999,55.790001,55.889999,45.950233,4764200
2015-03-02,55.939999,55.980000,55.750000,55.970001,46.016014,4899900
2015-03-03,55.750000,55.810001,55.340000,55.500000,45.629593,6302300
2015-03-04,55.150002,55.340000,54.849998,55.299999,45.465157,4290000
2015-03-05,55.459999,55.660000,55.349998,55.470001,45.604931,4062600
2015-03-06,54.919998,54.959999,54.380001,54.419998,44.741661,5639100
2015-03-09,54.540001,54.720001,54.419998,54.639999,44.922531,3160500
2015-03-10,53.779999,53.810001,53.279999,53.310001,43.829060,7895100
2015-03-11,53.509998,53.540001,53.119999,53.340000,43.853741,5399100
2015-03-12,53.790001,53.869999,53.439999,53.790001,44.223709,6417800
2015-03-13,53.320000,53.490002,53.040001,53.410000,43.911282,3851700
2015-03-16,53.830002,54.230000,53.830002,54.119999,44.495018,3438200
2015-03-17,53.869999,54.040001,53.660000,53.970001,44.371700,2989700
2015-03-18,53.939999,55.360001,53.900002,55.220001,45.399391,8210500
2015-03-19,54.540001,54.660000,54.330002,54.459999,44.774544,5751300
2015-03-20,55.599998,56.160000,55.360001,55.869999,45.933788,6489000
2015-03-23,55.910000,56.320000,55.889999,56.119999,46.139328,5966000
2015-03-24,56.299999,56.400002,56.049999,56.049999,46.081768,5171200
2015-03-25,56.009998,56.009998,55.389999,55.389999,45.797348,4707100
2015-03-26,55.000000,55.000000,54.430000,54.840000,45.342594,4548400
2015-03-27,54.830002,55.099998,54.700001,55.000000,45.474892,4094000
2015-03-30,55.040001,55.259998,55.000000,55.119999,45.574108,3980600
2015-03-31,54.240002,54.669998,54.180000,54.220001,44.829987,3702700
2015-04-01,54.740002,54.869999,54.380001,54.750000,45.268196,8569100
2015-04-02,55.000000,55.290001,54.959999,55.250000,45.681591,5273000
2015-04-06,55.650002,56.090000,55.380001,55.740002,46.086742,4417800
2015-04-07,55.740002,56.130001,55.590000,55.590000,45.962711,3613300
2015-04-08,56.029999,56.160000,55.520000,55.740002,46.086742,6435200
2015-04-09,55.820000,55.840000,55.540001,55.730000,46.078480,5751700
2015-04-10,55.740002,55.919998,55.630001,55.889999,46.210758,5354900
2015-04-13,55.820000,55.869999,55.500000,55.610001,45.979252,4632200
2015-04-14,55.930000,56.150002,55.910000,56.080002,46.367859,2829900
2015-04-15,56.279999,56.459999,55.959999,56.369999,46.607635,3574900
2015-04-16,56.419998,56.619999,56.070000,56.450001,46.673775,2981400
2015-04-17,55.619999,55.799999,55.410000,55.639999,46.004059,5782500
2015-04-20,55.619999,55.970001,55.619999,55.750000,46.095013,3184700
2015-04-21,56.150002,56.310001,55.990002,56.200001,46.467072,3988200
2015-04-22,56.099998,56.200001,55.759998,56.189999,46.458805,3749500
2015-04-23,55.900002,56.590000,55.820000,56.500000,46.715118,3255000
2015-04-24,56.630001,56.900002,56.310001,56.720001,46.897015,3131400
2015-04-27,57.110001,57.490002,56.939999,57.209999,47.302155,6859300
2015-04-28,56.880001,57.150002,56.669998,57.130001,47.236015,4433000
2015-04-29,56.799999,57.130001,56.470001,56.660000,46.847412,7163500
2015-04-30,56.540001,56.860001,56.419998,56.520000,46.731663,5704400
2015-05-01,56.830002,56.970001,56.459999,56.970001,47.103729,5381500
2015-05-04,57.040001,57.119999,56.830002,56.970001,47.103729,10481900
2015-05-05,56.720001,56.770000,55.959999,56.040001,46.334782,4790100
2015-05-06,56.529999,56.730000,56.189999,56.419998,46.648968,4929800
2015-05-07,56.180000,56.349998,55.939999,56.209999,46.475334,4399300
2015-05-08,57.250000,57.740002,57.200001,57.560001,47.591545,5084300
2015-05-11,57.320000,57.549999,57.230000,57.340000,47.409641,5172700
2015-05-12,57.180000,57.340000,56.980000,57.130001,47.236015,3415000
2015-05-13,57.700001,57.880001,57.439999,57.529999,47.566742,2784700
2015-05-14,58.209999,58.509998,58.119999,58.490002,48.360485,3290800
2015-05-15,58.189999,58.470001,57.939999,58.419998,48.302605,3357200
2015-05-18,58.060001,58.189999,57.900002,58.070000,48.013226,3347200
2015-05-19,57.860001,58.000000,57.750000,57.869999,47.847858,4107600
2015-05-20,57.939999,58.259998,57.830002,58.070000,48.013226,4296500
2015-05-21,58.200001,58.490002,58.139999,58.400002,48.286068,2485300
2015-05-22,58.080002,58.080002,57.799999,57.799999,47.789970,3045400
2015-05-26,57.139999,57.180000,56.450001,56.580002,46.781258,4245500
2015-05-27,56.740002,57.380001,56.610001,57.340000,47.409641,3808200
2015-05-28,57.070000,57.349998,56.790001,57.299999,47.376568,2777800
2015-05-29,57.060001,57.180000,56.349998,56.680000,46.863945,4145000
2015-06-01,56.689999,56.740002,56.060001,56.330002,46.574554,3362400
2015-06-02,56.770000,57.139999,56.599998,56.830002,46.987965,3130700
2015-06-03,57.200001,57.590000,57.130001,57.279999,47.360031,4435700
2015-06-04,56.959999,57.500000,56.410000,56.570000,46.772995,3696500
2015-06-05,55.650002,55.970001,55.380001,55.790001,46.128063,3723900
2015-06-08,55.779999,55.830002,55.540001,55.759998,46.103271,3549400
2015-06-09,55.630001,55.779999,55.230000,55.549999,45.929638,4590800
2015-06-10,56.470001,57.080002,56.310001,56.919998,47.062378,7599100
2015-06-11,57.119999,57.259998,56.689999,57.029999,47.153332,4172700
2015-06-12,56.299999,56.730000,56.060001,56.450001,46.673775,3231700
2015-06-15,55.490002,55.919998,55.439999,55.860001,46.185959,3919100
2015-06-16,55.619999,55.980000,55.540001,55.900002,46.219032,1970900
2015-06-17,55.919998,55.970001,55.299999,55.840000,46.169418,4603500
2015-06-18,56.090000,57.130001,56.040001,56.540001,46.748188,7923200
2015-06-19,56.470001,56.540001,56.230000,56.290001,46.541477,3583400
2015-06-22,57.540001,58.000000,57.430000,57.599998,47.624619,4838100
2015-06-23,57.580002,57.689999,57.459999,57.520000,47.558468,2954300
2015-06-24,57.279999,57.450001,57.020000,57.049999,47.169865,6702600
2015-06-25,57.240002,57.360001,56.990002,57.029999,47.153332,3711900
2015-06-26,56.340000,56.529999,56.020000,56.270000,47.253258,7800800
2015-06-29,55.009998,55.270000,54.230000,54.299999,45.598934,12140300
2015-06-30,54.660000,54.970001,53.630001,53.980000,45.330212,9097000
2015-07-01,54.669998,54.730000,54.020000,54.240002,45.548546,6122300
2015-07-02,54.450001,54.459999,54.130001,54.270000,45.573738,2692700
2015-07-06,53.049999,53.560001,52.820000,53.009998,44.515652,8707200
2015-07-07,52.480000,53.119999,51.689999,52.959999,44.473656,6522700
2015-07-08,52.430000,52.509998,52.080002,52.200001,43.835438,5229400
2015-07-09,53.470001,53.560001,53.029999,53.119999,44.608017,5476900
2015-07-10,55.150002,55.369999,54.930000,55.330002,46.463882,7453400
2015-07-13,55.430000,55.509998,55.230000,55.349998,46.480690,7998800
2015-07-14,55.570000,55.849998,55.470001,55.820000,46.875366,8711600
2015-07-15,55.689999,55.750000,55.320000,55.560001,46.657024,4037700
2015-07-16,56.110001,56.220001,56.009998,56.049999,47.068512,3725500
2015-07-17,55.950001,56.000000,55.790001,55.889999,46.934155,2739100
2015-07-20,56.090000,56.150002,55.880001,56.040001,47.060116,1900800
2015-07-21,55.900002,55.959999,55.740002,55.849998,46.900562,1580900
2015-07-22,55.340000,55.459999,55.270000,55.450001,46.564667,2458800
2015-07-23,55.580002,55.599998,55.189999,55.270000,46.413498,2020600
2015-07-24,55.169998,55.209999,54.590000,54.650002,45.892857,3345000
2015-07-27,54.549999,54.650002,54.139999,54.230000,45.540150,4779800
2015-07-28,54.650002,55.000000,54.369999,54.950001,46.144783,6425300
2015-07-29,54.930000,55.369999,54.889999,55.099998,46.270748,5241000
2015-07-30,54.970001,55.099998,54.639999,55.080002,46.253948,5213000
2015-07-31,55.590000,55.660000,55.290001,55.419998,46.539467,4838500
2015-08-03,55.580002,55.680000,55.189999,55.430000,46.547863,6483600
2015-08-04,55.509998,55.560001,55.200001,55.330002,46.463882,4697100
2015-08-05,55.720001,55.860001,55.580002,55.700001,46.774601,5852300
2015-08-06,55.700001,55.759998,55.400002,55.599998,46.690620,4930300
2015-08-07,55.130001,55.430000,55.070000,55.410000,46.531067,6259800
2015-08-10,55.400002,56.049999,55.389999,56.009998,47.034916,3574800
2015-08-11,55.450001,55.540001,55.099998,55.290001,46.430298,3664200
2015-08-12,54.570000,54.959999,54.250000,54.950001,46.144783,5562700
2015-08-13,54.860001,54.950001,54.660000,54.790001,46.010414,4511200
2015-08-14,54.669998,54.930000,54.549999,54.910000,46.111187,3533900
2015-08-17,54.369999,54.709999,54.220001,54.689999,45.926445,2999100
2015-08-18,54.540001,54.599998,54.310001,54.400002,45.682911,2261600
2015-08-19,53.889999,54.119999,53.509998,53.880001,45.246250,7094100
2015-08-20,53.520000,53.520000,52.660000,52.680000,44.238522,5567000
2015-08-21,52.639999,52.759998,51.450001,51.529999,43.272785,8189600
2015-08-24,49.910000,51.389999,49.240002,50.180000,42.139114,19290200
2015-08-25,52.139999,52.330002,50.349998,50.509998,42.416245,17450900
2015-08-26,51.599998,51.610001,50.259998,51.369999,43.138439,9837600
2015-08-27,51.599998,51.990002,51.430000,51.910000,43.591904,7079000
2015-08-28,51.490002,51.849998,51.419998,51.720001,43.432354,5364700
2015-08-31,51.540001,51.820000,51.330002,51.529999,43.272785,5620100
2015-09-01,50.500000,50.619999,49.959999,50.099998,42.071945,6782000
2015-09-02,50.930000,50.950001,50.279999,50.820000,42.676575,8129100
2015-09-03,51.099998,51.310001,50.750000,50.849998,42.701767,5018200
2015-09-04,49.930000,50.090000,49.599998,49.860001,41.870403,5706800
2015-09-08,51.119999,51.340000,50.930000,51.320000,43.096447,3679900
2015-09-09,52.000000,52.180000,50.959999,51.020000,42.844532,7345700
2015-09-10,51.209999,51.730000,51.060001,51.540001,43.281197,5269000
2015-09-11,51.060001,51.480000,51.020000,51.459999,43.214020,3657100
2015-09-14,50.910000,50.980000,50.689999,50.910000,42.752140,2870500
2015-09-15,50.900002,51.320000,50.830002,51.279999,43.062862,3070700
2015-09-16,51.750000,52.070000,51.660000,52.049999,43.709461,3114700
2015-09-17,51.889999,52.759998,51.799999,52.240002,43.869030,5681700
2015-09-18,51.230000,51.509998,50.880001,50.910000,42.752140,4622300
2015-09-21,51.099998,51.099998,50.590000,50.810001,42.668175,3097600
2015-09-22,49.500000,49.580002,48.959999,49.290001,41.391735,7379400
2015-09-23,49.450001,49.500000,48.950001,49.090000,41.223793,8138300
2015-09-24,48.810001,49.119999,48.470001,48.970001,41.123016,6129700
2015-09-25,49.380001,49.490002,48.840000,49.070000,41.397194,4649100
2015-09-28,48.669998,48.730000,48.049999,48.110001,40.587311,3883000
2015-09-29,48.180000,48.360001,47.950001,48.270000,40.722294,4444700
2015-09-30,49.110001,49.189999,48.709999,49.180000,41.489990,4347600
2015-10-01,49.380001,49.459999,48.709999,49.169998,41.481556,3112000
2015-10-02,49.099998,50.110001,48.959999,50.099998,42.266140,5802900
2015-10-05,50.619999,51.000000,50.590000,50.980000,43.008533,4337100
2015-10-06,51.020000,51.400002,51.020000,51.200001,43.194145,3373900
2015-10-07,51.619999,51.790001,51.200001,51.639999,43.565342,4829700
2015-10-08,51.349998,52.119999,51.290001,52.119999,43.970287,2662300
2015-10-09,52.200001,52.259998,51.950001,52.130001,43.978729,2084900
2015-10-12,51.959999,52.049999,51.860001,51.930000,43.809994,2302800
2015-10-13,51.290001,51.689999,51.240002,51.340000,43.312252,2191300
2015-10-14,51.580002,51.779999,51.430000,51.650002,43.573780,3718000
2015-10-15,51.849998,52.369999,51.750000,52.349998,44.164314,3321500
2015-10-16,52.130001,52.259998,51.980000,52.200001,44.037777,2175500
2015-10-19,52.080002,52.130001,51.900002,52.080002,43.936546,1918100
2015-10-20,51.980000,52.099998,51.910000,52.000000,43.869049,2528800
2015-10-21,52.150002,52.189999,51.730000,51.730000,43.641266,2370600
2015-10-22,51.919998,52.430000,51.900002,52.230000,44.063084,3510000
2015-10-23,52.650002,52.770000,52.450001,52.680000,44.442719,3266500
2015-10-26,52.560001,52.599998,52.400002,52.450001,44.248688,1944300
2015-10-27,52.110001,52.130001,51.849998,51.939999,43.818432,2729400
2015-10-28,52.250000,52.680000,51.799999,52.320000,44.139008,3610800
2015-10-29,51.810001,52.150002,51.779999,52.090000,43.944984,3225000
2015-10-30,52.150002,52.480000,52.080002,52.080002,43.936546,2931300
2015-11-02,52.520000,52.700001,52.470001,52.689999,44.451160,2949700
2015-11-03,52.189999,52.650002,52.110001,52.520000,44.307735,4395700
2015-11-04,52.599998,52.619999,52.020000,52.160000,44.004032,6140000
2015-11-05,52.230000,52.270000,51.880001,52.009998,43.877476,2393500
2015-11-06,51.650002,51.799999,51.380001,51.720001,43.632832,3039000
2015-11-09,51.459999,51.480000,51.000000,51.220001,43.211018,2358200
2015-11-10,50.810001,51.060001,50.680000,51.040001,43.059155,4413200
2015-11-11,51.480000,51.509998,51.160000,51.290001,43.270065,2649500
2015-11-12,50.770000,50.950001,50.500000,50.500000,42.603588,4128200
2015-11-13,50.180000,50.310001,49.930000,50.080002,42.249271,3875100
2015-11-16,50.060001,50.770000,50.060001,50.759998,42.822937,3146300
2015-11-17,51.009998,51.180000,50.700001,50.840000,42.890430,6750100
2015-11-18,51.099998,51.470001,50.990002,51.410000,43.371288,6489400
2015-11-19,51.730000,51.889999,51.619999,51.680000,43.599098,3472200
2015-11-20,51.750000,51.790001,51.270000,51.310001,43.286942,2809500
2015-11-23,51.130001,51.279999,50.820000,50.930000,42.966358,3218000
2015-11-24,50.410000,50.860001,50.389999,50.770000,42.831379,3848400
2015-11-25,51.020000,51.230000,50.919998,51.099998,43.109779,2388600
2015-11-27,51.380001,51.439999,51.320000,51.380001,43.346001,1186400
2015-11-30,51.540001,51.619999,51.419998,51.430000,43.388176,5249000
2015-12-01,51.730000,51.840000,51.540001,51.840000,43.734074,3706500
2015-12-02,51.570000,51.680000,51.150002,51.209999,43.202579,4065200
2015-12-03,51.669998,51.700001,50.860001,51.060001,43.076031,5983800
2015-12-04,50.990002,51.650002,50.950001,51.619999,43.548470,4522100
2015-12-07,51.349998,51.369999,51.040001,51.240002,43.227890,2671400
2015-12-08,50.419998,50.590000,50.230000,50.410000,42.527672,4395200
2015-12-09,50.470001,50.939999,50.020000,50.360001,42.485481,5032500
2015-12-10,50.450001,50.520000,50.160000,50.180000,42.333633,5268100
2015-12-11,49.669998,49.720001,49.259998,49.279999,41.574360,7189900
2015-12-14,49.400002,49.500000,48.770000,49.310001,41.599678,7801300
2015-12-15,49.709999,49.939999,49.580002,49.680000,41.911816,7020100
2015-12-16,50.119999,50.720001,49.889999,50.610001,42.696392,8253800
2015-12-17,50.480000,50.480000,49.910000,49.919998,42.114285,7496900
2015-12-18,49.650002,49.770000,49.320000,49.330002,41.616543,7460800
2015-12-21,49.580002,49.830002,49.150002,49.389999,41.838490,5465500
2015-12-22,49.459999,49.790001,49.340000,49.750000,42.143448,5361100
2015-12-23,50.160000,50.680000,50.160000,50.680000,42.931252,6890200
2015-12-24,50.689999,50.849998,50.639999,50.689999,42.939728,1957100
2015-12-28,50.580002,50.619999,50.340000,50.540001,42.812660,6365400
2015-12-29,50.790001,51.060001,50.709999,51.000000,43.202328,5271500
2015-12-30,50.759998,50.840000,50.590000,50.599998,42.863483,3685300
2015-12-31,50.290001,50.310001,49.880001,49.880001,42.253571,5702600
2016-01-04,49.139999,49.180000,48.450001,49.150002,41.635181,6554800
2016-01-05,48.840000,48.900002,48.459999,48.860001,41.389523,4352500
2016-01-06,47.889999,48.230000,47.799999,48.049999,40.703369,4513200
2016-01-07,47.160000,47.660000,47.090000,47.160000,39.949440,9804900
2016-01-08,47.639999,47.639999,46.660000,46.750000,39.602135,7418500
2016-01-11,47.240002,47.259998,46.520000,46.889999,39.720730,6073200
2016-01-12,47.389999,47.439999,46.830002,47.279999,40.051090,5588700
2016-01-13,47.480000,47.570000,46.310001,46.380001,39.288700,6787800
2016-01-14,46.529999,47.169998,46.220001,46.980000,39.796959,12323800
2016-01-15,45.470001,45.759998,45.040001,45.259998,38.339939,8674900
2016-01-19,45.880001,45.900002,45.250000,45.560001,38.594074,8381200
2016-01-20,44.759998,44.880001,43.799999,44.619999,37.797798,12231200
2016-01-21,44.509998,45.290001,44.180000,45.080002,38.187469,8103900
2016-01-22,46.169998,46.389999,45.939999,46.270000,39.195522,6002500
2016-01-25,45.970001,46.119999,45.669998,45.669998,38.687256,6850700
2016-01-26,45.980000,46.660000,45.980000,46.660000,39.525890,4834600
2016-01-27,46.450001,46.900002,46.099998,46.240002,39.170105,6301800
2016-01-28,46.669998,46.730000,45.959999,46.369999,39.280228,4536000
2016-01-29,46.380001,47.110001,46.380001,47.110001,39.907078,6472800
2016-02-01,46.680000,47.220001,46.549999,47.070000,39.873199,3540700
2016-02-02,46.270000,46.299999,45.709999,45.779999,38.780434,6364100
2016-02-03,46.290001,46.529999,45.509998,46.509998,39.398823,8670400
2016-02-04,46.160000,46.660000,46.020000,46.490002,39.381886,7679300
2016-02-05,46.349998,46.430000,45.680000,45.820000,38.814323,7394600
2016-02-08,44.689999,44.730000,44.200001,44.580002,37.763916,7570600
2016-02-09,43.720001,44.410000,43.660000,44.189999,37.433540,8549500
2016-02-10,44.619999,44.889999,44.380001,44.439999,37.645321,5419400
2016-02-11,43.930000,44.070000,43.470001,43.849998,37.145527,16143000
2016-02-12,44.080002,44.630001,43.939999,44.630001,37.806263,5007200
2016-02-16,45.430000,45.430000,44.869999,45.389999,38.450058,6632700
2016-02-17,45.869999,46.439999,45.849998,46.340000,39.254818,11926100
2016-02-18,46.439999,46.450001,46.009998,46.070000,39.026108,4457000
2016-02-19,45.750000,46.080002,45.570000,46.060001,39.017624,2542400
2016-02-22,46.119999,46.380001,46.099998,46.299999,39.220924,3481100
2016-02-23,46.080002,46.119999,45.490002,45.490002,38.534775,3024600
2016-02-24,44.660000,45.349998,44.470001,45.290001,38.365360,3441300
2016-02-25,45.599998,45.930000,45.380001,45.910000,38.890572,7471500
2016-02-26,46.080002,46.150002,45.689999,45.759998,38.763500,3050700
2016-02-29,45.779999,46.049999,45.570000,45.590000,38.619492,3027400
2016-03-01,46.330002,46.889999,46.220001,46.860001,39.695309,4052300
2016-03-02,46.540001,46.939999,46.380001,46.910000,39.737667,3617400
2016-03-03,46.959999,47.430000,46.910000,47.400002,40.152748,4051600
2016-03-04,47.619999,47.880001,47.540001,47.619999,40.339111,6941600
2016-03-07,47.099998,47.790001,47.080002,47.650002,40.364521,3593400
2016-03-08,47.509998,47.509998,47.090000,47.110001,39.907078,7540600
2016-03-09,47.310001,47.459999,47.160000,47.320000,40.084980,3496200
2016-03-10,47.750000,48.110001,46.930000,47.349998,40.110386,16572800
2016-03-11,48.169998,48.630001,48.139999,48.630001,41.194687,3618500
2016-03-14,48.480000,48.639999,48.389999,48.500000,41.084564,2461200
2016-03-15,47.759998,47.849998,47.660000,47.799999,40.719952,2182200
2016-03-16,47.459999,48.389999,47.459999,48.380001,41.214054,3805500
2016-03-17,48.410000,48.869999,48.250000,48.810001,41.580357,4550400
2016-03-18,48.820000,48.939999,48.650002,48.759998,41.537758,3682200
2016-03-21,48.570000,48.680000,48.439999,48.540001,41.350338,2543100
2016-03-22,47.980000,48.400002,47.910000,48.279999,41.128845,3331400
2016-03-23,48.270000,48.290001,47.860001,47.880001,40.788101,2333100
2016-03-24,47.369999,47.580002,47.250000,47.549999,40.506985,3243900
2016-03-28,47.770000,47.880001,47.619999,47.799999,40.719952,2828500
2016-03-29,47.570000,48.430000,47.459999,48.430000,41.256641,6574800
2016-03-30,48.980000,49.209999,48.810001,48.910000,41.665550,3819000
2016-03-31,48.770000,48.889999,48.509998,48.520000,41.333305,4202600
2016-04-01,47.680000,48.240002,47.630001,48.180000,41.043674,5836200
2016-04-04,48.349998,48.439999,48.110001,48.169998,41.035152,2722800
2016-04-05,47.410000,47.450001,47.230000,47.279999,40.276981,3852300
2016-04-06,47.380001,48.029999,47.340000,48.029999,40.915882,4143400
2016-04-07,47.459999,47.599998,47.040001,47.150002,40.166237,6965700
2016-04-08,47.919998,48.080002,47.820000,47.980000,40.873295,4074200
2016-04-11,48.349998,48.570000,48.049999,48.049999,40.932926,5753600
2016-04-12,48.189999,48.650002,47.900002,48.599998,41.401470,6615200
2016-04-13,49.070000,49.240002,48.950001,49.169998,41.887028,3786800
2016-04-14,49.310001,49.320000,49.090000,49.180000,41.895554,2336500
2016-04-15,49.139999,49.250000,49.049999,49.049999,41.784805,4148400
2016-04-18,49.040001,49.570000,49.009998,49.520000,42.185200,2004200
2016-04-19,50.259998,50.500000,50.200001,50.430000,42.960400,3431100
2016-04-20,50.310001,50.549999,50.209999,50.330002,42.875221,5198500
2016-04-21,50.250000,50.270000,49.849998,49.939999,42.542973,3854400
2016-04-22,49.790001,49.939999,49.650002,49.840000,42.457794,2282400
2016-04-25,49.630001,49.720001,49.500000,49.669998,42.312973,3151600
2016-04-26,50.080002,50.130001,49.860001,49.970001,42.568535,3300700
2016-04-27,50.000000,50.340000,49.919998,50.240002,42.798546,2291900
2016-04-28,49.849998,50.340000,49.840000,49.990002,42.585583,5392300
2016-04-29,50.040001,50.139999,49.689999,49.860001,42.474850,3990800
2016-05-02,50.160000,50.290001,50.000000,50.270000,42.824112,2664100
2016-05-03,49.630001,49.680000,49.230000,49.259998,41.963699,3387400
2016-05-04,48.820000,48.950001,48.560001,48.689999,41.478134,7174900
2016-05-05,48.570000,48.650002,48.320000,48.450001,41.273685,2842200
2016-05-06,48.220001,48.639999,48.200001,48.639999,41.435532,3070700
2016-05-09,48.639999,48.770000,48.450001,48.529999,41.341831,1978800
2016-05-10,48.720001,49.040001,48.700001,49.009998,41.750736,2717900
2016-05-11,48.779999,49.020000,48.669998,48.750000,41.529243,2922700
2016-05-12,49.110001,49.160000,48.400002,48.599998,41.401470,3459400
2016-05-13,48.270000,48.520000,48.020000,48.099998,40.975517,3811600
2016-05-16,48.299999,48.720001,48.230000,48.689999,41.478134,3364700
2016-05-17,48.570000,48.750000,48.259998,48.299999,41.145897,4697000
2016-05-18,48.380001,48.919998,48.220001,48.459999,41.282204,5098400
2016-05-19,48.180000,48.279999,47.980000,48.160000,41.026634,4192900
2016-05-20,48.529999,48.700001,48.490002,48.599998,41.401470,2990600
2016-05-23,48.430000,48.599998,48.349998,48.480000,41.299232,2771800
2016-05-24,48.959999,49.459999,48.939999,49.380001,42.065937,10452400
2016-05-25,49.740002,50.000000,49.740002,49.930000,42.534462,3403900
2016-05-26,50.189999,50.259998,49.970001,50.099998,42.679287,2557400
2016-05-27,50.020000,50.090000,49.880001,49.970001,42.568535,4377500
2016-05-31,50.130001,50.230000,49.480000,49.610001,42.261856,4226000
2016-06-01,49.259998,49.599998,49.250000,49.540001,42.202236,3351600
2016-06-02,49.369999,49.680000,49.330002,49.680000,42.321491,11306100
2016-06-03,49.779999,50.020000,49.549999,50.009998,42.602627,5386600
2016-06-06,49.970001,50.259998,49.939999,50.139999,42.713360,3202100
2016-06-07,50.520000,50.680000,50.450001,50.490002,43.011520,6441300
2016-06-08,50.610001,50.700001,50.500000,50.560001,43.071152,4458800
2016-06-09,49.849998,50.029999,49.709999,49.830002,42.449291,2563700
2016-06-10,48.700001,48.730000,48.020000,48.139999,41.009598,4333200
2016-06-13,47.509998,47.919998,47.270000,47.360001,40.345127,5610400
2016-06-14,45.880001,45.990002,45.330002,45.570000,39.592720,8372300
2016-06-15,45.970001,46.209999,45.779999,45.860001,39.844681,6372700
2016-06-16,45.169998,46.099998,44.830002,46.080002,40.035831,7857600
2016-06-17,46.410000,46.919998,46.209999,46.869999,40.722206,9032800
2016-06-20,48.490002,48.520000,48.119999,48.139999,41.825611,7925800
2016-06-21,48.439999,48.930000,48.240002,48.599998,42.225292,5259200
2016-06-22,48.810001,49.090000,48.590000,48.619999,42.242657,9102500
2016-06-23,49.740002,50.230000,49.270000,50.139999,43.563286,7688300
2016-06-24,44.930000,46.020000,44.480000,44.480000,38.645695,29139700
2016-06-27,43.570000,43.630001,42.730000,43.320000,37.637852,10904600
2016-06-28,44.529999,44.740002,44.119999,44.740002,38.871593,9806000
2016-06-29,45.509998,45.880001,45.369999,45.650002,39.662228,7148600
2016-06-30,45.860001,46.660000,45.790001,46.660000,40.539742,12204600
2016-07-01,46.759998,46.880001,46.630001,46.720001,40.591873,8123600
2016-07-05,45.779999,45.810001,45.130001,45.250000,39.314693,8668300
2016-07-06,44.669998,45.139999,44.290001,45.110001,39.193058,10473300
2016-07-07,45.250000,45.430000,44.740002,44.919998,39.027981,6712900
2016-07-08,45.660000,45.730000,45.480000,45.660000,39.670914,7459000
2016-07-11,46.299999,46.529999,46.279999,46.340000,40.261715,6794500
2016-07-12,47.070000,47.310001,46.990002,47.020000,40.852520,6164700
2016-07-13,47.240002,47.410000,46.990002,47.020000,40.852520,7892100
2016-07-14,47.540001,47.669998,47.430000,47.509998,41.278252,17420400
2016-07-15,47.320000,47.389999,47.099998,47.220001,41.026291,10403600
2016-07-18,47.220001,47.560001,47.110001,47.310001,41.104496,7433800
2016-07-19,46.980000,47.060001,46.830002,46.950001,40.791710,4647500
2016-07-20,47.250000,47.459999,47.160000,47.400002,41.182686,2976600
2016-07-21,47.270000,47.520000,47.180000,47.259998,41.061039,3208100
2016-07-22,47.349998,47.380001,47.169998,47.290001,41.087120,3515800
2016-07-25,47.360001,47.439999,47.169998,47.340000,41.130547,3372200
2016-07-26,47.450001,47.619999,47.290001,47.500000,41.269566,3324400
2016-07-27,47.790001,47.959999,47.400002,47.830002,41.556290,4174300
2016-07-28,47.840000,47.910000,47.570000,47.840000,41.564968,3409900
2016-07-29,48.029999,48.369999,47.959999,48.279999,41.947247,3588900
2016-08-01,48.009998,48.099998,47.730000,47.759998,41.495461,2955100
2016-08-02,47.790001,47.869999,47.540001,47.730000,41.469398,4587800
2016-08-03,47.369999,47.509998,47.299999,47.490002,41.260880,4263300
2016-08-04,47.529999,47.709999,47.480000,47.709999,41.452023,8029900
2016-08-05,47.650002,47.919998,47.639999,47.889999,41.608410,2450200
2016-08-08,47.910000,47.950001,47.840000,47.930000,41.643162,1743200
2016-08-09,48.130001,48.540001,48.119999,48.410000,42.060204,2543500
2016-08-10,48.660000,48.740002,48.570000,48.619999,42.242657,2209500
2016-08-11,48.820000,49.139999,48.820000,49.000000,42.572811,2320000
2016-08-12,49.169998,49.169998,48.880001,48.939999,42.520679,1558400
2016-08-15,49.090000,49.200001,49.049999,49.090000,42.651020,1432600
2016-08-16,49.169998,49.279999,49.060001,49.070000,42.633644,4113300
2016-08-17,48.820000,49.139999,48.610001,48.990002,42.564133,3134300
2016-08-18,49.110001,49.389999,49.090000,49.380001,42.902973,2618000
2016-08-19,48.790001,49.009998,48.689999,48.950001,42.529373,2020100
2016-08-22,48.740002,49.080002,48.689999,48.990002,42.564133,1604600
2016-08-23,49.340000,49.490002,49.220001,49.220001,42.763958,3791900
2016-08-24,49.310001,49.380001,49.070000,49.080002,42.642330,3346800
2016-08-25,48.959999,49.049999,48.830002,48.869999,42.459869,1807000
2016-08-26,49.090000,49.549999,48.419998,48.599998,42.225292,5348500
2016-08-29,48.459999,48.830002,48.459999,48.830002,42.425114,1852900
2016-08-30,48.900002,48.939999,48.630001,48.709999,42.320858,4538100
2016-08-31,48.700001,48.830002,48.459999,48.610001,42.233974,3132600
2016-09-01,48.869999,49.009998,48.689999,49.000000,42.572811,4319100
2016-09-02,49.500000,49.730000,49.340000,49.669998,43.154938,7499900
2016-09-06,49.770000,49.990002,49.700001,49.950001,43.398212,5688500
2016-09-07,50.000000,50.119999,49.840000,49.919998,43.372150,4457900
2016-09-08,50.000000,50.119999,49.820000,49.930000,43.380833,2629000
2016-09-09,49.500000,49.509998,48.849998,48.860001,42.451180,4515800
2016-09-12,48.389999,49.310001,48.389999,49.299999,42.833466,4705900
2016-09-13,48.480000,48.509998,47.880001,48.049999,41.973042,5644300
2016-09-14,48.009998,48.310001,47.959999,48.060001,41.981773,2993000
2016-09-15,48.029999,48.520000,47.919998,48.459999,42.331188,2594000
2016-09-16,47.790001,47.790001,47.520000,47.610001,41.588684,2792900
2016-09-19,48.160000,48.230000,47.880001,48.000000,41.929363,2489200
2016-09-20,48.299999,48.349998,48.049999,48.099998,42.016716,1743400
2016-09-21,48.320000,48.759998,48.130001,48.700001,42.540833,3826100
2016-09-22,49.470001,49.590000,49.189999,49.240002,43.012543,4031200
2016-09-23,48.820000,49.040001,48.820000,48.860001,42.680599,1882400
2016-09-26,48.419998,48.520000,48.310001,48.360001,42.243835,2178000
2016-09-27,47.910000,48.439999,47.810001,48.369999,42.252567,2266800
2016-09-28,48.630001,48.930000,48.340000,48.919998,42.733009,3152300
2016-09-29,48.770000,48.919998,48.029999,48.169998,42.077858,3655500
2016-09-30,48.419998,48.869999,48.340000,48.730000,42.567039,8385800
2016-10-03,48.709999,48.740002,48.529999,48.630001,42.479687,3548200
2016-10-04,48.889999,49.020000,48.509998,48.680000,42.523357,4001100
2016-10-05,48.869999,48.939999,48.730000,48.860001,42.680599,3380500
2016-10-06,48.610001,48.619999,48.410000,48.490002,42.357391,2204500
2016-10-07,48.200001,48.230000,47.720001,48.070000,41.990513,2743000
2016-10-10,48.090000,48.310001,48.090000,48.169998,42.077858,1169000
2016-10-11,48.040001,48.060001,47.320000,47.439999,41.440193,3107800
2016-10-12,47.389999,47.470001,47.150002,47.290001,41.309158,2102500
2016-10-13,46.720001,47.250000,46.570000,47.119999,41.160660,2985300
2016-10-14,47.410000,47.570000,47.180000,47.180000,41.213074,2274800
2016-10-17,47.060001,47.160000,46.900002,47.000000,41.055832,1782600
2016-10-18,47.630001,47.720001,47.470001,47.599998,41.579952,1740300
2016-10-19,47.560001,47.759998,47.560001,47.660000,41.632362,2032600
2016-10-20,47.500000,47.779999,47.459999,47.660000,41.632362,3244300
2016-10-21,47.279999,47.549999,47.259998,47.520000,41.510071,1675800
2016-10-24,47.590000,47.660000,47.360001,47.459999,41.457657,5896800
2016-10-25,47.270000,47.380001,47.110001,47.279999,41.300423,2632900
2016-10-26,47.070000,47.250000,46.980000,47.049999,41.099514,1670100
2016-10-27,47.259998,47.279999,47.040001,47.099998,41.143181,1628400
2016-10-28,47.009998,47.220001,46.980000,47.060001,41.108257,3251700
2016-10-31,46.970001,47.110001,46.840000,47.009998,41.064571,2016000
2016-11-01,47.180000,47.209999,46.689999,46.820000,40.898609,3303100
2016-11-02,46.830002,46.869999,46.459999,46.509998,40.627804,2975500
2016-11-03,46.700001,46.759998,46.400002,46.490002,40.610344,2528800
2016-11-04,46.139999,46.360001,46.029999,46.029999,40.208511,3244800
2016-11-07,46.610001,46.759998,46.500000,46.759998,40.846184,2170900
2016-11-08,46.630001,47.000000,46.570000,46.900002,40.968487,2098600
2016-11-09,46.540001,47.299999,46.540001,47.139999,41.178127,4359400
2016-11-10,47.040001,47.160000,46.500000,46.900002,40.968487,4569500
2016-11-11,46.549999,46.660000,46.259998,46.439999,40.566662,2576800
2016-11-14,45.990002,46.119999,45.849998,46.040001,40.217251,2962300
2016-11-15,45.950001,46.360001,45.910000,46.360001,40.496784,2233200
2016-11-16,45.810001,46.009998,45.740002,45.849998,40.051281,8245000
2016-11-17,45.990002,46.189999,45.939999,46.070000,40.243454,6350000
2016-11-18,45.740002,45.770000,45.520000,45.599998,39.832893,3894600
2016-11-21,45.770000,46.000000,45.750000,45.990002,40.173576,3711400
2016-11-22,46.020000,46.070000,45.820000,46.029999,40.208511,2320000
2016-11-23,45.450001,45.740002,45.360001,45.700001,39.920250,2342000
2016-11-25,46.009998,46.080002,45.959999,46.080002,40.252193,1345300
2016-11-28,45.750000,45.759998,45.520000,45.540001,39.780487,2503900
2016-11-29,45.580002,46.000000,45.549999,45.939999,40.129890,2878900
2016-11-30,46.029999,46.080002,45.820000,45.910000,40.103695,4140400
2016-12-01,45.849998,45.959999,45.720001,45.840000,40.042545,2651500
2016-12-02,45.669998,46.099998,45.650002,45.990002,40.173576,5255800
2016-12-05,46.419998,46.730000,46.349998,46.680000,40.776310,4250100
2016-12-06,46.700001,47.130001,46.700001,47.110001,41.151928,4126500
2016-12-07,47.189999,47.860001,47.189999,47.750000,41.710987,3526900
2016-12-08,47.480000,47.549999,47.299999,47.470001,41.466400,5131300
2016-12-09,47.529999,47.740002,47.439999,47.730000,41.693504,3177200
2016-12-12,47.570000,47.799999,47.520000,47.660000,41.632362,2894400
2016-12-13,47.990002,48.330002,47.990002,48.169998,42.077858,3382000
2016-12-14,48.049999,48.230000,47.360001,47.419998,41.422718,4537100
2016-12-15,47.349998,47.459999,47.259998,47.389999,41.396511,3651200
2016-12-16,47.520000,47.779999,47.470001,47.630001,41.606167,3755800
2016-12-19,47.549999,47.709999,47.439999,47.459999,41.457657,5669000
2016-12-20,47.270000,47.419998,47.209999,47.360001,41.568256,4269700
2016-12-21,47.470001,47.540001,47.430000,47.480000,41.673573,5485700
2016-12-22,47.500000,47.590000,47.349998,47.389999,41.594582,3123900
2016-12-23,47.419998,47.580002,47.410000,47.580002,41.761353,2410700
2016-12-27,47.610001,47.700001,47.590000,47.650002,41.822788,2252200
2016-12-28,47.450001,47.500000,47.270000,47.349998,41.559471,2638500
2016-12-29,47.560001,47.730000,47.560001,47.680000,41.849121,4123900
2016-12-30,48.110001,48.209999,47.830002,47.939999,42.077324,4807600
2017-01-03,48.009998,48.139999,47.939999,48.099998,42.217758,3817400
2017-01-04,48.209999,48.500000,48.130001,48.500000,42.568844,2786200
2017-01-05,48.580002,49.000000,48.580002,48.939999,42.955036,5206000
2017-01-06,48.680000,48.820000,48.619999,48.700001,42.744381,2808900
2017-01-09,48.410000,48.590000,48.320000,48.529999,42.595173,2343600
2017-01-10,48.549999,48.709999,48.520000,48.520000,42.586391,2667900
2017-01-11,48.410000,48.810001,48.320000,48.770000,42.805824,4145700
2017-01-12,48.880001,48.980000,48.730000,48.820000,42.849709,6744200
2017-01-13,49.029999,49.090000,48.889999,49.029999,43.034023,2840200
2017-01-17,49.040001,49.119999,48.970001,49.029999,43.034023,4648400
2017-01-18,48.880001,49.000000,48.730000,48.830002,42.858486,2705000
2017-01-19,48.730000,48.820000,48.560001,48.730000,42.770710,3644800
2017-01-20,48.840000,49.029999,48.830002,49.000000,43.007698,3698000
2017-01-23,49.020000,49.200001,48.889999,49.160000,43.148129,4433300
2017-01-24,49.139999,49.340000,49.099998,49.270000,43.244675,2249400
2017-01-25,49.639999,49.880001,49.630001,49.860001,43.762520,2420900
2017-01-26,49.650002,49.700001,49.459999,49.540001,43.481655,2291300
2017-01-27,49.540001,49.610001,49.459999,49.529999,43.472878,1349100
2017-01-30,49.040001,49.150002,48.889999,49.119999,43.113018,2517700
2017-01-31,49.369999,49.410000,49.110001,49.360001,43.323677,3646000
2017-02-01,49.639999,49.639999,49.360001,49.509998,43.455318,3632300
2017-02-02,49.580002,49.650002,49.360001,49.470001,43.420208,2448500
2017-02-03,49.619999,49.759998,49.549999,49.650002,43.578209,1961400
2017-02-06,49.150002,49.230000,49.029999,49.180000,43.165680,2345600
2017-02-07,49.070000,49.220001,49.070000,49.200001,43.183239,2331600
2017-02-08,49.090000,49.299999,48.990002,49.290001,43.262234,1506200
2017-02-09,49.439999,49.570000,49.369999,49.459999,43.411438,3598000
2017-02-10,49.299999,49.529999,49.270000,49.470001,43.420208,2778800
2017-02-13,49.740002,49.759998,49.599998,49.650002,43.578209,2474800
2017-02-14,49.630001,49.689999,49.439999,49.660000,43.586987,2379000
2017-02-15,49.470001,49.889999,49.439999,49.889999,43.788857,3167700
2017-02-16,49.959999,50.090000,49.930000,50.090000,43.964405,2035500
2017-02-17,49.770000,49.919998,49.709999,49.910000,43.806404,3813200
2017-02-21,49.700001,49.939999,49.689999,49.919998,43.815178,3164300
2017-02-22,49.630001,49.939999,49.570000,49.910000,43.806404,4094600
2017-02-23,50.060001,50.099998,49.900002,50.029999,43.911728,2126800
2017-02-24,49.400002,49.639999,49.369999,49.580002,43.516766,2722600
2017-02-27,49.480000,49.730000,49.470001,49.700001,43.622082,1937800
2017-02-28,49.660000,49.840000,49.590000,49.650002,43.578209,3687600
2017-03-01,49.980000,50.320000,49.959999,50.169998,44.034618,3855500
2017-03-02,50.020000,50.139999,49.959999,49.980000,43.867851,2195800
2017-03-03,50.110001,50.450001,50.049999,50.380001,44.218929,4847800
2017-03-06,50.200001,50.200001,50.020000,50.139999,44.008286,3400500
2017-03-07,49.869999,49.980000,49.759998,49.889999,43.788857,2096500
2017-03-08,49.919998,49.950001,49.680000,49.689999,43.613316,2809700
2017-03-09,49.950001,50.080002,49.889999,50.070000,43.946838,2403700
2017-03-10,50.349998,50.560001,50.299999,50.520000,44.341816,3818800
2017-03-13,50.590000,50.720001,50.570000,50.700001,44.499802,3142700
2017-03-14,50.349998,50.400002,50.230000,50.290001,44.139927,2131700
2017-03-15,50.400002,51.040001,50.360001,51.029999,44.789440,3399000
2017-03-16,51.400002,51.580002,51.299999,51.560001,45.254631,6021600
2017-03-17,51.619999,51.759998,51.480000,51.630001,45.316071,2065900
2017-03-20,51.580002,51.709999,51.430000,51.509998,45.210739,2343100
2017-03-21,52.029999,52.070000,51.360001,51.360001,45.079082,3094700
2017-03-22,50.950001,51.150002,50.860001,51.110001,45.102913,3695200
2017-03-23,51.020000,51.400002,51.020000,51.279999,45.252934,3068100
2017-03-24,51.330002,51.470001,51.270000,51.369999,45.332355,2516100
2017-03-27,51.400002,51.630001,51.369999,51.590000,45.526497,2865300
2017-03-28,51.590000,51.790001,51.529999,51.639999,45.570621,4368900
2017-03-29,51.320000,51.580002,51.290001,51.580002,45.517681,3306600
2017-03-30,51.509998,51.619999,51.410000,51.439999,45.394119,1987100
2017-03-31,51.400002,51.709999,51.360001,51.570000,45.508839,2122200
2017-04-03,51.459999,51.509998,50.990002,51.360001,45.323524,2525700
2017-04-04,51.220001,51.410000,51.119999,51.400002,45.358829,1760900
2017-04-05,51.400002,51.529999,51.130001,51.130001,45.120571,3916000
2017-04-06,51.349998,51.439999,51.209999,51.299999,45.270584,2931000
2017-04-07,51.150002,51.330002,51.130001,51.220001,45.199974,2026400
2017-04-10,51.160000,51.299999,51.139999,51.150002,45.138214,1827900
2017-04-11,51.450001,51.500000,51.090000,51.500000,45.447075,3365500
2017-04-12,51.439999,51.560001,51.279999,51.529999,45.473541,3472200
2017-04-13,51.270000,51.349998,51.119999,51.160000,45.147041,2299900
2017-04-17,51.410000,51.509998,51.369999,51.509998,45.455906,3445800
2017-04-18,51.169998,51.290001,50.950001,51.270000,45.244110,4304000
2017-04-19,51.419998,51.439999,51.090000,51.139999,45.129383,2733000
2017-04-20,51.560001,51.709999,51.470001,51.500000,45.447075,10030600
2017-04-21,51.380001,51.459999,51.299999,51.439999,45.394119,2535000
2017-04-24,53.049999,53.349998,53.040001,53.320000,47.053162,8713700
2017-04-25,53.590000,53.810001,53.520000,53.770000,47.450275,7282400
2017-04-26,53.549999,53.759998,53.509998,53.580002,47.282608,3513000
2017-04-27,53.610001,53.709999,53.490002,53.680000,47.370853,4276800
2017-04-28,53.740002,53.759998,53.580002,53.580002,47.282608,4565400
2017-05-01,53.759998,53.930000,53.599998,53.790001,47.467922,3169900
2017-05-02,54.000000,54.259998,53.939999,54.259998,47.882683,5305500
2017-05-03,54.049999,54.189999,53.930000,54.090000,47.732670,8704300
2017-05-04,54.360001,54.880001,54.360001,54.880001,48.429813,5336200
2017-05-05,54.990002,55.590000,54.939999,55.590000,49.056366,4689800
2017-05-08,55.000000,55.009998,54.820000,54.950001,48.491589,5413600
2017-05-09,55.009998,55.049999,54.799999,54.910000,48.456291,4666300
2017-05-10,54.990002,55.040001,54.889999,55.040001,48.571014,3193300
2017-05-11,54.779999,54.919998,54.630001,54.910000,48.456291,6461800
2017-05-12,55.009998,55.320000,54.990002,55.320000,48.818096,6721500
2017-05-15,55.439999,55.630001,55.419998,55.619999,49.082832,7246100
2017-05-16,56.099998,56.150002,55.980000,56.150002,49.550552,4999900
2017-05-17,55.860001,55.910000,55.380001,55.389999,48.879875,6105000
2017-05-18,55.200001,55.470001,55.130001,55.410000,48.897526,5810700
2017-05-19,55.930000,56.209999,55.930000,56.189999,49.585850,5790600
2017-05-22,56.419998,56.480000,56.259998,56.349998,49.727043,4501600
2017-05-23,56.480000,56.529999,56.230000,56.299999,49.682911,8022700
2017-05-24,56.189999,56.410000,56.150002,56.380001,49.753521,4794500
2017-05-25,56.389999,56.480000,56.259998,56.369999,49.744694,6664900
2017-05-26,56.009998,56.119999,55.959999,56.119999,49.524075,5184100
2017-05-30,55.939999,56.119999,55.910000,56.020000,49.435825,3767500
2017-05-31,56.410000,56.500000,56.160000,56.209999,49.603497,4128300
2017-06-01,56.360001,56.599998,56.299999,56.599998,49.947659,4111900
2017-06-02,56.810001,56.990002,56.700001,56.970001,50.274174,5410400
2017-06-05,56.619999,56.669998,56.490002,56.590000,49.938831,4596800
2017-06-06,56.270000,56.400002,56.220001,56.369999,49.744694,14546000
2017-06-07,56.439999,56.549999,56.090000,56.400002,49.771168,4301100
2017-06-08,56.090000,56.200001,55.980000,56.200001,49.594673,13604600
2017-06-09,55.930000,56.130001,55.759998,56.000000,49.418179,8218300
2017-06-12,55.750000,55.820000,55.520000,55.680000,49.135792,6907600
2017-06-13,56.000000,56.160000,55.930000,56.139999,49.541725,5984400
2017-06-14,56.450001,56.500000,55.840000,56.080002,49.488781,7773800
2017-06-15,55.009998,55.380001,55.009998,55.330002,48.826927,8154500
2017-06-16,55.730000,56.049999,55.669998,56.049999,49.462303,4249900
2017-06-19,56.259998,56.360001,56.189999,56.250000,49.638794,4099900
2017-06-20,56.049999,56.070000,55.500000,55.610001,49.074020,4073100
2017-06-21,54.799999,54.919998,54.740002,54.880001,49.116070,4178500
2017-06-22,54.820000,54.959999,54.709999,54.810001,49.053425,3344500
2017-06-23,54.840000,55.099998,54.740002,55.000000,49.223469,2243500
2017-06-26,55.439999,55.490002,55.119999,55.130001,49.339825,3029100
2017-06-27,55.240002,55.430000,55.130001,55.270000,49.465118,9428700
2017-06-28,55.439999,55.779999,55.419998,55.740002,49.885761,6351100
2017-06-29,55.509998,55.509998,54.860001,55.070000,49.286118,8749900
2017-06-30,55.250000,55.250000,54.770000,55.139999,49.348770,5072400
2017-07-03,55.130001,55.290001,55.119999,55.130001,49.339825,3057700
2017-07-05,55.000000,55.160000,54.880001,55.130001,49.339825,5184300
2017-07-06,54.820000,55.130001,54.590000,54.930000,49.160835,3971000
2017-07-07,54.930000,55.110001,54.720001,55.080002,49.295071,2240600
2017-07-10,55.029999,55.230000,54.970001,55.200001,49.402477,2450300
2017-07-11,54.930000,55.259998,54.849998,55.240002,49.438271,3087100
2017-07-12,55.630001,55.799999,55.590000,55.709999,49.858910,3049900
2017-07-13,55.860001,55.980000,55.709999,55.939999,50.064743,4279900
2017-07-14,56.029999,56.410000,55.980000,56.369999,50.449585,3592000
2017-07-17,56.279999,56.330002,56.209999,56.270000,50.360092,3926900
2017-07-18,56.200001,56.279999,56.119999,56.250000,50.342182,3459300
2017-07-19,56.270000,56.430000,56.230000,56.369999,50.449585,3682000
2017-07-20,56.590000,56.750000,56.480000,56.669998,50.718082,5106500
2017-07-21,56.299999,56.389999,56.070000,56.380001,50.458534,3802400
2017-07-24,56.070000,56.230000,55.919998,56.169998,50.270588,4320700
2017-07-25,56.580002,56.610001,56.250000,56.299999,50.386936,3226000
2017-07-26,56.529999,56.840000,56.410000,56.720001,50.762825,3260800
2017-07-27,56.820000,56.820000,56.310001,56.480000,50.548035,3570800
2017-07-28,56.340000,56.549999,56.240002,56.540001,50.601734,2933700
2017-07-31,56.590000,56.740002,56.450001,56.700001,50.744923,2502300
2017-08-01,57.119999,57.240002,56.970001,57.029999,51.040272,5945400
2017-08-02,57.090000,57.180000,56.900002,57.080002,51.085014,3808400
2017-08-03,57.110001,57.270000,57.029999,57.130001,51.129765,7016400
2017-08-04,57.209999,57.310001,57.020000,57.250000,51.237160,5185600
2017-08-07,57.189999,57.290001,57.169998,57.290001,51.272961,1718700
2017-08-08,57.230000,57.279999,56.860001,56.910000,50.932873,2747300
2017-08-09,56.529999,56.889999,56.480000,56.880001,50.906029,4175400
2017-08-10,56.410000,56.450001,55.980000,55.990002,50.109505,4124100
2017-08-11,55.889999,56.029999,55.759998,55.889999,50.020000,2449000
2017-08-14,56.340000,56.470001,56.279999,56.340000,50.422737,1615000
2017-08-15,56.200001,56.299999,56.020000,56.250000,50.342182,1413400
2017-08-16,56.450001,56.650002,56.389999,56.590000,50.646477,3207100
2017-08-17,56.369999,56.450001,55.900002,55.910000,50.037899,3372400
2017-08-18,55.910000,56.080002,55.810001,55.959999,50.082645,2412200
2017-08-21,55.990002,56.099998,55.840000,55.990002,50.109505,2473500
2017-08-22,56.130001,56.310001,56.099998,56.279999,50.369034,2624200
2017-08-23,56.160000,56.340000,56.110001,56.299999,50.386936,2057800
2017-08-24,56.450001,56.480000,56.200001,56.200001,50.297447,1389700
2017-08-25,56.480000,56.779999,56.410000,56.660000,50.709122,3664400
2017-08-28,56.730000,56.740002,56.590000,56.630001,50.682285,1855500
2017-08-29,56.209999,56.490002,56.200001,56.380001,50.458534,2477300
2017-08-30,56.330002,56.389999,56.230000,56.290001,50.377987,2928200
2017-08-31,56.480000,56.759998,56.430000,56.740002,50.780731,2598400
2017-09-01,57.009998,57.049999,56.840000,56.849998,50.879181,1687700
2017-09-05,56.759998,56.889999,56.340000,56.520000,50.583828,2917700
2017-09-06,56.860001,57.060001,56.799999,56.959999,50.977619,3204400
2017-09-07,57.480000,57.490002,57.299999,57.490002,51.451954,2948100
2017-09-08,57.619999,57.619999,57.459999,57.459999,51.425098,2006300
2017-09-11,57.799999,58.040001,57.799999,57.930000,51.845749,1844300
2017-09-12,58.049999,58.169998,58.029999,58.150002,52.042645,2265500
2017-09-13,58.040001,58.070000,57.720001,57.770000,51.702541,1725200
2017-09-14,57.759998,58.000000,57.730000,58.000000,51.908394,1654000
2017-09-15,58.049999,58.150002,57.900002,58.049999,51.953140,2180800
2017-09-18,58.220001,58.310001,58.020000,58.139999,52.033684,2583200
2017-09-19,58.380001,58.439999,58.270000,58.430000,52.293232,2336600
2017-09-20,58.189999,58.400002,57.720001,58.040001,52.150360,3589900
2017-09-21,57.910000,58.119999,57.900002,58.029999,52.141373,1583800
2017-09-22,58.220001,58.330002,58.150002,58.200001,52.294132,2078000
2017-09-25,57.939999,58.060001,57.650002,57.759998,51.898769,2486700
2017-09-26,57.599998,57.660000,57.380001,57.549999,51.710087,3369300
2017-09-27,57.450001,57.709999,57.450001,57.619999,51.772991,2216700
2017-09-28,57.750000,57.970001,57.720001,57.869999,51.997608,1843600
2017-09-29,58.099998,58.419998,57.970001,58.330002,52.410946,4267400
2017-10-02,58.080002,58.259998,58.060001,58.160000,52.258190,4224100
2017-10-03,58.279999,58.419998,58.240002,58.389999,52.464851,2771400
2017-10-04,58.259998,58.360001,58.240002,58.279999,52.366005,2685100
2017-10-05,58.139999,58.259998,58.110001,58.209999,52.303112,2616700
2017-10-06,57.959999,58.150002,57.889999,58.139999,52.240215,1753800
2017-10-09,58.189999,58.209999,58.080002,58.110001,52.213268,1073200
2017-10-10,58.450001,58.750000,58.400002,58.740002,52.779335,4429000
2017-10-11,58.720001,58.880001,58.680000,58.869999,52.896149,2300400
2017-10-12,58.720001,58.889999,58.650002,58.790001,52.824257,1812500
2017-10-13,58.980000,59.020000,58.830002,58.849998,52.878166,1558700
2017-10-16,58.759998,58.790001,58.639999,58.689999,52.734402,1433400
2017-10-17,58.490002,58.500000,58.330002,58.430000,52.500790,1837100
2017-10-18,58.630001,58.740002,58.570000,58.730000,52.770351,3965300
2017-10-19,58.459999,58.610001,58.430000,58.549999,52.608612,2667700
2017-10-20,58.529999,58.529999,58.380001,58.410000,52.482822,1661400
2017-10-23,58.389999,58.439999,58.200001,58.209999,52.303112,1725100
2017-10-24,58.230000,58.340000,58.160000,58.209999,52.303112,2411900
2017-10-25,58.369999,58.430000,57.950001,58.169998,52.267170,2387500
2017-10-26,58.230000,58.270000,58.029999,58.040001,52.150360,3810900
2017-10-27,57.900002,58.029999,57.770000,57.959999,52.078484,2535200
2017-10-30,57.900002,58.320000,57.900002,58.310001,52.392967,1549300
2017-10-31,58.459999,58.660000,58.430000,58.599998,52.653538,2443600
2017-11-01,58.779999,58.840000,58.540001,58.540001,52.599625,3320200
2017-11-02,58.450001,58.689999,58.450001,58.689999,52.734402,2001000
2017-11-03,58.610001,58.619999,58.369999,58.580002,52.635567,4025500
2017-11-06,58.430000,58.689999,58.400002,58.669998,52.716438,2145500
2017-11-07,58.369999,58.419998,58.020000,58.169998,52.267170,2546000
2017-11-08,58.080002,58.259998,58.009998,58.200001,52.294132,5415000
2017-11-09,57.689999,57.810001,57.490002,57.779999,51.916744,3052300
2017-11-10,57.689999,57.770000,57.590000,57.680000,51.826900,1618700
2017-11-13,57.049999,57.400002,57.009998,57.369999,51.548355,2510500
2017-11-14,57.400002,57.590000,57.270000,57.570000,51.728062,2665900
2017-11-15,57.200001,57.400002,57.130001,57.270000,51.458504,2075100
2017-11-16,57.660000,57.740002,57.580002,57.709999,51.853859,1967400
2017-11-17,57.549999,57.619999,57.419998,57.529999,51.692116,1729500
2017-11-20,57.740002,57.810001,57.599998,57.619999,51.772991,1821800
2017-11-21,57.950001,58.070000,57.900002,57.980000,52.096458,1866500
2017-11-22,58.310001,58.360001,57.980000,58.169998,52.267170,1997300
2017-11-24,58.700001,58.770000,58.630001,58.700001,52.743393,1331500
2017-11-27,58.639999,58.660000,58.290001,58.290001,52.374996,2082700
2017-11-28,58.520000,58.709999,58.410000,58.650002,52.698467,2905100
2017-11-29,58.750000,58.849998,58.360001,58.439999,52.509773,3115500
2017-11-30,58.700001,58.840000,58.500000,58.570000,52.626579,13176300
2017-12-01,58.320000,58.490002,58.060001,58.330002,52.410946,5063100
2017-12-04,58.560001,58.599998,58.250000,58.259998,52.348045,3545500
2017-12-05,58.150002,58.299999,57.990002,58.049999,52.159351,3973400
2017-12-06,57.880001,58.060001,57.849998,57.919998,52.042545,1947700
2017-12-07,57.939999,58.240002,57.910000,58.080002,52.186306,7056800
2017-12-08,58.419998,58.470001,58.209999,58.419998,52.491806,1908000
2017-12-11,58.459999,58.549999,58.410000,58.470001,52.536732,2092800
2017-12-12,58.400002,58.540001,58.360001,58.520000,52.581657,2285000
2017-12-13,58.580002,58.740002,58.450001,58.599998,52.653538,3116000
2017-12-14,58.660000,58.730000,58.299999,58.310001,52.392967,2632000
2017-12-15,58.230000,58.349998,58.060001,58.270000,52.357021,4335400
2017-12-18,58.970001,59.169998,58.959999,59.029999,53.039898,3487300
2017-12-19,58.790001,58.790001,58.500000,58.680000,53.007389,2782900
2017-12-20,58.689999,58.709999,58.459999,58.480000,52.826714,2626300
2017-12-21,58.549999,58.889999,58.540001,58.750000,53.070621,2365000
2017-12-22,58.660000,58.810001,58.590000,58.810001,53.124821,2485300
2017-12-26,58.700001,58.919998,58.700001,58.779999,53.097721,1000800
2017-12-27,58.910000,59.049999,58.869999,58.980000,53.278393,1679700
2017-12-28,59.200001,59.250000,59.049999,59.119999,53.404850,3283000
2017-12-29,59.349998,59.410000,59.099998,59.150002,53.431953,3182400
2018-01-02,59.340000,59.570000,59.230000,59.540001,53.784252,3203100
2018-01-03,59.570000,59.810001,59.529999,59.750000,53.973953,3227600
2018-01-04,60.330002,60.549999,60.320000,60.450001,54.606281,4297500
2018-01-05,60.669998,60.889999,60.580002,60.860001,54.976639,4860900
2018-01-08,60.700001,60.709999,60.599998,60.689999,54.823078,3492100
2018-01-09,60.680000,60.810001,60.520000,60.790001,54.913410,5295500
2018-01-10,60.730000,60.770000,60.520000,60.560001,54.705647,5009200
2018-01-11,60.740002,61.020000,60.730000,60.990002,55.094078,3350300
2018-01-12,61.470001,61.790001,61.410000,61.770000,55.798679,4842100
2018-01-16,61.959999,62.049999,61.740002,61.790001,55.816742,5918100
2018-01-17,61.919998,62.299999,61.730000,62.049999,56.051601,4501700
2018-01-18,62.020000,62.189999,61.889999,62.130001,56.123878,4378000
2018-01-19,62.410000,62.480000,62.189999,62.439999,56.403912,4096600
2018-01-22,62.570000,62.889999,62.529999,62.840000,56.765236,4526900
2018-01-23,62.880001,63.029999,62.790001,62.980000,56.891701,4978000
2018-01-24,63.419998,63.490002,62.980000,63.200001,57.090435,5111100
2018-01-25,63.540001,63.599998,62.810001,62.939999,56.855572,6613200
2018-01-26,63.320000,63.509998,63.250000,63.490002,57.352409,4116500
2018-01-29,62.980000,63.009998,62.689999,62.860001,56.783302,4139700
2018-01-30,62.759998,62.830002,62.400002,62.439999,56.403912,6257800
2018-01-31,62.770000,62.790001,62.320000,62.480000,56.440037,4009100
2018-02-01,62.290001,62.650002,62.240002,62.580002,56.530369,4877200
2018-02-02,61.830002,61.840000,61.020000,61.029999,55.130207,5824900
2018-02-05,60.340000,60.610001,58.310001,58.459999,52.808655,11946700
2018-02-06,58.320000,59.849998,58.270000,59.810001,54.028152,15318900
2018-02-07,59.200001,59.650002,58.889999,59.049999,53.341621,7884800
2018-02-08,59.169998,59.220001,57.599998,57.619999,52.049862,8998800
2018-02-09,57.810001,58.080002,56.369999,57.849998,52.257618,11320700
2018-02-12,58.169998,58.669998,58.029999,58.610001,52.944160,5759400
2018-02-13,58.380001,58.549999,58.200001,58.470001,52.817688,3421600
2018-02-14,58.230000,59.689999,58.150002,59.669998,53.901684,4986500
2018-02-15,59.959999,60.160000,59.560001,60.080002,54.272053,4070100
2018-02-16,60.040001,60.470001,60.000000,60.139999,54.326241,3435500
2018-02-20,59.689999,59.889999,59.380001,59.549999,53.793278,4435400
2018-02-21,59.689999,60.080002,59.230000,59.250000,53.522285,3956000
2018-02-22,59.470001,59.799999,59.290001,59.500000,53.748116,3965400
2018-02-23,59.669998,59.970001,59.560001,59.930000,54.136547,3350800
2018-02-26,60.040001,60.290001,59.779999,60.290001,54.461746,4105400
2018-02-27,59.889999,59.910000,59.279999,59.290001,53.558414,3990600
2018-02-28,59.410000,59.459999,58.639999,58.639999,52.971256,4084100
2018-03-01,58.340000,58.560001,57.529999,58.000000,52.393120,7066100
2018-03-02,57.730000,58.090000,57.419998,58.060001,52.447319,4865700
2018-03-05,57.740002,58.490002,57.720001,58.459999,52.808655,6642700
2018-03-06,58.889999,58.990002,58.680000,58.910000,53.215153,4391000
2018-03-07,58.759998,59.110001,58.630001,59.060001,53.350651,3790300
2018-03-08,59.279999,59.360001,58.970001,59.139999,53.422913,2920600
2018-03-09,59.250000,59.470001,59.160000,59.470001,53.721012,4203700
2018-03-12,59.490002,59.590000,59.400002,59.549999,53.793278,2939700
2018-03-13,59.669998,59.730000,58.970001,59.040001,53.332588,5008600
2018-03-14,59.540001,59.570000,58.970001,59.160000,53.440983,5191300
2018-03-15,59.110001,59.430000,59.070000,59.169998,53.450020,4153600
2018-03-16,59.130001,59.360001,59.090000,59.169998,53.450020,3475000
2018-03-19,59.099998,59.119999,58.619999,58.869999,53.179028,3351800
2018-03-20,58.680000,58.930000,58.639999,58.770000,53.088684,3394700
2018-03-21,58.740002,59.060001,58.610001,58.869999,53.179028,3392300
2018-03-22,58.080002,58.200001,57.549999,57.549999,51.986622,6388500
2018-03-23,57.880001,57.990002,57.200001,57.200001,51.670456,6577900
2018-03-26,57.919998,58.090000,57.290001,58.070000,52.712547,5955700
2018-03-27,58.090000,58.220001,57.209999,57.380001,52.086208,5875400
2018-03-28,57.750000,58.240002,57.540001,57.750000,52.422073,6538000
2018-03-29,58.200001,58.369999,57.930000,58.150002,52.785172,6536200
2018-04-02,58.189999,58.250000,57.020000,57.380001,52.086208,7264200
2018-04-03,57.680000,57.830002,57.389999,57.790001,52.458385,4471100
2018-04-04,57.099998,57.950001,57.080002,57.900002,52.558235,9206700
2018-04-05,58.299999,58.580002,58.279999,58.439999,53.048412,3131100
2018-04-06,58.549999,58.770000,58.099998,58.250000,52.875938,4104300
2018-04-09,58.779999,59.070000,58.590000,58.700001,53.284424,4037300
2018-04-10,59.330002,59.549999,59.250000,59.439999,53.956150,5120800
2018-04-11,59.259998,59.480000,59.099998,59.130001,53.674751,2726700
2018-04-12,59.299999,59.549999,59.270000,59.529999,54.037853,2653100
2018-04-13,59.750000,59.779999,59.419998,59.580002,54.083233,2036500
2018-04-16,59.820000,59.830002,59.590000,59.680000,54.174015,1946600
2018-04-17,59.930000,60.169998,59.880001,60.090000,54.546181,2843700
2018-04-18,60.240002,60.400002,60.189999,60.279999,54.718651,2804300
2018-04-19,60.369999,60.439999,59.980000,60.110001,54.564335,2977400
2018-04-20,59.900002,60.009998,59.740002,59.849998,54.328323,2689500
2018-04-23,59.820000,59.950001,59.660000,59.860001,54.337406,6053200
2018-04-24,59.900002,59.980000,59.380001,59.540001,54.046925,2826600
2018-04-25,59.220001,59.400002,59.009998,59.299999,53.829071,2361100
2018-04-26,59.689999,59.720001,59.430000,59.630001,54.128624,1640200
2018-04-27,59.540001,59.740002,59.380001,59.689999,54.183086,1821400
2018-04-30,59.509998,59.680000,59.380001,59.400002,53.919842,2865800
2018-05-01,59.250000,59.360001,58.810001,59.070000,53.620285,4654600
2018-05-02,59.549999,59.590000,59.080002,59.110001,53.656597,4352100
2018-05-03,59.290001,59.400002,58.840000,59.349998,53.874451,3995500
2018-05-04,58.889999,60.000000,58.849998,60.000000,54.464485,2418600
2018-05-07,59.529999,59.740002,59.419998,59.500000,54.010616,5272900
2018-05-08,59.189999,59.450001,59.070000,59.450001,53.965233,2594600
2018-05-09,59.599998,59.950001,59.580002,59.830002,54.310173,2340800
2018-05-10,59.930000,60.150002,59.770000,60.139999,54.591568,1634500
2018-05-11,60.259998,60.380001,60.169998,60.250000,54.691422,1753400
2018-05-14,60.349998,60.430000,60.160000,60.220001,54.664196,2818400
2018-05-15,59.750000,60.029999,59.570000,59.830002,54.310173,2408200
2018-05-16,59.720001,59.950001,59.610001,59.919998,54.391861,7662000
2018-05-17,60.000000,60.220001,59.930000,60.119999,54.573410,6296600
2018-05-18,59.889999,60.000000,59.790001,59.849998,54.328323,2222100
2018-05-21,60.250000,60.310001,60.099998,60.270000,54.709583,1591900
2018-05-22,60.410000,60.529999,60.230000,60.279999,54.718651,1840400
2018-05-23,59.380001,59.459999,59.119999,59.430000,53.947083,3544800
2018-05-24,59.349998,59.389999,58.930000,59.290001,53.819992,3430600
2018-05-25,58.770000,58.889999,58.599998,58.779999,53.357040,2844600
2018-05-29,57.520000,57.750000,56.849998,57.119999,51.850193,5688000
2018-05-30,57.779999,58.299999,57.599998,58.150002,52.785172,6242100
2018-05-31,58.009998,58.119999,57.540001,57.959999,52.612690,8293200
2018-06-01,58.439999,58.540001,58.139999,58.450001,53.057495,3790300
2018-06-04,58.849998,58.900002,58.529999,58.580002,53.175495,2455700
2018-06-05,58.630001,58.700001,58.320000,58.470001,53.075642,4847600
2018-06-06,58.700001,59.130001,58.570000,59.029999,53.583973,14597600
2018-06-07,59.110001,59.160000,58.560001,58.650002,53.239040,3909200
2018-06-08,58.669998,58.820000,58.450001,58.720001,53.302582,3514000
2018-06-11,59.020000,59.410000,58.970001,59.299999,53.829071,3284600
2018-06-12,59.230000,59.279999,58.880001,58.939999,53.502285,4821200
2018-06-13,59.189999,59.240002,58.849998,59.080002,53.629364,4490900
2018-06-14,59.060001,59.349998,58.990002,59.029999,53.583973,2661400
2018-06-15,58.599998,58.630001,58.380001,58.590000,53.184570,1962500
2018-06-18,57.799999,58.119999,57.740002,58.090000,52.730701,3167000
2018-06-19,57.270000,57.630001,57.169998,57.610001,52.294983,4959200
2018-06-20,57.790001,57.820000,57.509998,57.619999,52.304062,2322500
2018-06-21,57.389999,57.419998,57.060001,57.130001,51.859264,3534200
2018-06-22,56.820000,57.009998,56.570000,56.779999,52.562820,3961200
2018-06-25,56.330002,56.419998,55.849998,55.959999,51.803734,5923300
2018-06-26,56.000000,56.049999,55.750000,55.910000,51.757442,3817000
2018-06-27,56.029999,56.250000,55.410000,55.430000,51.313091,5671300
2018-06-28,55.279999,55.599998,55.180000,55.540001,51.414917,4834100
2018-06-29,56.200001,56.470001,56.020000,56.130001,51.961105,3859100
2018-07-02,55.419998,55.759998,55.389999,55.680000,51.544529,3084400
2018-07-03,56.230000,56.279999,55.919998,55.939999,51.785206,2132200
2018-07-05,56.630001,56.730000,56.490002,56.689999,52.479507,3370200
2018-07-06,56.750000,57.049999,56.680000,56.980000,52.747971,2762800
2018-07-09,57.369999,57.389999,57.169998,57.360001,53.099751,3021500
2018-07-10,57.410000,57.560001,57.369999,57.520000,53.247868,2414700
2018-07-11,56.799999,56.959999,56.320000,56.450001,52.257336,3530400
2018-07-12,56.820000,57.049999,56.720001,56.990002,52.757225,1959800
2018-07-13,56.910000,57.090000,56.790001,57.080002,52.840542,2586800
2018-07-16,57.080002,57.189999,56.970001,57.130001,52.886829,1947300
2018-07-17,56.869999,57.200001,56.830002,57.080002,52.840542,2784800
2018-07-18,57.070000,57.259998,56.990002,57.130001,52.886829,2119700
2018-07-19,56.820000,57.080002,56.750000,56.970001,52.738716,7418100
2018-07-20,56.970001,57.380001,56.959999,57.299999,53.044201,1969700
2018-07-23,57.200001,57.270000,57.070000,57.189999,52.942375,1415500
2018-07-24,57.610001,57.830002,57.419998,57.520000,53.247868,2220500
2018-07-25,57.500000,58.070000,57.230000,57.959999,53.655178,3141500
2018-07-26,57.650002,57.770000,57.540001,57.590000,53.312660,3125700
2018-07-27,57.849998,57.950001,57.630001,57.709999,53.423752,2117300
2018-07-30,58.029999,58.130001,57.860001,57.880001,53.581123,1737200
2018-07-31,58.250000,58.330002,57.950001,58.040001,53.729240,2798700
2018-08-01,57.799999,57.930000,57.520000,57.639999,53.358952,6758600
2018-08-02,56.950001,57.169998,56.820000,57.139999,52.896084,2671000
2018-08-03,56.950001,57.270000,56.950001,57.259998,53.007175,1820600
2018-08-06,56.860001,57.070000,56.740002,56.950001,52.720196,2946200
2018-08-07,56.860001,57.549999,56.860001,57.360001,53.099751,2386500
2018-08-08,57.299999,57.410000,57.139999,57.320000,53.062714,2260700
2018-08-09,57.360001,57.389999,57.099998,57.130001,52.886829,1765000
2018-08-10,55.959999,56.119999,55.730000,55.849998,51.701897,3193700
2018-08-13,55.820000,55.939999,55.560001,55.680000,51.544529,3484900
2018-08-14,55.680000,55.740002,55.459999,55.540001,51.414917,8056700
2018-08-15,54.709999,54.730000,54.259998,54.599998,50.544739,6155100
2018-08-16,54.950001,55.250000,54.939999,55.020000,50.933540,2814200
2018-08-17,54.889999,55.470001,54.889999,55.330002,51.220512,3029500
2018-08-20,55.619999,55.779999,55.610001,55.740002,51.600067,2016100
2018-08-21,56.270000,56.540001,56.160000,56.349998,52.164757,2886500
2018-08-22,56.590000,56.689999,56.470001,56.540001,52.340649,2171000
2018-08-23,56.410000,56.509998,56.119999,56.160000,51.988865,2554000
2018-08-24,56.509998,56.720001,56.430000,56.650002,52.442478,2232300
2018-08-27,56.990002,57.389999,56.990002,57.360001,53.099751,2382500
2018-08-28,57.540001,57.580002,57.259998,57.279999,53.025684,2573400
2018-08-29,57.189999,57.580002,57.139999,57.570000,53.294147,2554900
2018-08-30,57.090000,57.180000,56.910000,57.009998,52.775738,2513100
2018-08-31,56.549999,56.759998,56.169998,56.400002,52.211056,3512900
2018-09-04,55.669998,55.950001,55.580002,55.939999,51.785206,2891700
2018-09-05,55.770000,55.849998,55.400002,55.590000,51.461205,4226800
2018-09-06,55.500000,55.680000,55.119999,55.340000,51.229778,2719900
2018-09-07,54.790001,55.080002,54.750000,54.919998,50.840969,3721000
2018-09-10,55.470001,55.529999,55.360001,55.419998,51.303833,2228300
2018-09-11,55.049999,55.439999,54.980000,55.430000,51.313091,3011300
2018-09-12,55.509998,55.880001,55.490002,55.680000,51.544529,3306700
2018-09-13,56.150002,56.230000,55.889999,56.080002,51.914814,3568700
2018-09-14,56.060001,56.150002,55.820000,55.950001,51.794468,3232300
2018-09-17,56.259998,56.369999,56.049999,56.070000,51.905552,3117100
2018-09-18,56.230000,56.490002,56.230000,56.369999,52.183273,2281000
2018-09-19,56.310001,56.560001,56.310001,56.500000,52.303619,2164300
2018-09-20,57.270000,57.490002,57.130001,57.430000,53.164551,2755000
2018-09-21,57.360001,57.450001,57.320000,57.380001,53.118267,2549200
2018-09-24,57.459999,57.500000,57.119999,57.150002,52.905342,2438000
2018-09-25,57.509998,57.599998,57.360001,57.430000,53.164551,1644200
2018-09-26,57.040001,57.520000,57.000000,57.139999,53.101353,2844200
2018-09-27,57.029999,57.240002,56.869999,56.900002,52.878319,2704900
2018-09-28,56.230000,56.520000,56.139999,56.220001,52.246380,5431200
2018-10-01,56.529999,56.570000,56.209999,56.259998,52.283554,2823200
2018-10-02,55.820000,56.009998,55.759998,55.900002,51.948997,2633700
2018-10-03,56.270000,56.320000,56.020000,56.080002,52.116276,2578400
2018-10-04,55.669998,55.759998,55.180000,55.369999,51.456463,2599600
2018-10-05,55.099998,55.130001,54.720001,54.939999,51.056850,3842600
2018-10-08,54.090000,54.419998,53.990002,54.389999,50.545731,3698600
2018-10-09,53.889999,54.459999,53.820000,54.340000,50.499256,2796300
2018-10-10,54.070000,54.110001,53.110001,53.230000,49.467716,6223500
2018-10-11,53.250000,53.349998,52.290001,52.580002,48.863659,9587200
2018-10-12,53.060001,53.110001,52.259998,52.759998,49.030930,6185700
2018-10-15,52.650002,52.910000,52.549999,52.720001,48.993759,3451200
2018-10-16,53.490002,53.750000,53.410000,53.709999,49.913788,3386400
2018-10-17,53.369999,53.439999,52.980000,53.180000,49.421238,3916400
2018-10-18,52.959999,53.070000,52.150002,52.310001,48.612736,5609900
2018-10-19,52.459999,52.889999,52.430000,52.669998,48.947292,4624100
2018-10-22,52.570000,52.639999,52.180000,52.290001,48.594158,2883900
2018-10-23,51.529999,52.070000,51.230000,51.880001,48.213135,9193300
2018-10-24,51.549999,51.610001,50.389999,50.410000,46.847031,8586100
2018-10-25,50.930000,51.320000,50.720001,51.099998,47.488266,8692800
2018-10-26,50.580002,51.169998,50.150002,50.849998,47.255928,13813600
2018-10-29,51.520000,51.630001,50.490002,50.900002,47.302395,9413700
2018-10-30,50.889999,51.360001,50.830002,51.360001,47.729889,7204000
2018-10-31,51.799999,52.099998,51.730000,51.779999,48.120197,8170900
2018-11-01,52.450001,52.930000,52.230000,52.619999,48.900826,5906900
2018-11-02,52.980000,53.130001,52.360001,52.669998,48.947292,5970500
2018-11-05,52.680000,52.779999,52.470001,52.660000,48.938000,2231900
2018-11-06,52.500000,52.770000,52.459999,52.770000,49.040226,2860500
2018-11-07,53.290001,53.480000,53.130001,53.480000,49.700039,3443000
2018-11-08,53.240002,53.369999,52.750000,52.830002,49.095989,3905300
2018-11-09,52.580002,52.680000,52.330002,52.590000,48.872952,5315600
2018-11-12,52.000000,52.020000,51.450001,51.480000,47.841404,2820800
2018-11-13,51.709999,52.209999,51.639999,51.849998,48.185249,4666000
2018-11-14,52.279999,52.320000,51.650002,51.970001,48.296768,5433400
2018-11-15,51.349998,51.970001,51.060001,51.869999,48.203838,7707400
2018-11-16,51.520000,51.910000,51.439999,51.849998,48.185249,3807900
2018-11-19,51.849998,51.880001,51.259998,51.389999,47.757763,4334800
2018-11-20,50.639999,50.900002,50.360001,50.439999,46.874905,6884200
2018-11-21,51.009998,51.349998,50.900002,51.180000,47.562611,3567700
2018-11-23,50.619999,50.869999,50.619999,50.750000,47.162998,2052000
2018-11-26,51.360001,51.580002,51.349998,51.570000,47.925034,4088700
2018-11-27,51.169998,51.310001,50.980000,51.279999,47.655533,5137300
2018-11-28,51.299999,52.040001,51.060001,52.009998,48.333939,4810300
2018-11-29,51.720001,51.900002,51.349998,51.759998,48.101612,4522500
2018-11-30,51.400002,51.480000,51.180000,51.430000,47.794937,4151400
2018-12-03,52.130001,52.160000,51.830002,52.040001,48.361824,5729200
2018-12-04,51.869999,51.939999,50.730000,50.779999,47.190876,6780100
2018-12-06,49.799999,50.220001,49.290001,50.150002,46.605404,7562100
2018-12-07,50.209999,50.439999,49.540001,49.660000,46.150036,7913000
2018-12-10,49.450001,49.560001,48.770000,49.230000,45.750435,7475900
2018-12-11,49.790001,49.820000,49.130001,49.410000,45.917706,10282200
2018-12-12,50.160000,50.580002,50.160000,50.320000,46.763393,6639000
2018-12-13,50.310001,50.459999,50.119999,50.200001,46.651871,5918600
2018-12-14,49.610001,49.799999,49.439999,49.450001,45.954884,5669900
2018-12-17,49.380001,49.400002,48.790001,48.980000,45.518105,9404500
2018-12-18,49.259998,49.389999,48.900002,49.009998,45.545982,9011400
2018-12-19,49.380001,49.639999,48.509998,48.669998,45.230011,9526500
2018-12-20,48.880001,48.970001,48.400002,48.450001,45.025566,14880600
2018-12-21,48.450001,48.700001,47.820000,47.869999,44.486553,12444300
2018-12-24,47.430000,47.840000,46.950001,46.990002,43.954319,5545500
2018-12-26,47.119999,48.160000,46.799999,48.160000,45.048729,10756600
2018-12-27,47.340000,47.990002,46.959999,47.939999,44.842941,13086900
2018-12-28,48.529999,48.619999,48.250000,48.400002,45.273228,10743000
2018-12-31,48.730000,48.759998,48.410000,48.619999,45.479012,10719100
2019-01-02,47.970001,48.380001,47.849998,48.349998,45.226460,5273500
2019-01-03,48.189999,48.240002,47.900002,47.990002,44.889709,5106100
2019-01-04,48.680000,49.529999,48.669998,49.430000,46.236683,5387600
2019-01-07,49.490002,49.799999,49.360001,49.650002,46.442478,5431400
2019-01-08,50.119999,50.189999,49.869999,50.049999,46.816628,4973000
2019-01-09,50.560001,50.740002,50.400002,50.680000,47.405937,4154600
2019-01-10,50.480000,50.779999,50.410000,50.740002,47.462051,4076400
2019-01-11,50.509998,50.650002,50.349998,50.529999,47.265617,6960700
2019-01-14,50.099998,50.410000,50.060001,50.279999,47.031776,5020000
2019-01-15,50.150002,50.400002,49.990002,50.340000,47.087898,6426300
2019-01-16,50.330002,50.500000,50.320000,50.430000,47.172085,3542300
2019-01-17,50.200001,50.759998,50.200001,50.639999,47.368511,4774600
2019-01-18,51.209999,51.299999,51.029999,51.240002,47.929756,6185000
2019-01-22,50.770000,50.900002,50.509998,50.570000,47.303032,6274600
2019-01-23,51.070000,51.150002,50.750000,50.959999,47.667843,4243800
2019-01-24,50.889999,51.060001,50.709999,50.889999,47.602367,4358200
2019-01-25,51.349998,51.540001,51.320000,51.439999,48.116833,4049000
2019-01-28,51.070000,51.250000,50.980000,51.200001,47.892342,4264100
2019-01-29,51.580002,51.689999,51.410000,51.459999,48.135544,4069000
2019-01-30,51.619999,52.099998,51.470001,51.930000,48.575180,3685600
2019-01-31,51.770000,52.009998,51.630001,51.869999,48.519054,3440500
2019-02-01,51.910000,52.110001,51.770000,51.930000,48.575180,4405900
2019-02-04,51.799999,52.090000,51.689999,52.070000,48.706135,2815200
2019-02-05,52.369999,52.540001,52.310001,52.529999,49.136417,4424900
2019-02-06,52.439999,52.529999,52.279999,52.340000,48.958698,2817300
2019-02-07,51.910000,51.950001,51.480000,51.560001,48.229088,6466000
2019-02-08,51.230000,51.400002,51.029999,51.369999,48.051357,3373500
2019-02-11,51.330002,51.450001,51.189999,51.279999,47.967163,3009100
2019-02-12,51.619999,51.849998,51.619999,51.849998,48.500347,3092700
2019-02-13,51.980000,52.090000,51.830002,51.830002,48.481636,2424000
2019-02-14,51.820000,52.040001,51.730000,51.830002,48.481636,4387100
2019-02-15,52.419998,52.630001,52.310001,52.630001,49.229958,3815900
2019-02-19,52.470001,52.959999,52.470001,52.919998,49.501221,3531400
2019-02-20,52.910000,53.349998,52.910000,53.180000,49.744419,5015200
2019-02-21,53.080002,53.119999,52.860001,52.939999,49.519932,5942100
2019-02-22,53.099998,53.220001,53.040001,53.130001,49.697659,2702100
2019-02-25,53.369999,53.450001,53.200001,53.240002,49.800552,2816600
2019-02-26,53.419998,53.730000,53.410000,53.639999,50.174709,3333300
2019-02-27,53.540001,53.630001,53.380001,53.419998,49.968922,3258700
2019-02-28,53.470001,53.689999,53.439999,53.509998,50.053108,2093900
2019-03-01,53.900002,54.020000,53.709999,53.889999,50.408558,4174800
2019-03-04,53.930000,53.980000,53.470001,53.669998,50.202766,3980300
2019-03-05,53.639999,53.840000,53.549999,53.740002,50.268250,3079200
2019-03-06,53.880001,53.880001,49.459999,53.630001,50.165356,2674900
2019-03-07,53.330002,53.369999,52.779999,52.779999,49.370262,4291200
2019-03-08,52.529999,52.820000,52.500000,52.810001,49.398327,3805400
2019-03-11,52.810001,53.250000,52.799999,53.250000,49.809898,2357300
2019-03-12,53.189999,53.320000,53.160000,53.230000,49.791195,2240900
2019-03-13,53.549999,53.889999,53.529999,53.860001,50.380493,2849200
2019-03-14,54.049999,54.200001,54.000000,54.070000,50.576931,2694000
2019-03-15,54.439999,54.689999,54.439999,54.660000,51.128815,5134100
2019-03-18,54.750000,54.900002,54.669998,54.889999,51.343956,2338700
2019-03-19,55.299999,55.340000,54.970001,55.070000,51.512325,3081800
2019-03-20,54.910000,55.380001,54.660000,55.130001,51.568451,4099000
2019-03-21,54.630001,54.910000,54.580002,54.900002,51.353310,8505700
2019-03-22,54.049999,54.139999,53.570000,53.619999,50.156002,8782200
2019-03-25,53.279999,53.419998,53.139999,53.320000,50.161648,5875100
2019-03-26,53.580002,53.669998,53.419998,53.500000,50.330978,2552100
2019-03-27,53.669998,53.770000,53.230000,53.630001,50.453285,5187800
2019-03-28,53.470001,53.520000,53.180000,53.360001,50.199280,3281900
2019-03-29,53.630001,53.689999,53.330002,53.610001,50.434460,3502200
2019-04-01,54.160000,54.320000,54.090000,54.310001,51.093010,4328700
2019-04-02,54.310001,54.549999,54.220001,54.540001,51.309380,8144900
2019-04-03,54.900002,55.139999,54.849998,55.040001,51.779762,4100300
2019-04-04,54.849998,54.959999,54.790001,54.889999,51.638645,2916300
2019-04-05,54.869999,55.060001,54.869999,55.040001,51.779762,1666300
2019-04-08,55.130001,55.189999,54.959999,55.099998,51.836205,1714700
2019-04-09,54.919998,54.939999,54.740002,54.779999,51.535164,2036700
2019-04-10,54.849998,55.049999,54.779999,55.009998,51.751541,2616900
2019-04-11,55.070000,55.139999,54.910000,55.029999,51.770355,2081300
2019-04-12,55.360001,55.419998,55.279999,55.389999,52.109028,2446100
2019-04-15,55.490002,55.520000,55.349998,55.490002,52.203110,1961200
2019-04-16,55.639999,55.680000,55.509998,55.529999,52.240742,1634400
2019-04-17,55.790001,55.790001,55.590000,55.720001,52.419487,2182000
2019-04-18,55.599998,55.669998,55.470001,55.570000,52.278366,2309900
2019-04-22,55.549999,55.700001,55.529999,55.619999,52.325413,1355000
2019-04-23,55.380001,55.590000,55.340000,55.560001,52.268967,1990500
2019-04-24,55.389999,55.430000,55.150002,55.209999,51.939697,3279600
2019-04-25,54.959999,55.130001,54.900002,55.119999,51.855022,2914000
2019-04-26,55.139999,55.279999,55.049999,55.240002,51.967918,1638900
2019-04-29,55.250000,55.509998,55.220001,55.470001,52.184284,2626400
2019-04-30,55.520000,55.770000,55.410000,55.709999,52.410076,3639100
2019-05-01,55.770000,55.840000,55.259998,55.259998,51.986729,4557400
2019-05-02,55.340000,55.360001,55.000000,55.070000,51.807991,4236300
2019-05-03,55.340000,55.650002,55.310001,55.630001,52.334820,3335800
2019-05-06,54.439999,55.189999,54.430000,55.110001,51.845619,6133500
2019-05-07,54.540001,54.590000,53.939999,54.090000,50.886040,4554500
2019-05-08,54.259998,54.500000,54.169998,54.360001,51.140038,4830900
2019-05-09,53.750000,54.139999,53.630001,54.029999,50.829586,4406100
2019-05-10,54.020000,54.480000,53.830002,54.450001,51.224709,6163700
2019-05-13,53.410000,53.480000,53.070000,53.150002,50.001720,5018200
2019-05-14,53.459999,53.820000,53.439999,53.660000,50.481506,3666700
2019-05-15,53.250000,53.970001,53.220001,53.900002,50.707294,4939700
2019-05-16,54.080002,54.509998,54.049999,54.360001,51.140038,2017400
2019-05-17,54.020000,54.240002,53.959999,54.009998,50.810772,3039500
2019-05-20,53.580002,53.820000,53.500000,53.639999,50.462685,2020500
2019-05-21,53.930000,54.130001,53.810001,54.029999,50.829586,2521800
2019-05-22,53.770000,53.990002,53.770000,53.840000,50.650845,1559900
2019-05-23,53.130001,53.259998,52.970001,53.200001,50.048752,2631400
2019-05-24,53.720001,53.830002,53.630001,53.820000,50.632030,2002700
2019-05-28,53.750000,53.820000,53.220001,53.220001,50.067570,2482900
2019-05-29,52.669998,52.770000,52.500000,52.750000,49.625408,3351000
2019-05-30,52.889999,53.049999,52.830002,53.029999,49.888821,2252500
2019-05-31,52.330002,52.599998,52.139999,52.549999,49.437252,3123100
2019-06-03,52.680000,52.990002,52.560001,52.919998,49.785339,4681800
2019-06-04,53.430000,53.610001,53.270000,53.590000,50.415649,3837300
2019-06-05,53.830002,53.830002,53.509998,53.570000,50.396835,2156200
2019-06-06,53.779999,53.959999,53.650002,53.849998,50.660252,4254800
2019-06-07,54.360001,54.730000,54.360001,54.560001,51.328194,2373200
2019-06-10,54.580002,54.770000,54.549999,54.639999,51.403458,3946400
2019-06-11,55.090000,55.180000,54.869999,54.990002,51.732727,3225700
2019-06-12,54.830002,54.939999,54.630001,54.630001,51.394051,1681300
2019-06-13,54.820000,54.840000,54.630001,54.689999,51.450493,1515300
2019-06-14,54.299999,54.310001,54.200001,54.240002,51.027153,2391500
2019-06-17,53.259998,53.400002,53.180000,53.220001,50.969692,6729000
2019-06-18,53.759998,54.090000,53.759998,54.040001,51.755020,6723000
2019-06-19,54.060001,54.400002,54.040001,54.259998,51.965710,3061800
2019-06-20,54.910000,54.950001,54.599998,54.759998,52.444572,2496600
2019-06-21,54.619999,54.869999,54.570000,54.720001,52.406269,9036200
2019-06-24,54.869999,54.950001,54.799999,54.840000,52.521191,4844400
2019-06-25,54.840000,54.869999,54.419998,54.430000,52.128525,9352300
2019-06-26,54.619999,54.680000,54.500000,54.520000,52.214718,1748800
2019-06-27,54.599998,54.639999,54.520000,54.529999,52.224293,1912800
2019-06-28,54.830002,55.020000,54.759998,54.900002,52.578655,3196400
2019-07-01,55.340000,55.389999,54.939999,55.099998,52.770187,2053200
2019-07-02,55.169998,55.270000,55.110001,55.209999,52.875549,1339600
2019-07-03,55.560001,55.669998,55.540001,55.639999,53.287365,3306000
2019-07-05,55.110001,55.139999,54.779999,55.080002,52.751041,2486900
2019-07-08,54.880001,54.939999,54.799999,54.820000,52.502037,2206500
2019-07-09,54.439999,54.650002,54.400002,54.590000,52.281757,1475800
2019-07-10,54.869999,54.980000,54.669998,54.759998,52.444572,3289800
2019-07-11,54.889999,54.900002,54.580002,54.730000,52.415840,1923600
2019-07-12,54.700001,54.750000,54.590000,54.750000,52.434994,925400
2019-07-15,54.880001,54.939999,54.779999,54.830002,52.511616,1476600
2019-07-16,54.770000,54.869999,54.630001,54.650002,52.339226,2266700
2019-07-17,54.799999,54.810001,54.520000,54.520000,52.214718,2465100
2019-07-18,54.439999,54.779999,54.349998,54.759998,52.444572,2622300
2019-07-19,54.560001,54.630001,54.430000,54.450001,52.147678,2356500
2019-07-22,54.580002,54.650002,54.470001,54.570000,52.262604,1740400
2019-07-23,54.849998,54.950001,54.750000,54.900002,52.578655,1581800
2019-07-24,54.720001,54.910000,54.700001,54.880001,52.559502,1730200
2019-07-25,54.830002,54.830002,54.330002,54.360001,52.061481,3555100
2019-07-26,54.599998,54.630001,54.500000,54.570000,52.262604,2025700
2019-07-29,54.759998,54.799999,54.590000,54.650002,52.339226,1660200
2019-07-30,53.910000,53.950001,53.700001,53.790001,51.515583,3760500
2019-07-31,53.849998,53.990002,53.070000,53.470001,51.209122,4581100
2019-08-01,53.410000,53.900002,53.070000,53.259998,51.007992,4309500
2019-08-02,53.060001,53.160000,52.570000,52.770000,50.538712,3426900
2019-08-05,52.029999,52.070000,51.380001,51.650002,49.466068,5767500
2019-08-06,52.040001,52.110001,51.590000,51.930000,49.734230,4878600
2019-08-07,51.689999,52.209999,51.580002,52.130001,49.925777,4889000
2019-08-08,52.380001,52.799999,52.299999,52.599998,50.375896,4595200
2019-08-09,52.450001,52.529999,52.200001,52.349998,50.136475,2236700
2019-08-12,52.160000,52.349998,51.900002,51.970001,49.772541,2565100
2019-08-13,51.790001,52.540001,51.740002,52.389999,50.174782,5302000
2019-08-14,51.340000,51.439999,50.900002,50.900002,48.747787,4375500
2019-08-15,50.900002,51.080002,50.660000,50.889999,48.738205,5512300
2019-08-16,51.160000,51.570000,51.160000,51.549999,49.370300,4182000
2019-08-19,52.080002,52.150002,51.919998,51.930000,49.734230,2385500
2019-08-20,51.840000,51.860001,51.599998,51.669998,49.485226,2436500
2019-08-21,52.439999,52.439999,52.209999,52.279999,50.069431,3247700
2019-08-22,52.310001,52.389999,51.980000,52.180000,49.973663,1914600
2019-08-23,52.090000,52.470001,51.560001,51.560001,49.379875,5918900
2019-08-26,51.939999,52.000000,51.720001,51.900002,49.705505,4542700
2019-08-27,52.169998,52.259998,51.930000,51.930000,49.734230,3095500
2019-08-28,51.680000,52.029999,51.529999,51.840000,49.648041,2978300
2019-08-29,52.360001,52.439999,52.200001,52.349998,50.136475,3799300
2019-08-30,52.779999,52.790001,52.349998,52.590000,50.366325,2857400
2019-09-03,52.180000,52.419998,52.130001,52.380001,50.165207,2651300
2019-09-04,53.029999,53.250000,52.970001,53.250000,50.998425,2855800
2019-09-05,53.639999,53.759998,53.480000,53.509998,51.247425,7608000
2019-09-06,53.650002,53.770000,53.619999,53.660000,51.391083,2200100
2019-09-09,53.740002,53.740002,53.590000,53.680000,51.410233,2230800
2019-09-10,53.560001,53.860001,53.470001,53.740002,51.467705,2964900
2019-09-11,53.820000,54.060001,53.779999,54.029999,51.745434,2846800
2019-09-12,53.959999,54.450001,53.910000,54.380001,52.080643,4777400
2019-09-13,54.590000,54.709999,54.490002,54.549999,52.243446,4860600
2019-09-16,54.169998,54.200001,53.970001,54.040001,51.755020,2507300
2019-09-17,53.970001,54.299999,53.910000,54.270000,51.975296,2634900
2019-09-18,54.200001,54.349998,53.950001,54.240002,51.946564,1923900
2019-09-19,54.529999,54.580002,54.389999,54.410000,52.109371,2384300
2019-09-20,54.470001,54.560001,54.209999,54.220001,51.927402,2668700
2019-09-23,53.840000,54.080002,53.799999,54.080002,51.793324,2850100
2019-09-24,53.750000,53.820000,53.430000,53.459999,51.506214,5036800
2019-09-25,53.029999,53.220001,52.799999,53.150002,51.207550,4839400
2019-09-26,53.439999,53.560001,53.320000,53.419998,51.467678,3195500
2019-09-27,53.570000,53.669998,53.310001,53.419998,51.467678,3619300
2019-09-30,53.470001,53.709999,53.470001,53.610001,51.650734,2849300
2019-10-01,53.430000,53.450001,52.930000,53.020000,51.082298,6793900
2019-10-02,52.169998,52.189999,51.619999,51.700001,49.810535,5786200
2019-10-03,51.759998,52.080002,51.509998,52.080002,50.176655,3537800
2019-10-04,52.150002,52.520000,52.090000,52.500000,50.581299,2642200
2019-10-07,52.490002,52.770000,52.490002,52.500000,50.581299,3675100
2019-10-08,52.119999,52.160000,51.849998,51.900002,50.003223,3773000
2019-10-09,52.279999,52.419998,52.180000,52.349998,50.436783,4663400
2019-10-10,52.400002,52.840000,52.340000,52.840000,50.908871,4293800
2019-10-11,53.869999,54.220001,53.840000,53.980000,52.007214,5613300
2019-10-14,53.680000,53.869999,53.650002,53.779999,51.814518,2010700
2019-10-15,53.950001,54.639999,53.919998,54.470001,52.479305,4612700
2019-10-16,54.450001,54.680000,54.400002,54.540001,52.546745,2324300
2019-10-17,54.950001,55.000000,54.630001,54.799999,52.797241,2066800
2019-10-18,54.770000,54.939999,54.599998,54.860001,52.855045,1803100
2019-10-21,55.209999,55.270000,55.070000,55.110001,53.095913,2485200
2019-10-22,55.049999,55.290001,54.860001,54.880001,52.874313,3355400
2019-10-23,54.980000,55.209999,54.939999,55.200001,53.182625,1842000
2019-10-24,55.480000,55.480000,55.200001,55.340000,53.317509,2614500
2019-10-25,55.150002,55.369999,55.110001,55.330002,53.307873,4908100
2019-10-28,55.490002,55.639999,55.419998,55.610001,53.577641,1604900
2019-10-29,55.330002,55.580002,55.279999,55.540001,53.510201,1895300
2019-10-30,55.459999,55.849998,55.230000,55.840000,53.799236,3691500
2019-10-31,55.669998,55.669998,55.430000,55.669998,53.635452,3391000
2019-11-01,55.880001,56.090000,55.869999,56.090000,54.040100,3905900
2019-11-04,56.480000,56.549999,56.270000,56.369999,54.309864,2093200
2019-11-05,56.240002,56.270000,56.099998,56.250000,54.194256,3398400
2019-11-06,56.299999,56.360001,56.139999,56.220001,54.165348,2653300
2019-11-07,56.470001,56.490002,56.279999,56.340000,54.280964,3775500
2019-11-08,56.130001,56.279999,56.000000,56.279999,54.223152,1969900
2019-11-11,56.049999,56.270000,56.029999,56.270000,54.213516,1093500
2019-11-12,56.270000,56.380001,56.160000,56.230000,54.174984,3190300
2019-11-13,55.970001,56.169998,55.970001,56.130001,54.078640,2061600
2019-11-14,55.939999,56.110001,55.880001,56.090000,54.040100,11050900
2019-11-15,56.220001,56.439999,56.180000,56.439999,54.377304,5066500
2019-11-18,56.369999,56.580002,56.299999,56.529999,54.464012,2133400
2019-11-19,56.730000,56.759998,56.360001,56.439999,54.377304,2551800
2019-11-20,56.119999,56.209999,55.910000,56.080002,54.030468,3376400
2019-11-21,56.020000,56.049999,55.820000,56.009998,53.963020,3204100
2019-11-22,56.250000,56.259998,55.990002,56.099998,54.049732,4281900
2019-11-25,56.349998,56.560001,56.349998,56.560001,54.492924,3225500
2019-11-26,56.540001,56.660000,56.520000,56.630001,54.560360,1917900
2019-11-27,56.639999,56.770000,56.610001,56.730000,54.656708,1690700
2019-11-29,56.490002,56.580002,56.380001,56.389999,54.329136,1242500
2019-12-02,56.299999,56.330002,55.860001,56.060001,54.011196,4617900
2019-12-03,55.549999,55.840000,55.380001,55.799999,53.760693,2595000
2019-12-04,56.130001,56.330002,56.090000,56.299999,54.242420,2264800
2019-12-05,56.439999,56.450001,56.189999,56.310001,54.252060,2737800
2019-12-06,56.700001,56.759998,56.599998,56.759998,54.685608,1892600
2019-12-09,56.650002,56.759998,56.509998,56.509998,54.444740,1339900
2019-12-10,56.470001,56.669998,56.349998,56.560001,54.492924,2238300
2019-12-11,56.540001,56.900002,56.529999,56.860001,54.781956,2454700
2019-12-12,56.910000,57.330002,56.860001,57.299999,55.205879,3239000
2019-12-13,57.869999,58.220001,57.680000,57.889999,55.774311,5423200
2019-12-16,58.650002,58.740002,58.560001,58.639999,56.496899,3107100
2019-12-17,58.299999,58.349998,58.209999,58.220001,56.092251,3587300
2019-12-18,58.160000,58.209999,58.020000,58.110001,55.986275,3522100
2019-12-19,58.049999,58.180000,57.970001,58.180000,56.053715,1655100
2019-12-20,58.310001,58.380001,58.230000,58.240002,56.111526,1915200
2019-12-23,58.060001,58.130001,58.029999,58.119999,56.315971,1694400
2019-12-24,58.150002,58.160000,58.029999,58.090000,56.286903,956000
2019-12-26,58.230000,58.400002,58.180000,58.380001,56.567905,1275000
2019-12-27,58.740002,58.770000,58.580002,58.650002,56.829521,1820600
2019-12-30,58.669998,58.700001,58.180000,58.189999,56.383797,3267000
2019-12-31,58.290001,58.599998,58.099998,58.599998,56.781075,2307500
2020-01-02,58.910000,59.090000,58.799999,59.090000,57.255863,2914400
2020-01-03,58.299999,58.669998,58.279999,58.349998,56.538834,3169600
2020-01-06,58.189999,58.580002,58.189999,58.570000,56.752007,2514700
2020-01-07,58.419998,58.419998,58.220001,58.279999,56.471001,3094600
2020-01-08,58.169998,58.590000,58.169998,58.430000,56.616348,5357100
2020-01-09,58.480000,58.500000,58.320000,58.490002,56.674492,2302000
2020-01-10,58.419998,58.500000,58.130001,58.209999,56.403179,3987600
2020-01-13,58.250000,58.500000,58.150002,58.500000,56.684177,3165000
2020-01-14,58.330002,58.599998,58.310001,58.540001,56.722939,3045400
2020-01-15,58.540001,58.660000,58.450001,58.560001,56.742313,1671200
2020-01-16,58.650002,58.840000,58.560001,58.840000,57.013622,1910800
2020-01-17,59.060001,59.070000,58.910000,59.070000,57.236485,1521700
2020-01-21,58.860001,58.880001,58.639999,58.639999,56.819828,2248600
2020-01-22,58.820000,58.830002,58.639999,58.700001,56.877972,2705800
2020-01-23,58.369999,58.520000,58.060001,58.459999,56.645420,8708400
2020-01-24,58.740002,58.740002,58.169998,58.250000,56.441936,3078100
2020-01-27,57.169998,57.349998,57.049999,57.049999,55.279186,2488200
2020-01-28,57.279999,57.660000,57.230000,57.639999,55.850868,2788900
2020-01-29,57.730000,57.880001,57.580002,57.709999,55.918701,1539400
2020-01-30,57.250000,57.709999,57.180000,57.680000,55.889633,3462400
2020-01-31,57.230000,57.259998,56.610001,56.790001,55.027256,4368300
2020-02-03,56.790001,57.090000,56.779999,56.810001,55.046638,1934700
2020-02-04,57.680000,57.820000,57.639999,57.759998,55.967144,2042100
2020-02-05,58.310001,58.419998,58.180000,58.330002,56.519455,4459300
2020-02-06,58.400002,58.470001,58.320000,58.430000,56.616348,1573300
2020-02-07,58.070000,58.139999,57.860001,57.869999,56.073730,2571200
2020-02-10,57.849998,58.090000,57.830002,58.049999,56.248142,3260200
2020-02-11,58.389999,58.580002,58.369999,58.480000,56.664799,5291900
2020-02-12,58.790001,58.840000,58.639999,58.840000,57.013622,3940100
2020-02-13,58.349998,58.580002,58.200001,58.450001,56.635727,1975900
2020-02-14,58.529999,58.560001,58.310001,58.459999,56.645420,1466100
2020-02-18,58.139999,58.310001,58.110001,58.209999,56.403179,1647900
2020-02-19,58.450001,58.590000,58.410000,58.590000,56.771381,4387000
2020-02-20,58.400002,58.560001,57.990002,58.240002,56.432251,2763600
2020-02-21,58.139999,58.200001,57.919998,58.049999,56.248142,2696600
2020-02-24,55.529999,56.000000,55.500000,55.549999,53.825745,3954500
2020-02-25,55.599998,55.619999,54.259998,54.290001,52.604855,6389300
2020-02-26,54.740002,55.150002,54.279999,54.340000,52.653301,7013100
2020-02-27,53.490002,54.080002,52.630001,52.650002,51.015759,11984100
2020-02-28,51.450001,52.340000,50.959999,52.270000,50.647552,15148900
2020-03-02,52.439999,53.169998,51.869999,53.139999,51.490551,12663100
2020-03-03,53.770000,54.299999,52.340000,52.689999,51.054520,8903200
2020-03-04,53.770000,54.580002,53.310001,54.509998,52.818020,10401300
2020-03-05,53.090000,53.410000,52.480000,52.669998,51.035137,8064900
2020-03-06,51.810001,52.279999,51.389999,51.950001,50.337486,7244700
2020-03-09,48.630001,49.389999,47.340000,47.470001,45.996548,11599500
2020-03-10,49.240002,49.400002,47.410000,49.150002,47.624401,15156400
2020-03-11,47.750000,47.910000,45.900002,46.330002,44.891933,14095000
2020-03-12,42.759998,42.860001,40.430000,41.080002,39.804886,10230400
2020-03-13,43.740002,43.790001,40.779999,43.639999,42.285427,8254500
2020-03-16,37.680000,39.970001,37.160000,38.500000,37.304970,8679500
2020-03-17,38.639999,40.169998,38.020000,40.110001,38.864994,8526200
2020-03-18,37.459999,38.360001,36.290001,37.150002,35.996876,11841400
2020-03-19,37.130001,38.840000,36.919998,38.060001,36.878632,10570800
2020-03-20,39.110001,39.599998,37.500000,37.540001,36.374771,8036600
2020-03-23,37.680000,38.110001,36.930000,37.099998,36.185551,10421600
2020-03-24,39.840000,40.709999,39.340000,40.459999,39.462730,12409100
2020-03-25,41.080002,42.700001,40.360001,41.990002,40.955025,9364500
2020-03-26,42.110001,44.130001,42.099998,44.049999,42.964245,7000600
2020-03-27,42.099998,43.349998,41.720001,42.590000,41.540234,9933300
2020-03-30,42.439999,43.330002,42.230000,43.299999,42.232731,7180000
2020-03-31,43.049999,43.680000,42.740002,43.279999,42.213223,7176300
2020-04-01,42.020000,42.400002,41.340000,41.380001,40.360062,6718800
2020-04-02,41.389999,42.459999,41.360001,42.169998,41.130581,7903800
2020-04-03,41.590000,41.680000,40.959999,41.290001,40.272278,5113100
2020-04-06,42.689999,43.480000,42.540001,43.330002,42.261993,8061200
2020-04-07,44.689999,44.759998,43.500000,43.590000,42.515587,7931100
2020-04-08,43.900002,44.360001,43.549999,44.250000,43.159317,4784700
2020-04-09,44.930000,45.509998,44.709999,45.360001,44.241955,5999000
2020-04-13,45.119999,45.340000,44.380001,44.740002,43.637241,6479100
2020-04-14,45.380001,45.790001,45.290001,45.500000,44.378506,5336800
2020-04-15,43.900002,44.029999,43.529999,43.639999,42.564350,5627900
2020-04-16,43.980000,44.060001,43.299999,43.770000,42.691147,6203800
2020-04-17,45.049999,45.330002,44.680000,45.250000,44.134666,4587000
2020-04-20,44.700001,45.349998,44.599998,44.599998,43.500687,5881800
2020-04-21,43.880001,44.320000,43.560001,43.689999,42.613117,5439200
2020-04-22,44.400002,44.439999,44.160000,44.389999,43.295868,3843200
2020-04-23,44.419998,45.090000,43.980000,44.119999,43.032516,4963300
2020-04-24,44.509998,44.759998,44.139999,44.740002,43.637241,3494200
2020-04-27,44.919998,45.410000,44.880001,45.330002,44.212692,3679600
2020-04-28,46.209999,46.230000,45.549999,45.549999,44.427273,4794500
2020-04-29,46.580002,47.080002,46.509998,46.930000,45.773262,4234900
2020-04-30,46.310001,46.500000,45.830002,46.070000,44.934456,5592200
2020-05-01,45.430000,45.599998,44.959999,45.110001,43.998119,4479700
2020-05-04,44.790001,45.090000,44.570000,45.090000,43.978611,4769100
2020-05-05,45.209999,45.410000,44.889999,44.930000,43.822552,6153400
2020-05-06,45.290001,45.330002,44.639999,44.639999,43.539700,5120100
2020-05-07,45.320000,45.639999,45.139999,45.419998,44.300472,4129700
2020-05-08,45.939999,46.209999,45.900002,46.189999,45.051495,3816600
2020-05-11,45.669998,46.060001,45.580002,45.939999,44.807659,2658300
2020-05-12,46.139999,46.200001,45.360001,45.360001,44.241955,5095800
2020-05-13,45.480000,45.509998,44.540001,44.790001,43.686005,7634400
2020-05-14,43.689999,44.439999,43.389999,44.389999,43.295868,7469900
2020-05-15,44.279999,44.610001,44.099998,44.470001,43.373894,3811400
2020-05-18,45.680000,46.619999,45.669998,46.480000,45.334347,4858000
2020-05-19,46.180000,46.389999,45.790001,45.790001,44.661358,5113900
2020-05-20,46.730000,47.060001,46.580002,46.860001,45.704987,4976100
2020-05-21,46.880001,47.009998,46.310001,46.439999,45.295334,5407200
2020-05-22,46.209999,46.419998,46.020000,46.380001,45.236813,3351200
2020-05-26,47.730000,47.919998,47.580002,47.630001,46.456005,4610300
2020-05-27,48.180000,48.270000,47.660000,48.209999,47.021709,4173900
2020-05-28,48.779999,49.259998,48.669998,48.709999,47.509380,3821100
2020-05-29,48.830002,48.900002,48.250000,48.759998,47.558151,6915800
2020-06-01,49.110001,49.860001,49.040001,49.860001,48.631039,4142700
2020-06-02,50.169998,50.419998,50.060001,50.410000,49.167480,5342700
2020-06-03,51.169998,52.009998,51.119999,51.810001,50.532978,7445900
2020-06-04,51.529999,52.060001,51.459999,51.799999,50.523220,6703100
2020-06-05,52.900002,53.160000,52.570000,52.730000,51.430294,8209100
2020-06-08,52.990002,53.369999,52.669998,53.369999,52.054520,5874700
2020-06-09,52.209999,52.650002,52.119999,52.419998,51.127937,7305700
2020-06-10,52.570000,52.759998,52.029999,52.189999,50.903606,4709500
2020-06-11,50.759998,50.919998,49.029999,49.130001,47.919037,7460400
2020-06-12,50.610001,50.730000,49.250000,50.060001,48.826111,6207700
2020-06-15,49.250000,50.660000,49.099998,50.540001,49.294281,5123800
2020-06-16,51.470001,51.599998,50.480000,51.090000,49.830723,6627000
2020-06-17,51.500000,51.570000,51.080002,51.250000,49.986778,3236100
2020-06-18,50.790001,51.099998,50.680000,50.880001,49.625896,3425100
2020-06-19,51.500000,51.599998,50.500000,50.610001,49.362549,3475100
2020-06-22,50.660000,51.040001,50.459999,50.980000,50.066708,3313100
2020-06-23,51.619999,51.709999,51.230000,51.290001,50.371159,7336600
2020-06-24,50.650002,50.740002,49.709999,49.849998,48.956955,4546700
2020-06-25,49.919998,50.689999,49.630001,50.630001,49.722977,3866300
2020-06-26,50.540001,50.540001,49.700001,49.779999,48.888203,4888600
2020-06-29,50.200001,50.450001,49.910000,50.349998,49.447998,3753000
2020-06-30,49.970001,50.560001,49.830002,50.330002,49.428356,5765000
2020-07-01,50.369999,50.820000,50.310001,50.709999,49.801548,5077800
2020-07-02,51.360001,51.610001,51.090000,51.189999,50.272945,2989800
2020-07-06,52.000000,52.189999,51.820000,52.099998,51.166645,3712700
2020-07-07,51.680000,51.830002,51.279999,51.299999,50.380978,2276200
2020-07-08,51.470001,51.959999,51.380001,51.959999,51.029152,3924900
2020-07-09,51.889999,51.900002,50.840000,51.209999,50.292583,5108200
2020-07-10,51.380001,51.730000,51.200001,51.700001,50.773811,4658100
2020-07-13,52.080002,52.400002,51.290001,51.400002,50.479191,4157600
2020-07-14,51.540001,52.360001,51.480000,52.259998,51.323772,4580000
2020-07-15,53.049999,53.220001,52.660000,52.880001,51.932671,5095800
2020-07-16,52.689999,52.919998,52.570000,52.709999,51.765717,5308200
2020-07-17,52.849998,53.070000,52.709999,53.029999,52.079983,2621400
2020-07-20,53.220001,53.490002,53.009998,53.459999,52.502281,2509700
2020-07-21,53.740002,53.889999,53.500000,53.590000,52.629951,4037800
2020-07-22,53.689999,53.959999,53.639999,53.919998,52.954037,2109300
2020-07-23,53.750000,53.930000,53.279999,53.410000,52.453178,5786700
2020-07-24,53.009998,53.189999,52.880001,53.020000,52.070164,3806400
2020-07-27,53.419998,53.730000,53.340000,53.619999,52.659412,3893100
2020-07-28,53.400002,53.689999,53.290001,53.349998,52.394249,4612300
2020-07-29,53.730000,54.130001,53.599998,54.049999,53.081711,3020300
